day,1995,1996,1997,1998,1999,2000,2001,2002,2003,2004,2005,2006,2007,2008,2009,2010,2011,2012,2013,2014,2015,2016,2017,2018,2019,2020,2021
1,,,,5.7125,,5.5417,4.7000,5.6600,6.4875,4.3542,5.6042,5.2458,,,,,,,,,,,,,,,
2,,,,5.4958,,5.4417,4.6917,5.7167,6.4042,4.1750,5.3583,5.1417,,,,,,,,,,,,,,,
3,,,,5.2250,,5.2750,4.6583,5.7000,6.4000,3.8833,5.2333,5.1250,,,,,,,,,,,,,,,
4,,,,5.0750,,5.2000,4.7083,5.7667,6.4000,3.3250,4.9500,4.9042,,,,,,,,,,,,,,,
5,,,,5.0083,,5.1833,4.6042,5.9417,6.3083,3.0750,4.7708,4.7083,,,,,,,,,,,,,,,
6,,,,4.8792,,5.1000,4.6917,6.0500,6.2000,2.5750,4.4167,4.6542,,,,,,,,,,,,,,,
7,,,,4.7042,,5.1750,4.7000,6.1542,6.0250,1.9625,4.1458,4.7125,,,,,,,,,,,,,,,
8,,,,4.6458,,5.1737,4.6750,6.2167,5.9667,1.5167,3.9667,4.7417,,,,,,,,,,,,,,,
9,,,,4.4750,,5.0500,4.5625,6.3375,5.8167,1.6958,3.8250,4.7167,,,,,,,,,,,,,,,
10,,,,4.3000,,5.0000,4.4000,6.4000,5.5500,1.7417,3.6667,4.8000,,,,,,,,,,,,,,,
11,,,,3.7292,,4.9583,4.1375,6.4000,5.3167,1.8625,3.6292,5.1208,,,,,,,,,,,,,,,
12,,,,3.3667,,4.8208,3.9958,6.4375,5.1875,2.0083,3.5167,5.0917,,,,,,,,,,,,,,,
13,,,,3.0500,,4.6792,4.0000,6.3458,5.1500,2.1750,3.4375,5.3292,,,,,,,,,,,,,,,
14,,,,2.6875,,4.5833,3.9792,6.1667,5.2000,2.3000,3.0750,5.3833,,,,,,,,,,,,,,,
15,,,,2.5292,,4.5083,3.9750,5.8417,5.1792,2.4792,2.8100,5.1833,,,,,,,,,,,,,,,
16,,,,2.5708,,4.5542,3.9250,5.7125,5.1375,2.6500,2.7600,5.1000,,,,,,,,,,,,,,,
17,,,,2.9542,,4.5250,3.9000,5.5375,5.2000,2.7542,2.4833,4.9750,,,,,,,,,,,,,,,
18,,,,3.2417,,4.3042,3.8125,5.3083,5.2000,2.8583,2.3000,4.8182,,,,,,,,,,,,,,,
19,,,,3.3583,,4.1000,3.7042,5.1875,5.1958,2.9167,2.1667,4.7458,,,,,,,,,,,,,,,
20,,,,3.3875,,3.9833,3.4792,5.1000,5.1042,3.0208,2.3625,4.6625,,,,,,,,,,,,,,,
21,,,,3.4875,,3.7792,3.3583,5.0500,5.0083,3.1500,2.6417,4.6000,,,,,,,,,,,,,,,
22,,,,3.5667,,3.6167,3.2708,4.9125,4.9208,3.2833,3.0125,4.5250,,,,,,,,,,,,,,,
23,,,,3.5792,,3.5125,3.2000,4.8958,4.8500,3.4542,3.2417,4.5458,,,,,,,,,,,,,,,
24,,,,3.4875,,3.5000,3.2250,4.8375,4.8042,3.5625,3.3792,4.3875,,,,,,,,,,,,,,,
25,,,,3.4375,,3.5000,3.2625,4.6750,4.8167,3.6625,3.3375,4.1167,,,,,,,,,,,,,,,
26,,,,3.5250,,3.4500,3.2708,4.5083,4.8333,3.6958,3.3333,3.9375,,,,,,,,,,,,,,,
27,,,,3.6833,,3.4542,3.1625,4.4125,4.8583,3.7000,3.4667,3.8250,,,,,,,,,,,,,,,
28,,,,3.8500,,3.5000,3.0250,4.4875,5.0125,3.7042,3.5292,3.7542,,,,,,,,,,,,,,,
29,,,,3.9000,,3.4917,3.0042,4.5625,5.2208,3.7450,3.5875,3.7250,,,,,,,,,,,,,,,
30,,,,,,3.3375,2.9458,4.3417,5.4083,3.8350,3.7333,3.9500,,,,,,,,,,,,,,,
31,,,,,,3.3000,3.0208,4.1000,5.5333,3.8458,3.7792,4.0958,,,,,,,,,,,,,,,
32,,,,,,3.3583,3.0292,4.0625,5.4500,3.9625,3.9500,4.1583,,,,,,,,,,,,,,,
33,,,,,,3.5417,3.1125,4.0458,5.4333,3.9875,4.1167,4.2875,,,,,,,,,,,,,,,
34,,,,,,3.7625,3.2000,4.1333,5.4625,3.7542,4.1958,4.2375,,,,,,,,,,,,,,,
35,,,,,,3.8500,3.3500,4.1042,5.5125,3.5792,4.1375,4.3667,,,,,,,,,,,,,,,
36,,,,,,3.9083,3.4417,4.0833,5.4667,3.4250,4.0833,4.4417,,,,,,,,,,,,,,,
37,,,,,,3.9333,3.4917,3.9750,5.2708,3.2042,4.1917,4.3458,,,,,,,,,,,,,,,
38,,,,,,3.9375,3.4917,3.8542,5.1708,3.1250,4.2458,4.1458,,,,,,,,,,,,,,,
39,,,,,,3.9417,3.5000,3.7917,5.1250,3.0792,4.1125,4.1083,,,,,,,,,,,,,,,
40,,,,,,4.0708,3.3458,3.7875,5.0500,3.0042,4.0750,4.1000,,,,,,,,,,,,,,,
41,,,3.2000,4.2000,,4.2000,3.0417,3.8917,4.8435,2.9542,3.9958,3.9958,,,,,,,,,,,,,,,
42,,,2.7667,4.2667,,4.2042,2.9167,4.0583,4.7958,3.1042,3.9167,3.8542,,,,,,,,,,,,,,,
43,,,2.3458,4.2750,,4.0167,2.7792,4.0750,4.8208,3.1083,3.8958,3.8542,,,,,,,,,,,,,,,
44,,,2.4200,4.2174,,3.8500,2.7792,3.9042,4.8250,3.1000,3.9208,3.8292,,,,,,,,,,,,,,,
45,,,,4.2750,,3.9000,2.8292,3.9500,4.8458,3.0917,3.8875,3.7750,,,,,,,,,,,,,,,
46,,,,4.2125,,3.9208,2.9542,3.9000,4.9000,3.1417,5.1833,3.6667,,,,,,,,,,,,,,,
47,,,,4.3542,,3.9250,2.9542,3.8375,4.8958,3.1833,3.8125,3.5958,,,,,,,,,,,,,,,
48,,,3.6955,4.3292,,3.9208,2.9000,3.7917,4.9375,3.1417,3.7125,3.2958,,,,,,,,,,,,,,,
49,,,3.7958,4.3542,,3.9625,3.0458,3.8625,5.1208,3.1667,3.4792,3.1167,,,,,,,,,,,,,,,
50,,,3.9458,4.3455,,3.9500,3.0375,4.0083,5.3333,3.3125,3.3292,2.7792,,,,,,,,,,,,,,,
51,,,4.0042,4.2667,,3.9042,2.9792,4.1042,5.4208,3.4583,3.2875,2.2542,,,,,,,,,,,,,,,
52,,,4.0625,4.3125,,3.8667,2.8292,4.2500,5.4875,3.5042,3.2042,2.4208,,,,,,,,,,,,,,,
53,,,4.0750,4.3583,,3.8917,2.9750,4.4458,5.5708,3.6958,3.2292,2.8208,,,,,,,,,,,,,,,
54,,,4.0125,4.4750,,3.9542,3.2125,4.5208,5.5708,3.8083,3.3375,3.1333,,,,,,,,,,,,,,,
55,,,4.0875,4.6500,,3.9708,3.5042,4.4583,5.5417,3.7375,3.4875,3.4833,,,,,,,,,,,,,,,
56,,,4.1364,4.6208,,4.1000,3.5125,4.3625,5.7792,3.7542,3.5583,3.6625,,,,,,,,,,,,,,,
57,,,4.0875,4.5417,,4.0917,3.6042,4.6250,5.7208,3.8500,3.6542,3.8292,,,,,,,,,,,,,,,
58,,,4.1583,4.4125,,4.1083,3.6792,4.8292,5.5167,4.0167,3.6333,3.8000,,,,,,,,,,,,,,,
59,,,4.1522,4.3333,,4.1625,3.7833,4.4958,5.1792,4.1833,3.8292,3.6542,,,,,,,,,,,,,,,
60,,,,4.3792,4.8667,4.3375,3.7667,4.2125,4.8667,4.3417,3.9958,3.7417,,,,,,,,,,,,,,,
61,,,,4.4708,4.9333,4.5375,3.7833,4.2917,4.9500,4.3542,4.0375,4.0333,,,,,,,,,,,,,,,
62,,,,4.4917,5.0875,4.7708,3.7750,4.2333,5.0583,4.4417,4.2333,4.1833,,,,,,4.1273,,,,,,,,,
63,,,,4.6625,4.9375,4.8208,3.8125,4.2542,5.2792,4.5375,4.4667,4.2042,,,,,,4.1375,,,,,,,,,
64,,,,4.7792,4.7250,4.9417,3.9125,4.4208,5.3458,4.4417,4.7000,4.3042,,,,,,4.2667,,,,,,,,7.5600,
65,,,4.3000,4.8000,4.5000,4.9542,4.1208,4.3083,5.4375,4.4125,5.1500,4.3458,,,,,,4.4333,,,,,,,,,
66,,,4.3000,4.7625,4.6417,5.0625,4.4125,4.3708,5.5000,4.3083,5.3042,4.4958,,,,,,4.5292,,,,,,,,,
67,,,4.3792,5.0083,4.5913,5.1348,4.4125,4.4833,5.6042,4.4292,5.0875,4.4958,,,,,,4.6792,,,,,,,,,
68,,,4.7167,5.1958,4.5792,5.0792,4.3667,4.5000,5.6250,4.7792,5.5875,4.3042,,,,,,4.8958,,,,,,,,,
69,,,5.0125,5.3500,4.6292,5.1042,4.7125,4.4250,5.7083,5.0292,5.8583,4.4083,,,,,3.7273,4.8792,,4.8571,,,,,,,
70,,,5.2875,5.5708,4.7167,5.1000,4.8917,4.3792,5.7438,5.2542,6.3917,4.2292,,,,5.9500,3.8667,4.8000,,4.9875,,,,,,,
71,,,5.5250,5.9583,4.7792,5.2458,5.0000,4.4542,5.9458,5.5167,6.6042,4.1708,,,,5.9667,4.0042,4.7391,,4.9792,,,,,,,
72,,,5.4458,6.2208,4.8542,5.3792,4.9583,4.5125,6.3875,5.6125,6.3042,4.3583,,,,5.8083,4.0130,4.7542,,5.0167,,,,,,,
73,,,5.1375,6.0917,4.9583,5.6667,5.0167,4.5708,6.6708,5.8375,6.7792,4.5292,,,,5.8174,4.1167,4.9958,,5.1250,,,5.0000,,,,
74,,,4.8625,6.1917,5.0625,5.7250,5.4250,4.8875,,5.9042,6.6375,4.7875,,,,5.9125,4.1333,5.0417,,5.0917,,,4.8808,,,,
75,,,4.9292,6.5333,5.1792,5.8500,5.7000,5.0333,,5.7792,6.2958,4.9125,,,,5.7500,4.0833,4.9958,,5.1958,,,4.9913,,,,
76,,,5.0750,6.7167,5.3000,6.0217,5.9125,4.9458,7.0250,5.9292,6.3125,5.0250,,,,5.9917,4.2667,5.0542,,5.2292,,,5.5629,,,,
77,,,5.2250,7.3583,,5.9000,6.0750,4.7250,7.0917,6.1125,6.3625,5.2042,,,,6.1417,4.2958,5.0917,,5.5292,,,5.6167,,,,
78,,,5.6292,7.1083,5.3833,5.8500,3.9913,4.7167,7.2333,6.3333,6.4542,5.2500,,,,6.6375,4.4458,5.2583,,5.5083,,,5.5038,,,,
79,,,5.5917,7.0500,5.5583,5.7125,3.8708,4.5792,6.9625,6.4667,6.2917,5.5125,,,,6.8958,4.6333,5.2583,,5.3739,,,5.6300,,,,
80,,,5.7333,6.9583,5.7167,5.8542,6.6333,4.3368,7.1875,6.9917,6.3417,5.6667,,,,6.9083,4.8083,5.2375,,5.3083,,,5.5379,6.2200,,,
81,,,6.0125,6.9833,6.0958,6.3042,6.8542,4.5786,7.1833,7.5583,6.3500,5.8042,,,,6.7667,4.9042,5.1458,,5.1000,,,5.2658,6.1700,,,
82,,,6.0792,7.1750,6.4500,6.3500,7.0042,4.6667,7.0417,8.0875,6.1875,6.1250,,,5.4077,6.7208,5.0292,5.1250,,5.2583,7.3313,6.7707,5.3083,6.0000,,,
83,,,6.2292,7.3500,6.4208,6.2917,7.1000,4.6500,7.5208,7.5125,6.2208,6.1042,,,5.6292,7.0750,4.9583,5.0625,,5.2083,7.3917,6.8683,5.5229,5.9400,,,
84,10.5750,,6.5250,7.7750,6.5375,6.4625,6.8958,4.5765,7.6875,7.2750,6.2375,6.2417,,,5.6292,7.1125,5.0417,4.9542,,5.2625,7.2875,7.0233,5.7992,6.1700,,,
85,10.1588,,6.6000,7.5333,6.5292,6.5250,6.7833,4.7375,7.4000,7.6500,6.2250,6.1833,5.8348,5.4667,5.7917,7.1375,5.1750,5.2500,6.4063,5.2833,7.2000,7.2058,6.0979,6.0600,6.1545,,
86,10.2050,,6.3000,7.5083,6.5375,6.7542,6.9125,4.8417,7.2583,7.6667,5.9667,6.2458,5.8458,5.7125,5.9458,7.3417,5.3083,5.4375,6.7042,5.3625,7.5917,7.5988,6.4438,6.1700,6.4333,6.8143,
87,9.8667,,6.0375,7.2583,6.3750,7.1000,7.0208,5.1958,7.4417,7.7750,5.9417,6.4833,5.7542,5.5583,5.7667,7.4875,5.3625,5.5833,6.8250,5.4833,7.7667,7.8367,6.5475,6.2200,6.3000,6.7375,
88,10.4042,,6.2833,7.3708,6.3167,7.0250,7.1583,5.5208,7.7083,7.8708,6.1708,6.5083,6.1292,5.5125,5.5583,7.6583,5.4667,5.7583,7.1750,5.6708,7.9083,7.7846,6.6413,6.4400,6.6625,6.6917,
89,11.1667,,6.2667,7.1875,6.3375,7.1333,7.7875,6.1792,7.8250,8.1625,6.3250,6.6833,6.3833,5.3750,5.6042,7.6435,5.6750,5.6500,7.5875,5.7083,8.5083,7.8629,6.5704,6.7200,6.6417,6.7792,
90,11.0708,,6.2500,7.2083,6.3292,7.6583,7.8273,6.7042,7.8292,8.1583,6.6333,7.0583,6.4083,5.2583,5.5667,7.4958,6.2625,5.8583,7.6917,5.9708,8.5042,7.9813,6.8136,7.0000,6.9667,6.9958,
91,,,6.2333,7.5208,6.4250,7.7542,7.2292,6.5500,7.7583,8.1708,6.7917,7.3875,6.4417,5.1500,5.6333,7.4708,6.8542,5.8375,7.6458,6.2833,8.3833,8.2058,7.2375,6.8900,7.3667,7.1500,
92,,6.1462,6.5125,7.5958,6.8333,7.8958,7.1333,6.8458,7.9667,8.5125,6.7083,7.3783,6.4208,5.2375,5.7958,7.5500,7.0250,5.6833,7.7083,6.2542,8.4667,8.3804,7.4042,6.6700,7.6000,7.3292,
93,,6.2417,6.6125,7.5708,6.8875,8.5583,7.2000,7.5333,8.0417,8.8667,6.9156,7.3292,6.4875,5.5292,5.8042,7.4333,7.1375,5.6625,8.0625,6.5250,8.5167,8.6279,7.5417,6.5000,7.7667,7.4292,
94,,6.3667,6.7333,7.4958,6.9625,8.8208,7.3708,8.1625,8.0458,8.8667,6.9375,7.1417,6.9000,5.6458,5.9250,7.3833,7.1000,5.7375,8.4739,6.8833,8.6583,8.8863,7.5083,6.4400,7.9750,7.4375,
95,,6.9250,6.8917,7.7375,7.0435,8.5583,7.6500,7.8625,8.0591,8.7652,7.1061,7.0333,6.5958,5.8083,6.0667,7.4875,6.8292,6.1500,8.5917,6.9292,8.6000,9.1075,7.7000,6.7200,8.4250,7.5333,
96,,7.2042,7.2500,7.9208,7.1083,8.6292,7.3125,7.6045,7.9458,9.2208,7.6125,6.8500,6.8583,5.7750,6.2792,7.5750,6.8708,6.3000,8.6083,7.2167,8.4292,9.5000,7.6333,6.8300,8.5625,7.5875,
97,,7.4750,7.2478,8.1875,7.3792,8.6542,7.2583,7.7375,8.2792,8.8000,7.6458,6.9375,7.0500,6.1125,6.9292,7.5375,6.7375,6.7458,8.4250,7.4292,8.3500,9.7746,7.3900,7.2200,8.4625,7.6667,
98,7.9467,7.7125,7.4167,8.6458,7.2583,8.7083,7.1375,8.3708,8.6833,9.0125,7.6167,7.3083,7.2542,6.3042,7.2333,7.6833,6.6708,6.6875,8.5375,7.8208,8.3333,9.8675,7.6100,7.1700,8.4667,7.8500,
99,7.9208,8.5583,7.7208,9.3917,7.1917,8.7125,7.3792,8.8000,8.9708,9.3125,7.9333,7.6167,7.5250,6.3000,7.5167,7.7375,6.9750,6.8333,8.6667,8.1000,8.7542,9.9208,7.2200,7.5000,8.5458,8.4500,
100,8.1875,8.3792,7.7333,9.3458,7.3625,8.5917,7.5542,8.5875,9.3375,10.5667,8.0958,7.7167,7.7957,6.3500,7.9083,7.8208,6.9625,7.2750,8.5583,8.4208,8.8542,9.9983,7.7800,7.9400,8.4208,8.6792,
101,9.2208,8.2583,7.7792,9.0583,7.6250,9.4833,7.6792,8.8625,9.1542,10.5667,8.5000,7.6375,8.0609,6.5208,8.1458,8.0625,7.0042,7.3833,8.4375,8.5583,9.0083,10.3083,7.8900,8.1700,8.8125,8.9208,
102,9.1625,8.7833,7.9667,9.0042,7.5417,9.6667,7.6458,8.9417,9.8167,10.6833,8.5708,7.8292,8.0333,6.6583,8.0375,8.2750,7.2750,7.3083,8.3875,8.4417,8.9083,10.4908,7.7800,8.0000,9.2000,8.9833,
103,8.7042,8.9333,7.7083,9.2826,7.6875,9.5917,7.7583,9.2000,9.6333,10.9208,8.7042,8.0417,8.0792,7.2417,7.9708,8.2167,7.3375,7.2667,8.3000,8.7333,8.9208,10.6300,8.0600,8.2200,9.4750,9.2875,8.4818
104,8.4083,8.7958,7.8250,9.4750,8.1083,9.5583,8.1375,9.2375,9.4917,10.9708,8.9000,8.1833,8.3875,7.5792,7.7500,8.4667,7.3500,7.5292,8.2375,8.8875,8.8833,10.7479,8.1100,8.4400,9.0833,9.5667,8.4000
105,8.7167,8.9042,8.4542,9.6125,8.5167,9.5167,8.4375,9.2042,9.4958,10.6750,8.8458,7.8958,8.3833,7.8833,7.5417,8.6458,7.2042,7.7625,8.2333,8.9417,8.9208,10.8688,8.1100,8.4400,8.9250,9.9167,8.7042
106,8.9375,9.1875,8.5167,9.2708,8.7292,9.6625,8.4125,9.1083,9.7417,10.5833,8.8542,7.8542,8.3417,7.9750,7.6375,9.0375,7.3042,8.0667,8.0917,8.8042,9.2667,10.6700,8.2200,8.7800,8.6000,9.7625,9.1625
107,8.8750,9.4208,8.6167,9.8000,9.2000,9.7042,8.4875,8.8542,9.6208,10.6792,8.6792,8.0375,8.2375,8.0250,7.9417,9.2208,7.3917,8.2500,8.0750,8.9167,9.2708,10.5483,8.4400,8.4400,8.7167,9.9958,9.1500
108,8.6458,9.4083,8.9083,10.4292,9.6750,9.8250,9.0875,8.6917,9.2000,10.5625,8.6375,8.1583,8.3792,8.2417,7.9542,9.5167,7.6875,8.3292,8.1542,8.7583,9.8833,10.6075,8.7200,8.6100,8.9208,9.9917,9.6250
109,8.7833,9.0375,9.1125,9.7542,9.3542,10.0000,9.8542,8.7083,9.5667,10.5500,8.9583,8.3792,8.4792,8.2750,8.2250,10.4000,7.9000,8.3333,8.4542,8.6292,10.1125,10.7783,9.0000,8.9400,9.2667,10.1875,9.7458
110,8.8542,9.0167,9.1000,10.7667,9.4292,9.9458,10.5625,8.6708,9.5625,11.1083,9.2167,8.4875,8.5458,8.1750,8.3500,10.1542,8.1042,8.5458,8.5958,8.7750,10.3167,10.9279,9.0000,9.2800,9.7708,10.0917,10.2625
111,9.1875,9.0417,9.3667,10.7167,9.2667,10.0792,9.9667,8.6917,9.4130,10.8500,9.6000,8.5417,8.7750,8.2375,8.5875,10.4292,8.0833,8.7625,8.8417,8.7000,10.5875,10.9829,9.2800,9.3300,10.0750,10.1958,10.4292
112,10.0182,8.9250,9.4917,11.2708,9.5667,10.3708,9.4958,8.6583,9.6542,10.6417,9.8583,8.7167,8.7708,8.3875,9.0083,10.5167,8.1750,9.0833,9.1875,8.7333,10.6208,10.8133,9.5600,9.7800,10.5042,10.3375,10.5167
113,10.7625,8.9583,9.1292,10.9708,9.8250,10.2833,9.7708,8.6042,9.8333,10.8958,10.0542,8.7625,8.9750,8.5875,9.0958,10.6958,8.3583,9.3625,9.4250,8.7250,10.9375,10.9004,9.5000,9.6100,10.8750,10.6833,10.4625
114,10.8250,8.9875,9.1542,10.8875,10.2167,10.1458,10.0625,8.8917,9.7333,10.8167,10.1958,8.9042,9.0167,8.4083,9.0667,10.7667,8.5750,9.5958,9.3750,8.8875,10.8625,10.8646,9.6700,9.8300,11.0250,10.7875,10.4708
115,10.6158,9.0500,9.2625,10.7542,10.2167,9.9500,11.8208,8.6625,10.0208,10.9875,10.2458,9.3083,9.5000,8.5750,8.7458,10.7958,8.6958,9.9958,9.5792,8.9292,10.7792,10.9354,9.7200,10.2200,11.0458,10.9958,10.4500
116,11.6708,9.6042,9.2708,11.1458,10.1042,9.8167,11.1833,8.6500,9.6708,11.4458,10.5292,9.6333,9.8750,8.6375,8.7042,10.8792,8.6500,10.2083,9.7167,9.1792,10.7458,11.0479,9.7200,10.4400,10.9083,11.1167,10.4917
117,10.9792,9.5708,9.2083,11.9958,10.1625,9.8190,11.3208,8.8292,9.7292,11.6167,10.9458,9.8750,9.9667,8.8250,9.0125,10.7750,8.5583,10.2083,10.0125,9.1792,11.1500,11.1646,9.7800,10.6100,10.8458,11.0750,10.4292
118,10.5583,9.2625,9.3667,12.1542,10.1792,9.8667,10.9083,8.9417,9.8583,11.3500,11.0250,10.3250,10.2042,8.9417,8.9208,10.8792,8.6167,10.1958,10.1083,9.3125,11.2958,11.3763,10.0600,10.5600,10.6250,11.3000,10.6750
119,10.4958,9.7526,9.2625,12.3125,9.9875,10.0333,11.2958,9.5000,10.2792,11.2875,11.3833,10.7583,10.5375,8.9958,8.8750,10.4917,8.5750,10.4625,10.1792,9.6250,11.4417,11.3325,10.2200,11.0000,10.4167,11.2750,10.8833
120,10.9000,9.7250,9.2417,12.2870,10.1875,10.3708,11.4292,9.7826,10.4208,12.0542,11.0375,10.8875,10.6042,9.3208,8.5125,10.1917,8.6333,10.8708,10.2667,10.0083,11.8125,11.3479,10.1100,11.0600,10.4250,11.6625,11.1875
121,10.8125,10.0333,9.3750,12.6375,10.3125,10.6083,11.2542,10.0458,10.9083,11.9208,11.5292,10.7958,10.8250,9.4125,8.8625,10.3292,8.9000,10.8000,10.4333,10.3875,12.1000,11.4425,10.3300,11.3900,10.2042,11.4375,11.3750
122,10.8208,9.9292,9.5792,12.4375,10.2583,11.0292,11.3958,9.8542,10.8792,12.2750,11.5458,10.7333,10.8500,9.4625,8.9458,10.3417,9.2042,10.5261,10.5375,10.6000,12.3875,11.7608,10.6100,11.5600,10.2208,11.2667,11.4875
123,10.7250,9.9333,9.6083,12.6042,10.1500,11.0000,11.9458,9.8208,10.9500,12.2708,11.7417,10.6667,10.7375,9.6750,9.1083,10.5458,9.1792,10.1917,10.5542,10.9125,12.8542,12.0700,11.1100,11.3300,10.2708,11.7167,11.7500
124,10.7792,9.8833,9.7250,13.5875,9.9208,11.1792,11.7750,10.2333,10.9458,12.5000,11.9958,10.8042,10.5042,9.4875,9.2542,10.5542,9.1792,9.9875,10.8625,11.1333,12.6500,12.1342,11.1100,11.6100,10.4917,11.8625,11.9750
125,10.4542,10.2125,9.8958,13.3542,10.3042,11.1625,11.1167,10.0875,10.7917,12.8042,12.2500,11.0750,10.6125,9.6708,9.2583,10.7375,9.4958,9.8167,11.1667,11.3292,12.5542,12.5250,11.0600,11.4400,10.7417,11.7208,12.3417
126,10.6958,10.2042,10.0875,13.2083,10.2625,11.1875,12.1667,10.0917,10.9083,12.7375,12.1750,11.4625,10.6250,9.9208,9.6375,10.7458,9.7917,9.7583,11.8958,11.1875,12.4792,12.6804,10.9400,11.2200,11.1083,11.7333,12.1167
127,10.8708,10.5042,10.4417,13.1500,10.2583,11.3167,12.8917,9.9333,10.7917,13.0833,12.0333,11.4000,10.8958,10.1667,9.9667,10.6625,9.8958,9.9458,12.1083,11.2417,12.6167,12.9196,11.2800,11.5600,11.3708,11.7000,11.9917
128,11.5292,10.5167,10.5125,12.9417,10.2500,11.6958,13.0833,10.3417,11.1125,12.8292,12.0750,11.2083,11.3500,10.5458,10.1042,10.4417,10.1708,10.3708,12.3458,11.4542,12.8625,13.1767,11.4400,11.6100,11.5875,11.6833,11.6250
129,12.3750,10.6167,10.7708,12.8333,10.2250,11.9333,12.6000,10.2625,11.1458,12.7542,12.4708,11.2458,11.8750,10.8167,10.5792,10.7875,10.4333,10.5208,12.6292,11.5000,13.3875,13.4933,11.7800,11.5850,11.8333,11.6000,11.6875
130,12.2708,10.6542,11.1458,12.5792,10.5792,11.9958,13.0875,10.4042,11.3708,12.7167,12.5250,11.4417,11.8958,11.0792,10.9167,10.8000,10.1792,10.9417,12.7833,11.4333,13.3375,13.5096,12.1700,11.5600,11.9750,11.7375,11.8625
131,12.1958,10.7833,11.4375,12.4875,10.4833,11.8583,14.5750,11.1167,11.3083,13.1292,12.4000,11.3400,12.2000,11.1000,11.0500,11.0000,10.5083,11.1063,13.1542,11.6167,13.2875,13.5492,11.9400,11.9400,12.1667,11.9125,12.1542
132,12.0750,11.0958,11.7000,12.6958,10.6625,11.4292,13.5917,11.6167,11.7083,12.9500,12.3792,11.5208,12.3417,11.0750,10.9708,11.1583,11.2250,11.1875,13.2083,11.8833,13.2958,13.5075,11.2800,11.9400,12.4083,11.8375,12.4083
133,12.6083,11.2292,11.8625,12.3958,10.7000,11.5750,13.3917,11.4458,12.1542,12.7917,12.5833,11.7375,12.4542,10.9167,10.9583,11.2542,11.2417,11.4833,13.2708,12.1750,13.3583,13.7779,11.1100,12.1100,12.8375,11.7833,12.6500
134,13.1000,11.1667,12.0083,12.0583,10.9500,11.6625,13.7375,11.3957,12.0125,12.4042,13.0083,12.2167,12.4708,10.9708,10.9708,11.4625,11.3375,11.8125,13.0042,12.3375,13.3042,14.4358,11.1100,12.2800,13.3292,11.7542,12.4542
135,13.9708,11.4833,12.2542,11.9792,10.9833,12.1333,13.6917,11.8667,11.8625,13.2708,13.1625,12.5833,12.4292,10.9792,11.0250,11.6708,11.5833,12.3500,12.9000,12.6917,13.0875,14.4721,11.3300,12.4400,13.1542,11.9000,12.5125
136,13.2792,11.7417,12.5125,11.9500,11.1833,12.8375,13.5833,12.0875,11.8083,13.1292,13.0667,13.0125,12.5417,11.3083,11.5708,11.8083,11.4333,12.5875,12.9750,12.8125,12.8792,14.3367,11.1700,12.5000,12.8417,12.1208,12.7000
137,13.3750,12.2500,12.6292,11.7667,11.5333,12.5875,13.3500,12.2500,11.5833,12.9167,12.8750,13.4542,12.7458,11.8125,11.9125,12.2833,11.2625,12.9250,13.0208,12.7333,13.3042,13.9367,11.2800,12.7200,12.5167,12.1458,12.9750
138,13.4417,12.0917,12.5625,11.6708,11.6130,12.8542,13.4000,12.1417,11.4333,13.3750,12.6125,13.7625,12.8875,12.3333,12.0792,12.4500,11.2667,13.1292,12.8375,12.7292,13.8225,14.0554,11.5000,12.8900,12.4042,12.2833,13.1542
139,14.6292,12.1458,12.3000,12.1875,11.8125,13.1625,13.6500,12.3875,11.8667,12.8542,12.6167,13.8333,13.0583,12.5708,12.4625,12.7083,11.5167,13.2958,12.6292,12.6417,14.2983,14.3650,11.7800,12.9400,12.5625,12.4000,13.2792
140,14.5833,11.9958,12.0458,12.4417,12.3417,13.3792,13.7625,12.5875,11.4708,13.0625,12.6958,14.1542,13.2125,12.6958,12.6000,12.6417,11.6625,13.1292,12.7750,12.7458,14.2933,14.6517,11.8300,13.1700,12.8708,12.3083,13.3000
141,14.9417,12.2292,12.0125,12.4375,12.2083,13.4875,14.4833,12.4417,11.8333,13.6667,12.7208,14.3417,13.0042,12.6583,12.8958,12.6417,11.4458,13.1000,12.8917,12.9000,14.4221,14.4654,12.3300,13.2200,12.8000,12.3625,13.0000
142,14.6042,11.8125,11.9417,12.2875,12.9708,13.6958,15.4958,12.1917,12.2917,13.2750,12.7375,14.2000,12.7042,12.3000,12.7167,12.4375,11.3250,12.8500,12.4917,13.1458,14.5554,14.0229,12.7200,13.3900,12.5083,12.0750,12.9042
143,14.7708,11.5125,11.8292,12.4792,13.4417,13.8500,15.2217,12.6500,12.5417,13.5375,12.9292,13.5667,12.9958,12.0917,12.8417,12.3833,11.2375,12.5417,12.1833,13.4125,14.5746,13.9208,13.1100,13.5600,12.4500,12.0250,12.9042
144,14.9458,11.3875,11.9292,13.2875,13.5125,14.2542,15.1500,13.0875,12.8625,13.4833,13.2542,13.3500,13.2042,12.1417,13.1917,12.4042,11.3375,12.2542,12.4083,13.5542,14.9583,13.9550,13.1100,13.7800,12.7292,12.0083,12.8875
145,15.4000,11.7458,11.9458,13.4167,13.5500,14.2667,15.7708,12.9833,12.7750,13.9833,13.4375,13.1292,13.5167,12.0750,13.5542,12.8917,11.6875,12.2792,12.6500,13.6375,15.5063,14.1613,12.8300,13.9400,12.7542,12.1542,13.1000
146,15.9042,12.1667,12.2500,13.3500,14.2167,14.1583,16.1958,13.0958,13.0042,13.8083,13.5250,12.7458,13.6000,11.8542,13.5042,13.0000,11.9000,12.3208,12.7250,13.5708,15.8329,14.6300,13.1700,13.9400,12.7583,12.6125,13.5458
147,15.8458,12.3500,12.3083,13.2083,14.2000,14.0792,16.1417,13.4542,13.5917,13.9125,13.8000,12.5375,13.6167,12.0417,13.3417,13.0500,12.0250,12.2042,12.7417,13.4250,15.8321,14.9229,13.6100,14.1700,13.1542,12.7458,13.9167
148,16.0708,12.4125,12.4875,12.8708,14.3083,14.2417,15.5208,13.5304,13.1500,14.1250,14.0500,12.3208,13.6083,12.0208,13.6458,13.0208,11.9792,12.2125,12.7167,13.4083,15.8746,14.8350,14.0600,14.5600,13.3833,13.1708,13.8625
149,16.2500,12.4083,12.7333,12.5917,14.2750,14.3667,15.4917,13.5042,13.4208,14.1333,14.0375,12.4917,13.8458,12.0375,13.7833,12.7875,11.7583,12.4208,12.9542,13.3292,16.1871,14.8783,14.1700,14.5600,13.7375,13.2917,13.9125
150,16.6625,12.4500,12.9458,12.8292,14.1875,14.5292,15.8292,13.7542,13.6500,13.8458,14.1917,12.7542,14.1000,12.0625,13.8542,12.7042,11.8333,12.8792,13.0292,13.5000,16.1767,15.1908,14.3300,14.3300,14.2083,13.5417,13.9417
151,16.7792,12.1375,13.1958,12.8875,13.9333,14.5250,16.7667,13.4167,13.9583,13.7292,14.7125,13.2833,14.3042,12.2417,14.0292,12.8833,12.0125,13.1333,13.0542,13.5917,16.3792,15.4563,13.7800,14.3900,14.4250,13.5417,14.1083
152,16.7250,11.9167,13.3875,13.0667,13.5083,14.1042,15.5875,13.1250,13.7458,13.8167,14.8292,13.5625,14.6875,12.8167,14.1917,13.0167,12.1000,13.1417,13.4292,13.8667,16.5217,15.8317,13.6667,14.2200,14.5708,13.5667,14.3625
153,16.3083,12.3458,13.4042,13.5333,13.0583,14.1250,15.5000,13.1917,13.9500,14.1875,14.7833,13.8478,14.9875,13.1250,14.2125,13.1542,11.9833,13.2792,13.8667,14.2375,16.6063,15.7167,13.6500,14.5000,14.7042,13.6042,14.6833
154,16.5958,12.6167,13.3125,13.7500,12.8042,14.2750,15.4583,13.7833,14.6333,14.7208,14.6375,13.9667,15.3000,13.3625,14.3958,13.0875,12.0083,13.5917,14.2167,14.2917,16.3996,15.7208,13.9292,14.7800,15.0042,13.8583,15.0292
155,16.4583,12.8565,13.2083,13.9667,12.8292,14.8250,15.2750,14.1083,14.9000,15.1208,14.7500,14.1292,15.4792,13.2958,14.5917,12.8333,12.3792,14.0583,14.8000,14.5792,16.4942,15.8500,14.0917,15.0600,15.2750,14.2208,15.2042
156,16.4833,12.8667,13.2750,14.5750,13.0167,15.1000,15.2833,14.1333,15.0958,15.2333,14.9792,14.3458,15.5958,13.1208,14.4917,13.2708,12.7583,14.0875,14.9625,14.9083,16.8163,16.3125,13.9458,15.1700,15.5708,14.3125,15.3042
157,16.4208,13.2167,13.3542,15.2042,13.0125,14.9417,15.1708,14.0500,15.0125,15.1083,15.0792,14.6250,15.3708,13.0500,14.5750,13.7500,12.9750,13.7500,15.2292,15.0167,17.2892,16.6583,14.1208,14.9400,15.6875,14.3458,15.2500
158,16.2708,13.4375,13.3625,15.4542,12.9792,15.2917,15.8042,13.7708,15.3375,14.7167,15.0667,14.7708,14.9125,12.8792,14.4917,14.0042,13.1333,13.3208,15.4417,15.1208,17.3579,16.9500,14.2958,15.0600,15.4042,14.2250,14.8917
159,16.3500,13.6292,13.4875,15.9708,12.8667,15.5542,16.7250,13.2708,15.0750,14.7917,15.0333,14.9000,14.7792,12.5958,14.4667,14.0667,13.2625,13.1833,15.7792,15.2167,17.6163,17.2625,14.3167,15.0000,15.0708,14.0042,14.4542
160,16.7833,14.1042,13.6458,15.9125,12.9167,15.5167,16.0375,12.9417,15.2458,14.4833,15.5250,14.9750,14.8625,12.5708,14.6125,13.7625,13.1708,13.2917,16.0042,15.4667,18.0233,17.5792,14.2500,15.2200,15.1833,13.7000,14.5583
161,16.7042,14.0833,13.6292,15.8958,12.9125,15.1000,16.0708,13.0500,15.4000,14.5708,15.7708,15.2042,14.8458,12.8292,14.6583,13.4250,13.4292,13.2500,16.2417,15.7292,18.1829,17.5542,14.3375,14.9400,15.6000,13.8000,14.8375
162,16.3917,13.9708,13.7125,15.8625,13.3000,14.9250,16.1542,13.4958,15.7500,14.6375,15.8625,15.5167,14.6333,12.7375,14.8792,13.4833,13.5208,13.1833,16.2250,15.8250,18.1442,17.4042,14.4292,14.7938,16.2167,13.8958,15.0917
163,16.3667,13.9875,13.7000,16.2417,13.5708,14.8292,15.9333,14.2167,15.7625,14.6000,15.6250,15.5500,14.6667,12.5708,15.2750,13.7583,13.4375,13.2750,15.9417,15.7792,18.1583,17.2583,14.6708,15.2371,16.3833,14.2583,15.4167
164,16.2875,14.0042,13.8292,16.2000,14.4458,14.6958,16.0625,14.3125,15.7083,14.8792,15.7917,15.3042,14.9792,12.6375,15.6125,14.1000,13.3917,13.5875,15.8667,15.6875,18.3954,17.2708,14.6792,15.3500,16.5458,14.6542,15.5125
165,15.7500,14.5167,14.2083,16.2083,14.6458,14.6083,16.0292,14.5167,15.8125,15.0583,15.8458,15.1333,14.9875,13.1042,15.7333,14.3583,13.3667,13.8625,15.8625,15.3542,18.6363,17.2750,14.7708,15.7200,16.6792,14.7667,15.7250
166,15.1208,15.1333,14.5583,16.3458,14.9167,14.9583,15.1708,14.9667,16.0250,15.1792,15.7042,15.1500,15.0792,13.6667,15.5583,14.4458,13.4542,14.1333,16.1375,15.2667,18.9513,17.2750,14.7542,16.2800,16.8083,14.6708,16.0625
167,15.2958,15.0750,14.6333,16.4667,15.2667,15.2167,15.6708,15.1375,17.0583,16.4167,15.7750,15.2875,15.3708,13.9083,15.6542,14.2875,13.3833,14.4652,16.0875,15.1667,18.8279,17.0500,14.7167,16.3900,16.8917,14.5875,16.2667
168,15.6208,15.1042,14.4958,16.5833,15.7208,16.2500,15.7917,15.2500,17.0667,16.3708,15.5458,15.2375,15.3792,14.1167,15.9917,13.9792,13.6042,14.4167,16.3750,15.2792,18.6821,16.8750,14.7042,16.9400,17.0417,14.5708,16.3292
169,16.0091,14.7292,14.2208,16.6542,15.7958,16.7500,15.6625,15.1708,16.6917,16.5792,15.7667,15.3458,15.2917,14.4250,16.3083,14.0667,13.7333,14.7667,16.5708,14.9500,18.7500,17.0458,15.6700,16.4400,17.0583,14.4250,16.4958
170,16.3333,14.4792,14.3583,16.5875,16.0167,16.6667,16.9292,15.0542,16.5375,16.0292,15.8542,15.5500,15.7958,14.5292,16.7042,14.2958,13.7750,14.9542,16.4208,14.9417,18.8096,16.9500,16.1100,17.1100,17.3458,14.6833,16.8833
171,16.4958,14.7750,14.5875,17.3375,16.1333,16.5667,17.0333,15.0417,16.2583,16.7750,16.4333,15.8042,16.2000,14.5292,16.6292,14.5958,13.8917,14.8000,15.8875,15.4375,19.1075,16.8292,16.1100,16.8300,17.3500,15.1417,17.1833
172,16.6708,15.2667,14.5917,17.4917,15.8667,17.0417,17.2750,15.1000,16.0125,17.0167,16.6833,15.7792,16.2875,14.7667,16.5458,14.4167,14.1750,14.7458,15.5000,15.7625,19.3358,16.8417,16.2200,17.4400,17.3125,15.3958,17.4500
173,17.1542,15.1958,14.5292,17.4458,15.8542,17.1542,16.7125,15.6208,15.9667,17.1333,17.1542,15.9125,16.4667,14.9042,16.3667,14.3292,14.4750,14.9083,15.9208,15.9458,19.6008,17.2800,16.6700,17.6100,17.0667,15.4500,17.5958
174,17.8417,15.2417,14.6583,17.5625,16.2417,17.1833,16.7667,15.5708,15.9708,17.7875,17.1375,16.2250,16.5417,15.1208,16.4500,14.7375,14.5375,15.1583,16.1875,15.9583,19.5704,17.3900,16.7800,17.9400,16.7708,15.8333,17.6875
175,18.5500,15.3750,14.8583,17.4417,15.9958,17.3333,16.6792,16.2208,16.2583,17.2958,17.1458,16.4042,16.5333,15.3000,16.3292,15.1333,14.5500,15.2833,16.0917,16.2792,19.6446,17.6700,17.0000,18.6100,16.9333,16.3000,17.9792
176,18.3500,15.3542,15.0348,17.0458,15.6810,17.3542,16.8458,17.0792,17.1292,17.8292,17.1500,16.6625,16.4333,15.6125,16.3667,15.4250,14.4375,15.3417,15.8667,16.6125,19.6192,17.5600,17.2800,18.3300,17.4917,16.5208,18.3083
177,18.4500,15.7833,15.2750,16.3792,15.6000,17.7500,17.3750,17.2583,17.3375,17.7500,17.2042,16.9870,16.7875,15.5542,16.5875,15.6583,14.5333,15.4042,15.7000,16.8292,19.7133,17.4400,17.7200,18.2200,17.7292,16.6708,18.9125
178,18.9083,16.2542,15.2500,16.3182,15.6000,18.0958,17.2125,17.0167,17.4917,17.7750,17.4000,17.2417,16.5458,15.4625,16.9458,15.8167,14.8500,15.1500,15.6100,16.7833,20.0688,17.8300,17.6100,18.2200,17.8708,16.8167,19.2958
179,18.8625,15.9125,,17.3333,,18.3250,16.8583,17.0833,18.1417,18.4083,17.2500,17.5792,16.9375,15.5375,17.0208,15.9333,14.9625,14.8750,16.0400,16.6875,20.2825,19.2800,17.7800,18.2800,17.8458,16.9958,19.3167
180,18.6417,15.8208,15.9938,17.5667,15.9000,18.1542,17.5458,16.9417,18.1667,19.1958,17.2125,17.6375,16.9167,15.7417,17.0958,16.2958,15.1250,14.9125,16.7000,16.5833,20.3571,18.6100,18.3900,18.0600,17.7375,16.8958,19.9667
181,19.0667,16.2917,16.3750,17.9458,15.8417,18.2333,18.3667,16.6042,17.8250,19.5000,17.3208,17.4750,17.0250,16.1083,17.3917,16.4167,15.0750,15.0125,16.8200,16.7333,20.6179,18.5000,18.1700,18.0000,17.7250,16.6042,19.9583
182,19.2583,16.7500,16.4333,17.9042,15.8833,18.1833,17.4542,16.9042,18.0292,19.0500,17.7417,17.5750,17.2292,16.3667,17.4125,16.3125,15.0542,14.9667,17.4958,17.1125,21.0796,18.8900,18.3300,17.9400,18.0042,16.4917,19.8000
183,19.3375,17.3125,16.6417,17.9958,15.6250,17.8667,18.3333,17.1000,17.8917,19.1875,18.0458,18.0250,17.2083,16.6375,17.5375,16.0458,15.1167,14.8917,17.8000,17.3167,21.4483,19.2200,18.5000,17.8900,18.1083,16.4208,19.8208
184,19.1792,17.4833,16.9000,18.2208,15.5583,17.9708,19.0417,16.5917,18.2000,19.1292,18.1333,18.5583,17.6250,16.7500,17.7417,16.0542,15.3167,15.2208,18.0875,17.5500,21.7529,19.2200,18.7200,17.7800,18.4583,16.3292,19.7500
185,19.1417,17.6292,17.0444,18.4042,15.4250,17.8958,19.3375,16.3667,18.1167,19.0958,18.0958,18.7375,17.8083,16.8167,18.0500,16.1125,15.6542,15.5583,18.4208,17.6792,21.5154,19.2200,18.9400,17.9400,18.4625,16.3583,19.8792
186,19.9208,17.6542,17.5174,18.5958,16.1750,17.9958,18.2333,16.4958,18.4417,19.4292,18.2167,19.1667,18.4500,17.0292,18.1500,16.2208,15.8292,15.7792,18.3667,17.7750,21.4642,19.3300,19.0600,17.9400,18.3917,16.6667,20.0792
187,20.2292,17.9750,17.6875,19.0083,16.4583,18.2167,19.1500,16.9375,18.9958,20.1583,18.3208,19.3083,18.8708,17.0875,18.4375,16.7083,15.9875,15.8750,18.4833,17.9708,21.5625,19.5600,19.1100,17.8900,18.4958,16.7583,20.4583
188,20.2625,18.2958,17.8583,19.3292,16.2875,18.1958,19.3083,17.2167,19.4917,20.4417,18.6667,19.4458,18.9375,17.1083,18.8500,17.2625,16.0250,15.9417,18.5833,18.4625,21.7388,19.4400,19.3300,18.2800,18.7708,16.8708,20.4958
189,19.3750,17.8875,18.1875,19.3125,16.9250,18.4208,19.4375,16.9625,18.9125,19.7250,18.9417,19.5167,19.0250,17.4417,18.9125,17.7333,16.0458,16.2125,18.6708,18.6750,21.6721,19.2800,19.6863,19.0000,18.8042,17.0125,20.6542
190,18.9792,19.2273,18.1083,20.1958,17.2208,18.4000,19.7833,17.3391,19.8958,19.7917,19.1292,19.4917,19.2958,17.7708,18.7667,17.7542,16.1958,16.7125,19.1042,18.9208,21.8150,19.3300,19.5600,19.0000,18.8542,17.2250,20.7000
191,19.2750,18.5250,17.5750,20.1708,17.6208,17.9542,20.2375,17.7417,20.5417,19.6167,19.0167,19.4458,19.5792,17.9083,18.8708,18.1042,16.2250,16.8375,19.2750,19.2042,21.8783,19.2800,19.7800,19.1700,19.1000,17.5875,20.7583
192,19.6833,18.9167,17.2333,19.7458,17.8542,18.3167,20.5250,18.8375,19.8792,19.0167,18.8708,19.6958,20.0292,17.9583,18.9292,18.2542,16.3042,16.7917,19.3833,19.4250,22.1129,19.0600,20.0600,19.3900,19.0917,17.8500,20.8083
193,19.8542,19.2708,17.4958,19.8625,18.0917,19.0333,20.5750,18.8458,19.6625,19.2583,19.0417,19.8833,20.0958,18.1333,19.1875,18.4125,16.3375,17.1792,19.4333,19.5792,22.1563,19.1700,20.0000,19.4400,19.3083,17.9042,20.9417
194,19.4875,19.2000,17.9364,19.9792,18.2208,19.2292,20.7667,18.8167,19.6417,20.0208,19.4417,19.5875,20.1083,18.1792,19.3750,18.6167,16.5083,17.5542,19.3417,19.3875,21.9467,19.1100,20.0600,19.7200,19.4792,18.0167,21.2583
195,19.2333,19.3750,18.0625,20.4042,18.0000,19.1417,20.5625,18.6583,19.8542,20.1875,19.3542,19.5125,20.0417,18.0833,19.4000,18.8417,16.6917,17.8042,19.1833,19.4167,21.8758,19.4400,20.0000,20.0600,19.8125,18.1375,21.5208
196,19.8000,19.4917,17.7542,20.6417,18.1333,18.9083,20.0542,18.9375,20.2792,21.0583,19.2167,19.6417,20.0250,18.1125,19.3375,18.7333,16.6833,17.7458,19.2667,19.5708,21.8154,19.5000,20.0600,20.3300,20.0917,18.1500,21.4542
197,20.3208,19.3000,17.8071,21.0625,17.8458,19.5500,20.6667,19.3667,19.8417,20.3958,19.3792,19.9292,20.1792,18.4083,19.3875,18.6583,16.6292,17.7542,19.2542,19.7375,21.8575,19.7200,20.1700,20.4400,20.1375,18.1042,21.1833
198,20.8208,19.3750,18.0450,20.9750,17.5750,19.7500,20.6250,19.3583,20.9167,20.4458,19.4625,20.0583,20.2458,18.5917,19.7750,18.6667,16.8042,17.7375,19.3208,19.8792,21.7579,19.9400,20.3900,20.4400,20.2292,18.2667,20.9833
199,20.8792,19.3042,18.2579,21.0167,17.8625,19.6083,20.5917,19.1417,21.1792,20.9417,19.5750,19.9333,20.1542,18.8042,19.8583,18.7458,17.0375,17.8208,19.3667,19.9458,21.5708,19.9400,20.5600,20.5600,20.3667,18.4583,20.7583
200,21.1208,18.9625,18.4500,21.0667,18.1625,19.4750,20.4625,19.1792,21.2083,21.4208,19.6125,20.0833,19.7792,18.8917,19.9208,19.0458,17.1875,17.9625,19.6333,19.8333,21.4921,19.9400,20.2200,20.5600,20.2542,18.7500,20.7833
201,21.0167,18.6478,18.5167,21.4750,18.1083,19.7042,20.4667,19.6000,20.8458,21.1708,19.8542,20.1708,19.7083,19.0792,20.2333,19.2833,17.0583,18.3708,20.0875,19.9958,21.2996,19.8300,20.2200,20.5600,20.2125,18.9875,20.7500
202,21.3792,18.4333,18.8900,22.0417,18.3542,20.0917,20.1000,20.2042,21.3583,20.8792,20.1625,20.3542,19.6208,19.1875,20.5417,19.3875,17.0292,18.5583,20.1333,19.9792,21.4792,19.8900,20.0000,20.5000,20.2167,19.4000,20.7762
203,21.6667,18.8375,19.1250,22.3042,18.5833,20.6125,20.1333,20.2583,21.9292,21.7500,20.3708,20.4333,19.9542,19.2417,20.8750,19.4292,17.0583,18.3333,20.1667,20.1792,21.4675,19.7800,20.2800,20.9400,20.2333,19.7750,20.8000
204,21.6833,19.6208,19.2550,21.5625,18.7417,20.0083,20.6583,20.1250,21.8958,21.9125,20.3375,20.7417,19.9542,19.1250,20.6375,19.8083,17.4083,18.3333,20.2958,20.0583,21.3767,20.0000,20.3900,20.7200,20.1292,19.8667,20.9375
205,21.7125,19.9917,19.1824,21.3667,18.8000,20.0875,20.4792,20.1875,21.7167,22.1750,20.3875,20.8583,20.1458,19.0792,20.8625,20.0208,17.6542,18.3167,20.5167,19.6583,21.2538,20.2800,21.1700,20.6700,20.1750,19.9792,20.9458
206,22.0708,19.9250,19.6182,21.7958,18.5458,20.5792,21.2125,20.2333,21.6833,22.6542,20.4208,21.1083,20.5750,19.0875,20.9667,19.9542,17.7417,18.1208,20.7750,19.4458,21.2029,20.3900,21.2200,20.9400,20.5708,19.9500,21.0042
207,21.6833,20.1316,19.6955,22.5125,19.2043,20.4792,21.7833,19.9458,21.8000,21.9125,20.6000,21.4000,20.7958,19.3208,21.0833,19.8958,17.8542,18.3417,20.9958,19.3167,21.1563,20.4400,21.1100,20.8900,20.8292,19.9917,21.0375
208,21.8292,20.0333,19.8667,22.2958,19.4708,20.5208,21.6083,20.1167,21.6083,21.7708,20.7917,21.2625,20.6833,19.5625,21.5167,20.0792,17.9958,18.5625,21.1750,19.4542,20.8813,20.5600,21.0000,21.2200,20.7292,20.0542,21.1667
209,22.1500,20.2417,20.0000,22.5458,19.5667,20.5125,21.4375,19.2042,21.9208,22.9958,20.6167,21.0417,20.4542,19.7333,21.5833,20.6208,18.1750,18.7917,21.2208,19.7250,20.7171,20.9400,21.1100,21.3300,20.8875,20.2208,21.4208
210,21.6250,20.5583,19.7042,23.0652,19.7125,20.4500,21.5042,20.5292,22.5333,22.6125,20.7042,21.0167,20.2583,19.7167,21.9875,20.6167,18.3542,18.9667,21.1292,19.8833,20.7683,21.1700,21.1700,21.7800,20.8167,20.3042,21.4235
211,21.8708,20.9542,19.6958,22.5000,19.7875,20.7292,21.4667,20.7208,22.5083,22.7917,20.7667,20.7125,20.5292,19.8375,22.2417,20.8125,18.6500,19.1250,21.0875,20.1000,20.9504,21.3900,21.2800,21.9400,20.7333,20.4083,21.5000
212,22.4083,20.9625,19.9208,22.4542,20.1375,21.2625,21.3000,20.8083,22.3667,22.0375,21.0042,20.3167,20.7625,19.8333,22.0958,20.5250,18.8125,19.1833,21.2125,20.6083,21.0329,21.2800,21.2800,21.8300,21.0042,20.8125,21.5583
213,22.1833,21.1417,19.9000,22.1875,20.2667,21.3000,20.9625,20.9083,22.0750,21.8333,20.9833,20.3417,21.0083,19.8500,22.1458,20.7417,19.0875,19.2750,21.0042,20.9667,21.1858,21.5000,22.1700,21.5600,21.1083,20.7458,21.7625
214,21.9792,21.0708,19.9143,22.8958,20.4375,21.2000,20.7333,20.1667,22.0333,22.0208,21.1708,20.3833,21.0000,19.4500,22.1708,20.8208,19.2417,19.3542,20.7167,21.2250,21.3500,21.4400,21.7200,21.5600,21.0792,20.9542,22.2667
215,22.4917,20.6833,20.1778,23.4333,20.9542,21.5750,20.6750,20.2292,21.6167,22.4250,21.2125,20.6292,20.6625,19.5542,21.9208,20.9458,19.2417,19.5542,20.5583,21.2667,21.5088,21.2200,21.6100,21.2800,21.0792,20.8625,22.1125
216,22.1958,20.3458,20.5813,23.2958,20.8042,21.7583,20.6875,19.8750,21.6917,21.6625,21.2875,20.6542,20.6958,19.7583,21.8458,21.2417,19.5833,19.7458,20.7792,21.4375,21.6400,21.0000,21.6700,21.3300,21.2875,20.7292,22.1625
217,21.9667,19.9792,20.9333,22.8500,20.3292,21.2042,21.0583,19.7542,21.9417,21.9667,21.1667,20.8250,20.8250,19.9375,21.9917,21.6417,19.7417,19.8125,20.7250,21.3583,21.5900,20.9400,21.5600,21.3300,21.2792,20.7125,22.1292
218,21.4583,19.7833,20.8611,22.8125,20.4208,21.2708,21.2042,19.4304,21.2833,21.8125,21.2583,20.7708,20.9625,20.3625,21.9458,21.5625,19.8708,19.9167,21.0875,21.4083,21.4292,20.9400,21.6700,21.5600,21.5833,20.8958,21.9875
219,21.4000,19.9083,20.7125,22.5174,20.3292,21.2250,21.1958,19.4792,21.2833,21.7000,21.0667,20.8458,20.7667,20.3292,21.9167,21.5000,19.8042,20.1000,21.2875,21.5958,21.3554,21.0600,21.7200,21.4400,21.7167,20.8958,22.1292
220,21.0417,20.0100,20.9333,22.6875,20.1833,21.1542,21.9375,19.8292,21.7292,21.7167,21.2292,20.9208,20.7500,20.4750,21.5417,21.4542,19.9167,20.3625,21.2625,21.5833,21.4600,21.0000,21.6700,21.8900,21.6667,20.6417,22.0667
221,21.4250,20.3042,21.0792,22.4833,20.7333,21.4833,22.6042,19.8042,21.8000,22.0667,21.3083,21.0667,20.7833,20.5500,20.9542,21.4000,19.9583,20.5292,21.3125,21.4875,21.2663,20.8300,21.7200,21.8300,21.6167,20.5125,21.8208
222,20.6667,20.4917,20.6833,22.2875,20.6083,21.6917,22.3000,20.0417,21.9708,22.2000,21.4833,21.2417,20.6417,20.5000,20.4750,21.3208,19.8333,20.4625,21.2667,21.4333,21.2588,20.7200,21.9400,21.8900,21.7292,20.2958,21.7542
223,20.2958,21.0208,20.8895,22.4875,20.3375,21.4208,22.3708,20.2333,21.6478,22.0625,21.5667,21.0292,20.6542,20.5542,20.5000,21.3167,19.7708,20.2750,21.1958,21.5458,21.2017,20.6700,22.0000,21.9400,21.4708,20.3250,21.7500
224,20.3208,20.9708,20.7174,22.9542,20.0500,21.1250,21.6750,20.6500,21.8042,22.7458,21.3833,21.0250,20.5583,20.4625,20.7083,21.2000,20.0333,20.4167,21.1958,21.4125,21.4250,20.6700,22.0000,21.7800,21.2955,20.2792,21.6792
225,20.1042,20.9125,20.8696,23.1208,19.8583,20.9000,22.7083,20.9167,22.0542,22.8625,21.0375,21.0417,20.5083,20.4750,21.0083,21.1667,19.9375,20.3125,21.4625,21.4167,21.4429,20.8900,21.6700,21.8900,21.3000,20.2208,21.9333
226,19.7875,20.9708,20.8458,22.6708,19.5250,20.4542,22.7333,20.7458,22.3708,22.9625,21.0375,21.0833,20.6667,20.5042,21.2125,21.0125,19.9375,20.2625,21.7167,21.3750,21.5296,21.0000,21.5446,21.8900,21.5792,20.0333,22.0542
227,19.8208,20.6042,20.7042,22.2500,19.3875,20.3583,22.8458,20.9625,22.0500,22.5708,21.0292,21.1542,20.8708,20.8000,21.0542,21.0458,19.8542,20.3125,21.8042,21.4542,21.6792,21.1700,21.3858,21.8300,21.5208,20.0000,21.9792
228,19.7417,20.6458,20.9176,22.1250,19.7250,20.5625,22.7958,21.1000,21.6542,22.2083,21.0333,21.0458,20.9583,20.9375,20.9500,21.1250,20.0083,20.3417,21.9458,21.4583,21.6792,21.3300,21.1509,21.6100,21.5125,20.1833,21.8542
229,19.5833,20.7250,21.3667,21.9833,19.9625,20.4833,21.8250,20.7958,21.7208,22.5333,20.9917,21.0167,20.8417,21.1750,20.9458,21.1250,19.9167,20.5125,22.0375,21.5833,21.5675,21.2200,21.0667,21.3300,21.6167,20.2708,21.7917
230,19.5125,20.5739,21.0542,21.9542,19.9583,20.6750,21.7208,21.0792,21.8167,22.4583,21.2833,20.9417,20.7625,21.5708,20.8917,21.2125,20.0458,20.6292,22.0042,21.9458,21.4479,21.4400,20.9400,21.3300,21.7417,20.1708,21.8208
231,19.8583,20.6444,20.9958,22.0750,20.0000,20.2042,21.4833,21.0500,21.8167,22.4458,21.1833,20.9167,20.6708,21.5750,20.9125,21.3208,20.1667,20.5833,21.8833,22.1250,21.4788,21.8300,21.1700,21.2200,21.5708,20.3583,22.0167
232,20.1917,20.7000,20.7211,21.7542,20.2833,20.0708,21.4000,20.5462,21.8250,23.1583,21.1333,20.9917,20.5250,21.4417,21.1208,21.2542,20.1917,20.6125,21.9250,22.0208,21.3625,21.8300,21.2200,21.3300,21.3708,20.7042,21.7333
233,20.1917,,20.5870,21.5250,20.0500,19.9542,21.0042,20.7385,22.1708,22.3750,21.1875,21.0958,20.4500,21.5333,21.0792,21.0750,20.2167,20.6167,22.0750,21.9125,21.3729,21.8300,21.3900,21.6700,21.4083,20.9958,21.2875
234,20.1167,18.7000,20.7250,21.4625,20.7792,20.5792,20.9833,20.9375,21.7708,22.2458,21.1750,21.0708,20.3667,21.4000,21.1208,20.8000,20.2333,20.6042,21.9708,21.6167,21.3829,21.7200,21.3300,21.0000,21.5708,21.0667,21.0208
235,20.6917,20.8813,20.5292,21.3708,20.7250,20.7125,20.8875,20.7542,21.3667,22.0250,21.2292,21.2458,20.2292,21.0208,21.1333,20.7917,20.2833,20.4208,21.8083,21.2125,21.4188,21.4400,21.2200,20.5600,21.5125,20.9458,20.7333
236,20.0000,20.7667,20.5708,21.4375,20.5083,20.6708,20.6125,20.7167,21.0583,21.6292,21.3708,21.1542,20.5250,20.9083,21.1750,20.8417,20.4542,20.4458,21.5542,21.4000,21.2192,21.3900,21.1700,20.6100,21.2625,21.0542,20.6250
237,20.5250,20.7125,20.5208,21.7542,20.3333,20.4625,20.9292,20.6375,21.6417,21.4417,21.4750,21.0125,20.5500,20.6083,21.1292,20.7292,20.4250,20.0667,21.3917,21.3500,20.9508,21.2800,21.1100,20.5600,21.1917,20.9542,20.6542
238,20.3000,20.8958,20.4650,21.4625,20.6125,20.5292,20.6625,20.4250,20.9750,21.0708,21.2458,21.0083,20.7417,20.5750,20.9875,20.5792,20.5792,19.9458,21.2542,21.4375,20.9175,21.3900,21.2200,20.1700,21.2542,20.8542,20.6542
239,20.4917,20.8500,20.2167,21.6208,20.8750,20.4917,20.7500,21.1833,21.0000,20.6167,20.9167,20.8167,20.7208,20.4167,21.0042,20.2750,20.8500,19.6375,21.3292,21.5625,21.1396,21.3900,21.2800,19.8900,21.5583,20.6667,20.6708
240,20.5458,20.9083,20.2478,22.1125,20.9958,20.5375,20.7625,21.5458,21.5292,20.2958,20.8833,20.8292,20.8375,20.3917,20.7625,20.2625,21.0000,19.5000,21.5333,21.6208,21.2479,21.2800,21.5000,19.7800,21.3875,20.7625,20.7333
241,20.0167,20.8500,20.3100,21.4833,20.9458,21.2792,21.3208,21.3792,21.6708,20.2958,20.7917,20.8875,20.9583,20.1167,20.4625,20.1500,20.9000,19.5125,21.3375,21.6583,21.0858,21.2800,21.5600,19.6100,21.4375,21.0167,20.8667
242,20.8042,20.9000,20.6636,22.0542,20.5000,20.9792,21.0000,20.8625,21.7167,20.6625,20.6583,20.8708,20.7125,20.0333,20.4667,20.0625,20.7917,19.4792,21.3000,21.5792,20.8867,21.3900,21.4400,19.6100,21.3333,20.9875,20.8875
243,21.0500,20.3417,20.4478,22.6833,20.0042,20.8750,20.5208,21.0500,21.4667,20.9792,20.7125,20.6625,20.5542,19.9875,20.4708,19.9042,20.4458,19.7292,21.5913,21.4458,20.7000,21.3300,21.4400,19.6700,21.2667,20.7542,20.6125
244,21.0125,20.4125,20.6500,22.3652,19.6458,20.6000,20.5167,21.1958,21.7958,21.3500,20.6208,20.5708,20.5542,20.1000,20.5708,19.7333,20.1708,19.8583,21.6083,21.2458,20.5375,21.2200,21.3300,19.7800,21.3250,20.6292,20.4556
245,21.2292,20.5625,20.8619,22.2375,18.8167,19.9333,20.3917,20.7583,21.6583,21.2833,20.4500,20.3250,20.7792,20.0500,20.6208,19.5500,20.0458,19.7375,21.5917,20.9375,20.2688,21.0000,21.5000,19.9400,21.2583,20.6333,
246,21.5042,20.6792,20.5375,22.9083,18.9625,19.7458,20.4542,20.6913,21.8792,20.6917,20.3000,20.1208,20.8833,19.9458,20.7208,19.5167,19.9125,19.6625,21.5542,20.5750,19.9738,20.6700,21.3900,20.1100,21.3667,20.5292,
247,20.8000,20.4870,20.5118,22.9667,19.1833,19.5542,20.5042,20.7083,21.8750,20.5667,20.2333,20.1250,20.8333,19.6708,20.9583,19.2042,19.7875,19.5167,21.4708,20.3292,19.7333,20.5600,21.4400,20.3300,21.5417,20.5333,
248,20.4250,20.3250,20.3125,23.0542,18.8917,19.5625,20.2917,20.6708,21.8208,20.4167,20.0875,20.0833,20.7957,19.4458,20.9708,19.2000,19.7583,19.5583,21.6875,20.3375,19.6417,20.2800,21.0600,20.1867,21.6833,20.8917,
249,20.5583,20.1000,20.0087,22.9917,18.6958,19.3458,20.1083,20.4250,22.1292,20.1375,20.0083,20.3958,20.8667,19.2500,20.8292,19.1125,19.8333,19.7208,21.4167,20.2250,19.4700,20.1700,21.1700,,21.8083,20.8792,
250,20.5083,20.2208,20.0571,22.9500,18.8826,19.0458,20.0917,19.9708,21.5083,20.1250,20.0875,20.5708,20.9250,19.1375,20.5917,19.3000,20.2333,19.8833,21.4000,20.0625,19.3429,20.1400,21.1100,,21.7625,20.9083,
251,20.7083,20.2542,20.3692,22.3708,19.1500,19.0083,19.9708,19.6583,21.1208,20.4083,20.0750,20.7917,20.7667,19.3583,20.4625,19.4542,20.2083,19.7833,21.5917,20.0000,19.3104,,21.0000,,21.5333,20.9417,
252,21.0708,19.9792,20.6958,22.0667,18.6417,18.6750,20.2087,19.8500,20.9250,20.1708,19.8583,20.6708,20.9583,19.4708,20.3333,19.2083,20.3417,19.8478,21.4833,19.9958,19.0867,,20.7800,,21.3250,20.4750,
253,20.9583,20.1208,20.4125,21.9458,18.6417,18.5125,19.9750,20.1000,20.7542,19.8167,19.6125,20.6958,20.7875,19.4250,20.2167,19.0000,20.4125,19.6792,21.3333,20.1333,19.0900,,20.7200,,21.2625,20.3000,
254,20.9958,20.8583,20.1750,21.7875,18.8792,18.5208,20.3000,19.8750,20.4875,19.9083,19.3958,20.7042,20.7042,19.4083,20.1542,18.8375,20.3000,19.6708,21.5500,20.0583,,,20.8300,,21.2000,20.4100,
255,20.9458,20.6667,20.0167,21.5458,18.9917,18.6833,19.8542,19.8750,20.0833,19.8500,19.2458,20.6458,20.6458,19.5167,19.9750,18.6250,20.4417,19.6000,21.8167,20.0542,,,20.7800,,,,
256,21.4750,20.7292,20.0000,21.4417,19.0083,18.8208,19.7458,20.3875,19.9542,19.5333,19.2542,20.3667,20.5625,19.5375,19.9542,18.5417,20.4500,19.5000,21.7875,19.9250,,,21.0000,,,,
257,21.5167,20.4292,19.8292,21.5125,19.0042,19.1458,20.0792,20.5083,19.7792,19.4667,19.2708,20.1125,20.3958,19.5208,19.8000,18.6333,20.5231,19.2667,21.6875,19.7625,,,20.8900,,,,
258,21.5917,20.2643,19.5083,21.7708,18.9417,19.2542,19.9125,20.2292,19.3792,19.3125,19.1167,19.9167,20.3042,19.6042,19.9125,,,19.1583,21.9125,19.5778,,,20.7967,,,,
259,21.8125,20.0467,19.1667,21.8083,18.7083,19.2292,19.6542,19.6792,19.1708,19.1500,19.0667,19.6750,20.2083,19.5375,20.0125,,,18.9625,21.7583,,,,,,,,
260,21.3833,19.9417,18.7792,21.9042,19.0500,19.1875,19.7417,19.7417,18.9583,18.8750,19.0000,19.4833,20.0250,19.6208,20.0417,,,18.9083,21.6792,,,,,,,,
261,21.0417,19.5792,18.5000,21.4833,19.2750,19.6083,19.6917,19.6833,19.0375,18.6000,18.9208,19.3042,19.8250,19.6375,20.0625,,,19.0042,21.4125,,,,,,,,
262,21.2625,19.3333,18.4000,21.2333,19.5125,19.6042,19.7833,19.4333,19.1100,18.2958,18.8583,18.9125,19.5250,19.6542,20.2458,,,19.0125,21.1375,,,,,,,,
263,21.2208,18.8625,18.3792,21.0625,19.3250,19.6333,20.1250,19.3792,18.6292,18.1125,18.7583,18.5333,19.0625,19.6375,20.0875,,,19.1083,20.7000,,,,,,,,
264,20.7750,18.6200,18.4375,20.7167,19.3333,19.6917,20.2042,19.2375,18.7083,17.9708,18.6625,18.1750,18.8000,19.5292,20.0750,,,19.1958,20.3542,,,,,,,,
265,20.6875,18.4800,18.6083,20.5000,19.1583,19.2542,20.1417,19.0708,18.8042,17.8417,18.6125,17.9167,18.6333,19.3208,20.2542,,,19.0250,19.9458,,,,,,,,
266,20.3792,18.4000,18.8583,20.4000,19.0833,18.7000,20.1250,18.7500,18.5833,17.8417,18.5417,17.7375,18.4333,19.1125,19.9667,,,18.9250,19.7167,,,,,,,,
267,20.1250,18.3333,19.0000,20.4083,18.7792,18.3583,19.7792,18.8125,19.0000,17.8333,18.3458,17.7125,18.2250,18.8708,19.6167,,,18.8750,19.5250,,,,,,,,
268,19.5917,18.0042,19.1583,19.9958,18.4958,17.8958,19.3708,18.4375,18.8000,18.1792,18.2375,17.7292,18.1000,18.6000,19.4375,,,18.7333,19.2545,,,,,,,,
269,19.1917,17.8435,18.9125,20.0667,18.0708,17.6125,19.1417,18.4792,19.3000,18.2000,18.1542,17.7778,,18.3458,19.2667,,,18.5583,,,,,,,,,
270,18.9143,17.8905,18.6333,20.0708,17.8083,17.1875,19.1333,18.4042,19.2667,18.5500,17.9583,,,17.9792,19.2500,,,18.4500,,,,,,,,,
271,,17.6917,18.5333,19.9250,17.4667,17.1583,19.0375,18.4667,19.4667,18.7708,17.8250,,,17.7708,19.1958,,,18.3583,,,,,,,,,
272,,18.0500,18.5333,20.0875,17.1708,17.1750,19.0042,18.3542,19.4375,18.7375,17.7667,,,17.5500,18.9875,,,18.2458,,,,,,,,,
273,,18.3133,18.1083,19.9875,16.9833,17.1583,18.8917,17.7958,19.3292,18.7042,17.8000,,,17.6333,18.7083,,,18.1292,,,,,,,,,
274,,18.2563,18.4083,19.9208,16.8792,17.3625,18.4208,17.5375,19.2375,18.7708,17.7583,,,17.6792,18.4625,,,18.1917,,,,,,,,,
275,,18.1500,18.2458,19.5083,16.7125,17.4042,18.4458,17.3375,19.1792,18.8583,17.5125,,,17.8458,18.1778,,,18.1958,,,,,,,,,
276,,18.3182,18.0042,19.2500,16.7083,17.3625,18.4833,16.9130,19.1625,18.8292,17.3042,,,17.8958,,,,18.1917,,,,,,,,,
277,,18.4292,17.8667,18.9917,16.6375,17.5167,18.2417,16.5750,19.0667,18.7375,17.0750,,,17.8750,,,,17.9500,,,,,,,,,
278,,18.3522,17.3750,18.7208,16.4042,17.4042,18.0583,16.5250,18.9958,18.5042,16.8958,,,17.9458,,,,17.9357,,,,,,,,,
279,,18.1947,17.0167,18.4375,16.2250,17.0958,17.8917,16.5792,19.1875,18.2250,16.6542,,,17.7792,,,,,,,,,,,,,
280,,18.2867,16.5875,17.9708,16.0292,16.8000,17.6208,16.7043,18.7625,18.1667,16.7667,,,17.7000,,,,,,,,,,,,,
281,,18.3167,16.1125,17.8917,15.9167,16.5167,17.5500,16.9000,18.6250,18.2833,16.7250,,,17.7167,,,,,,,,,,,,,
282,,18.4348,15.7792,17.7792,15.9250,16.2583,17.3458,16.8333,18.3875,18.2583,16.7917,,,17.4083,,,,,,,,,,,,,
283,,18.3739,15.4958,17.6125,15.9083,16.0958,17.0083,16.7750,18.1458,18.0208,16.8208,,,16.9583,,,,,,,,,,,,,
284,,18.1583,15.1792,17.4250,15.8042,15.8083,16.3792,16.6000,17.8708,17.9083,16.8708,,,16.5154,,,,,,,,,,,,,
285,,18.0870,14.9167,17.3375,15.6750,15.8708,15.9417,16.3000,17.4250,17.8292,16.7542,,,,,,,,,,,,,,,,
286,,18.0267,14.9292,16.9292,15.6333,15.9333,15.5375,15.8667,16.8292,17.7833,16.6417,,,,,,,,,,,,,,,,
287,,17.8947,14.9667,16.5958,15.4565,15.7792,15.3625,15.6875,16.4542,17.6125,16.5250,,,,,,,,,,,,,,,,
288,,17.5833,14.9917,16.4625,15.2625,15.6000,15.2333,15.5792,16.1875,17.5042,16.4417,,,,,,,,,,,,,,,,
289,,17.2792,15.1542,16.2292,15.3042,15.4708,14.8833,15.2792,15.7417,17.4625,16.2292,,,,,,,,,,,,,,,,
290,,16.8833,15.3333,15.9750,15.1833,15.3917,14.5500,14.9750,15.3875,17.1792,16.1292,,,,,,,,,,,,,,,,
291,,16.2667,15.4167,15.8583,14.9375,15.6542,14.5292,15.0042,15.9833,17.1125,16.2542,,,,,,,,,,,,,,,,
292,,15.6292,15.4583,15.7792,14.5042,15.6250,14.7875,15.0750,15.9333,16.9208,16.1333,,,,,,,,,,,,,,,,
293,,15.0875,15.3667,15.6708,14.1375,15.5708,14.9000,15.3292,16.0333,16.6417,15.8500,,,,,,,,,,,,,,,,
294,,14.9750,15.2333,15.4208,14.0833,15.3750,14.8333,15.3500,16.1333,16.2083,15.9708,,,,,,,,,,,,,,,,
295,,14.3333,14.9792,15.0458,14.0792,15.0000,14.6375,15.3917,16.2875,15.7792,16.0375,,,,,,,,,,,,,,,,
296,,13.7667,14.6833,14.9583,14.0333,14.8792,14.2292,15.1958,16.1125,15.2958,15.9458,,,,,,,,,,,,,,,,
297,,13.7458,14.3292,14.7375,14.0375,14.8500,13.8417,15.0542,16.1500,14.8125,15.8542,,,,,,,,,,,,,,,,
298,,13.6792,14.2042,14.5417,13.9625,14.5583,13.6875,14.9292,16.0875,14.6167,15.7792,,,,,,,,,,,,,,,,
299,,13.4417,13.9667,14.5667,13.8417,14.2125,13.4250,14.5792,16.0333,14.5083,15.6542,,,,,,,,,,,,,,,,
300,,13.2667,13.7583,14.7667,13.5583,13.9958,13.0625,14.1500,15.6583,14.0750,15.3750,,,,,,,,,,,,,,,,
301,,13.1292,13.4542,14.5667,13.4375,13.8125,12.7000,13.8625,15.2667,13.7458,15.0667,,,,,,,,,,,,,,,,
302,,13.0792,13.1583,14.4458,13.1500,13.6333,12.5167,13.4875,14.8583,13.5917,14.8833,,,,,,,,,,,,,,,,
303,,13.1000,13.1375,14.3208,12.8875,13.3417,12.5458,12.9042,14.2417,13.4042,14.7042,,,,,,,,,,,,,,,,
304,,12.7542,13.1542,14.0958,12.6458,13.3833,12.6667,12.5625,13.6458,13.2417,14.5792,,,,,,,,,,,,,,,,
305,,12.5250,13.1917,13.8708,12.3458,13.3000,12.8458,12.1500,13.3542,12.9333,14.5042,,,,,,,,,,,,,,,,
306,,12.5542,13.1000,13.8750,12.2870,13.1917,12.9667,11.4875,12.6375,12.7125,14.1292,,,,,,,,,,,,,,,,
307,,12.4417,12.8667,13.6917,12.3083,13.0875,12.7500,11.0500,11.3417,12.6542,13.8708,,,,,,,,,,,,,,,,
308,,12.1792,12.7333,13.4292,12.2792,12.8167,12.5583,11.0833,10.8417,12.4500,13.5750,,,,,,,,,,,,,,,,
309,,11.8833,12.6750,13.3958,12.0083,12.6125,12.3913,11.0917,10.7917,12.1042,13.2833,,,,,,,,,,,,,,,,
310,,11.8042,12.3917,13.3042,11.6208,12.4208,12.2875,11.0083,10.7917,11.9000,12.9500,,,,,,,,,,,,,,,,
311,,11.6708,12.1625,13.1583,11.5583,12.3583,12.3750,10.8917,10.6375,11.8000,12.5083,,,,,,,,,,,,,,,,
312,,11.5083,12.1750,13.0750,11.4458,12.2417,12.3292,10.7917,10.4917,11.8958,11.9125,,,,,,,,,,,,,,,,
313,,11.3636,12.0792,12.9125,11.3917,11.9154,12.1333,10.7625,10.2833,11.7292,11.5375,,,,,,,,,,,,,,,,
314,,,11.8708,12.7813,11.5208,11.4933,11.6792,10.9167,10.2250,11.5125,11.4417,,,,,,,,,,,,,,,,
315,,,11.7250,12.6000,11.6000,11.2958,11.3417,11.1458,10.2583,11.4583,11.5750,,,,,,,,,,,,,,,,
316,,,11.5583,12.4667,11.6125,11.0708,11.0708,11.3292,10.3167,11.4542,11.4667,,,,,,,,,,,,,,,,
317,,,11.2875,12.4208,11.9125,10.8042,10.9750,11.2500,10.3000,11.3458,11.2833,,,,,,,,,,,,,,,,
318,,,10.9458,12.4292,12.0292,10.3208,11.0375,11.2625,10.1375,11.2000,11.1200,,,,,,,,,,,,,,,,
319,,,10.6000,12.4917,12.0958,10.0375,10.9708,11.3375,10.2000,11.1083,10.8524,,,,,,,,,,,,,,,,
320,,,10.3708,12.2583,12.1708,9.7875,10.8708,11.2750,10.1083,11.1000,10.6375,,,,,,,,,,,,,,,,
321,,,10.1542,12.0875,12.2000,9.5500,11.0583,11.2167,10.0150,11.2333,10.5125,,,,,,,,,,,,,,,,
322,,,9.9167,12.0000,11.7958,9.4458,11.2917,11.2043,9.9875,11.3583,10.3167,,,,,,,,,,,,,,,,
323,,,9.6458,11.9500,11.2875,9.2833,11.3667,11.2000,9.9900,11.3750,10.1250,,,,,,,,,,,,,,,,
324,,,9.5708,11.7500,11.1000,9.0583,11.4458,11.0833,9.7500,11.3042,10.0958,,,,,,,,,,,,,,,,
325,,,9.5792,11.5083,10.9083,8.9750,11.4458,11.0417,9.7625,11.1625,9.9417,,,,,,,,,,,,,,,,
326,,,9.4833,11.4958,10.5000,8.9042,11.3667,11.1083,9.7375,10.8167,9.7833,,,,,,,,,,,,,,,,
327,,,9.4083,11.5000,10.2125,8.7750,11.0500,11.2208,9.4167,10.4375,9.7667,,,,,,,,,,,,,,,,
328,,,9.4292,11.3250,9.9542,8.5042,10.7125,11.2583,9.1958,10.4042,9.6667,,,,,,,,,,,,,,,,
329,,,9.3875,11.0875,10.0625,8.2042,10.5667,11.1000,8.9458,10.3625,9.5500,,,,,,,,,,,,,,,,
330,,,9.1500,10.7708,10.0833,8.1000,10.4167,10.8083,8.7875,10.2000,9.4500,,,,,,,,,,,,,,,,
331,,,9.1083,10.4917,10.0375,8.0083,10.0875,10.5250,8.5292,10.1458,9.3600,,,,,,,,,,,,,,,,
332,,,9.1000,10.3708,10.0917,8.0417,9.8000,10.0583,8.2750,10.0500,9.0905,,,,,,,,,,,,,,,,
333,,,9.0417,10.2792,9.9083,7.8667,9.5167,9.7167,8.1917,9.9958,8.7792,,,,,,,,,,,,,,,,
334,,,8.9000,10.2000,9.5875,7.7500,9.3167,9.4375,8.0875,9.7917,8.6167,,,,,,,,,,,,,,,,
335,,,8.8042,10.1250,9.1750,7.6708,9.2167,9.2125,8.1792,9.5667,8.2583,,,,,,,,,,,,,,,,
336,,,8.6625,9.8792,9.1000,7.6667,9.1292,8.8625,8.3000,9.0875,8.0500,,,,,,,,,,,,,,,,
337,,,8.5708,9.4458,9.0250,7.6000,8.9000,8.5833,8.3043,8.7042,7.9333,,,,,,,,,,,,,,,,
338,,,8.3958,9.1250,8.8667,7.4750,8.7167,8.3708,8.0417,8.7292,7.6917,,,,,,,,,,,,,,,,
339,,,8.1917,8.9708,8.6417,7.4375,8.5958,8.2250,7.9292,8.8000,7.6375,,,,,,,,,,,,,,,,
340,,,7.9292,8.7833,8.4875,7.5417,8.4667,8.1958,7.8708,8.6000,7.3875,,,,,,,,,,,,,,,,
341,,,7.8292,8.6125,8.4125,7.4667,8.1917,8.1000,7.7042,8.3500,7.0810,,,,,,,,,,,,,,,,
342,,,7.6958,8.2292,8.4208,7.3667,8.1000,8.0625,7.5458,8.2000,6.6438,,,,,,,,,,,,,,,,
343,,,7.5958,7.8417,8.3208,7.3375,8.0500,8.0167,7.2208,8.1958,6.2474,,,,,,,,,,,,,,,,
344,,,7.4792,7.7500,8.1375,7.3083,7.9958,7.9208,7.1750,8.1500,6.0000,,,,,,,,,,,,,,,,
345,,,7.3708,7.7625,8.0750,7.2667,7.9667,7.8792,7.1708,8.3417,5.8167,,,,,,,,,,,,,,,,
346,,,7.3000,7.8500,7.9917,6.9417,7.9458,7.9000,7.0958,8.4625,5.5375,,,,,,,,,,,,,,,,
347,,,7.2375,7.9792,7.7417,6.7667,7.8000,8.0375,7.0375,8.2542,5.4167,,,,,,,,,,,,,,,,
348,,,7.1000,7.9333,7.7708,6.4500,7.6667,8.0500,7.0500,8.2208,5.3917,,,,,,,,,,,,,,,,
349,,,7.0522,7.9250,7.7250,5.9708,7.5958,8.0417,6.9917,8.3000,5.1875,,,,,,,,,,,,,,,,
350,,,7.0375,7.9250,7.3792,5.6458,7.6292,8.1667,6.8333,8.2375,4.9792,,,,,,,,,,,,,,,,
351,,,7.0125,7.7667,7.3792,5.4583,7.5792,8.1792,6.6375,7.8500,4.9875,,,,,,,,,,,,,,,,
352,,,7.0000,7.6000,7.6750,5.3333,7.3083,8.0875,6.5783,7.6333,4.8792,,,,,,,,,,,,,,,,
353,,,7.0333,7.1542,7.6917,5.2000,7.1250,7.7167,6.4875,7.5542,4.7333,,,,,,,,,,,,,,,,
354,,,6.8917,6.6625,7.4417,5.0625,6.9042,7.3792,6.4917,7.4125,4.6458,,,,,,,,,,,,,,,,
355,,,6.6083,6.1833,7.1958,4.8208,6.9000,7.1833,6.4667,7.2542,4.5875,,,,,,,,,,,,,,,,
356,,,6.3375,5.1542,6.8000,4.7042,6.7292,7.0208,6.2958,7.1958,4.5000,,,,,,,,,,,,,,,,
357,,,6.1583,4.6542,6.4250,4.5667,6.6125,6.8667,6.1583,7.1458,4.6208,,,,,,,,,,,,,,,,
358,,,5.9542,4.9583,6.3083,4.5208,6.5833,6.6333,6.0792,6.9500,4.8542,,,,,,,,,,,,,,,,
359,,,5.7708,5.1792,6.2375,4.4958,6.4750,6.4917,5.9792,6.8000,5.0000,,,,,,,,,,,,,,,,
360,,,5.6375,5.0875,6.2000,4.5167,6.3875,6.4750,5.8917,6.6667,5.1083,,,,,,,,,,,,,,,,
361,,,5.5333,5.1458,6.0583,4.4500,6.2750,6.4833,5.8250,6.4875,5.2250,,,,,,,,,,,,,,,,
362,,,5.5792,5.0917,5.9875,4.4417,6.0750,6.5000,5.8042,6.3333,5.3333,,,,,,,,,,,,,,,,
363,,,5.5625,5.1167,5.8917,4.4583,5.7917,,5.4417,6.1167,5.4083,,,,,,,,,,,,,,,,
364,,,5.4833,5.2750,5.7917,4.3417,5.5667,6.3708,5.0875,5.9958,5.4917,,,,,,,,,,,,,,,,
365,,,5.5958,,,4.5125,5.5417,6.4792,4.6708,5.8208,5.3833,,,,,,,,,,,,,,,,
366,,,,,,4.6708,,,,5.7042,,,,,,,,,,,,,,,,,
Notes:
1995-2021 McNary Daily Average Temperature (C)
Generated 23 Feb 2022 14:05:55 PST. DART Columbia Basin Conditions All Years www.cbr.washington.edu/dart/query/basin_conditions_hist.

"DART Data Citation. Columbia River DART, Columbia Basin Research, University of Washington. (2022). Columbia Basin Conditions All Years. Available from http://www.cbr.washington.edu/dart/query/basin_conditions_hist."
