day,1997,1998,1999,2000,2001,2002,2003,2004,2005,2006,2007,2008,2009,2010,2011,2012,2013,2014,2015,2016,2017,2018,2019,2020,2021,2022,2023
1,,,,,,,,,18.500,16.200,,,,,,,5.700,5.229,5.383,6.058,5.875,5.732,6.409,6.154,5.958,4.525,4.967
2,,,,,,,,,18.500,16.200,,,,,,,5.467,5.125,5.379,5.721,5.664,5.715,6.183,6.158,5.979,4.313,4.900
3,,,,,,,,,18.500,16.200,,,,,,,5.179,5.033,5.275,5.525,5.391,5.700,6.205,6.117,5.996,4.208,4.900
4,,,,,,,,,18.500,16.200,,,,,,,5.108,4.975,5.304,5.400,4.950,5.726,6.230,6.100,5.871,4.192,4.833
5,,,,,,,,,18.500,16.200,,,,,,,5.037,4.771,5.213,5.329,4.626,5.577,6.232,6.125,5.771,4.071,4.533
6,,,,,,,,,18.500,16.200,,,,,,,4.946,4.629,5.200,5.358,4.381,5.443,6.183,6.021,5.696,3.925,4.472
7,,,,,,,,,18.500,16.200,,,,,,,4.750,4.417,5.167,5.529,4.104,5.527,6.141,5.896,5.600,3.808,4.500
8,,,,,,,,,18.500,16.200,,,,,,,4.833,4.300,5.188,5.675,3.986,5.587,6.059,5.833,5.600,3.833,4.383
9,,,,,,,,,18.500,16.200,,,,,,,4.725,4.221,5.033,5.829,3.900,5.586,5.936,5.679,5.463,3.804,4.294
10,,,,,,,,,18.500,16.200,,,,,,,4.358,4.100,4.888,5.900,3.852,5.495,5.900,5.558,5.400,3.683,4.211
11,,,,,,,,,18.500,16.200,,,,,,,4.279,4.100,4.746,5.879,3.635,5.357,5.918,5.438,5.329,3.700,4.128
12,,,,,,,,,18.500,16.200,,,,,,,4.267,4.122,4.629,5.708,3.248,5.119,5.871,5.267,5.188,3.700,4.000
13,,,,,,,,,18.500,16.200,,,,,,,4.046,4.113,4.533,5.417,2.822,4.973,5.771,5.033,5.075,3.754,3.889
14,,,,,,,,,18.500,16.200,,,,,,,3.729,4.183,4.467,5.250,2.604,4.757,5.624,4.617,4.933,3.858,3.728
15,,,,,,,,,18.500,16.200,,,,,,,2.742,4.279,4.342,5.017,2.525,4.758,5.467,4.154,4.829,3.900,3.700
16,,,,,,,,,18.500,16.200,,,,,,,3.800,4.038,4.288,4.812,2.413,4.705,5.209,3.883,4.721,3.817,3.661
17,,,,,,,,,18.500,16.200,,,,,,,3.788,3.883,4.179,4.800,2.400,4.623,4.978,3.971,4.700,3.742,3.694
18,,,,,,,,,18.500,16.200,,,,,,,3.746,3.746,4.067,4.733,2.309,4.441,4.822,3.900,4.617,3.608,3.550
19,,,,,,,,,18.500,16.200,,,,,,,3.700,3.542,4.100,4.733,2.246,4.350,4.817,3.858,4.517,3.471,2.310
20,,,,,,,,,18.500,16.200,,,,,,,3.667,3.413,4.063,4.650,2.252,4.274,4.865,3.933,4.433,3.408,3.217
21,,,,,,,,,18.500,16.200,,,,,,,3.525,3.258,4.029,4.729,2.339,4.217,4.817,4.038,4.400,3.375,3.018
22,,,,,,,,,18.500,16.200,,,,,,,3.346,3.200,3.925,4.700,2.483,4.033,4.750,4.100,4.412,3.217,2.928
23,,,,,,,,,18.500,16.200,,,,,,,3.269,3.129,4.000,4.700,2.543,3.959,4.609,4.129,4.258,3.050,2.894
24,,,,,,,,,18.500,16.200,,,,,,,3.240,3.100,4.000,4.700,2.436,3.855,4.617,4.104,4.129,3.000,2.711
25,,,,,,,,,18.500,16.200,,,,,,,3.258,3.100,4.029,4.700,2.383,3.727,4.538,4.137,4.013,2.846,2.611
26,,,,,,,,,18.500,16.200,,,,,,,3.313,3.100,4.088,4.683,2.400,3.610,4.535,4.171,4.038,2.746,2.622
27,,,,,,,,,18.500,16.200,,,,,,,3.388,3.100,4.108,4.600,2.500,3.529,4.471,4.217,3.963,2.700,2.672
28,,,,,,,,,18.500,16.200,,,,,,,3.338,3.008,4.108,4.529,2.500,3.509,4.381,4.142,4.026,2.612,2.700
29,,,,,,,,,18.500,16.200,,,,,,,3.300,2.917,4.100,4.496,2.500,3.473,4.271,4.162,4.075,2.525,2.583
30,,,,,,,,,18.500,16.200,,,,,,,3.283,2.900,4.025,4.400,2.485,3.432,4.230,4.171,4.125,2.508,2.378
31,,,,,,,,,18.500,16.200,,,,,,,3.300,2.942,3.967,4.296,2.400,3.421,4.230,4.162,4.142,2.500,2.122
32,,,,,,,,,18.500,16.200,,,,,,,3.300,2.946,3.900,4.200,2.271,3.263,4.178,4.200,4.175,2.404,2.006
33,,,,,,,,,18.500,16.200,,,,,,,3.221,2.875,3.858,4.113,2.032,3.226,4.163,4.167,4.200,2.321,2.056
34,,,,,,,,,18.500,16.200,,,,,,,3.117,2.788,3.804,3.925,1.810,3.300,4.150,4.083,4.200,2.242,2.100
35,,,,,,,,,18.500,16.200,,,,,,,3.100,2.613,3.642,3.779,1.700,3.373,3.932,3.946,4.200,2.250,2.100
36,,,,,,,,,18.500,16.200,,,,,,,3.138,2.338,3.613,3.700,1.755,3.420,3.591,3.737,4.171,2.271,2.156
37,,,,,,,,,18.500,16.200,,,,,,,3.179,1.979,3.600,3.700,1.717,3.457,3.262,3.750,4.200,2.329,2.294
38,,,,,,,,,18.500,16.200,,,,,,,3.325,1.896,3.600,3.717,1.633,3.417,2.927,3.704,4.252,2.417,2.394
39,,,,,,,,,18.500,16.200,,,,,,,3.375,1.800,3.600,3.796,1.529,3.464,2.743,3.725,4.187,2.517,2.439
40,,,,,,,,,18.500,16.200,,,,,,,3.346,1.879,3.638,3.800,1.500,3.523,2.632,3.729,4.017,2.587,2.506
41,,,,,,,,,18.500,16.200,,,,,,,3.308,1.971,3.721,3.800,1.568,3.388,2.652,3.646,3.708,2.600,2.572
42,,,,,,,,,18.500,16.200,,,,,,,3.283,1.933,3.817,3.800,1.732,3.279,2.522,3.663,3.408,2.633,2.561
43,,,,,,,,,18.500,16.200,,,,,,,3.267,1.904,3.892,3.817,1.838,3.209,2.496,3.704,3.142,2.663,2.600
44,,,,,,,,,18.500,16.200,,,,,,,3.261,1.983,3.921,3.842,1.824,3.187,2.487,3.700,2.833,2.658,2.600
45,,,,,,,,,18.500,16.200,,,,,,,3.321,2.192,3.933,3.883,1.829,3.243,2.561,3.642,2.875,2.691,2.600
46,,,,,,,,,18.500,16.200,,,,,,,3.300,2.333,3.938,3.900,1.900,3.333,2.659,3.592,3.079,2.746,2.578
47,,,,,,,,,18.500,16.200,,,,,,,3.238,2.438,3.879,3.942,1.932,3.468,2.810,3.588,3.233,2.863,2.594
48,,,,,,,,,18.500,16.200,,,,,,,3.246,2.546,3.879,4.042,2.045,3.578,2.913,3.571,3.267,3.063,2.656
49,,,,,,,,,18.500,16.200,,,,,,,3.254,2.600,3.925,4.096,2.100,3.579,2.941,3.550,3.271,3.075,2.739
50,,,,,,,,,18.500,16.200,,,,,,,3.200,2.625,3.925,4.117,2.164,3.433,3.041,3.529,3.246,3.142,2.867
51,,,,,,,,,18.500,16.200,,,,,,,3.200,2.615,3.938,4.133,2.248,3.268,2.965,3.475,3.258,3.238,2.953
52,,,,,,,,,18.500,16.200,,,,,,,3.183,2.638,4.038,4.104,2.367,3.129,2.875,3.438,3.400,3.300,3.144
53,,,,,,,,,18.500,16.200,,,,,,,3.146,2.625,4.088,4.000,2.452,3.046,2.957,3.425,3.458,3.142,3.044
54,,,,,,,,,18.500,16.200,,,,,,,3.138,2.592,4.113,4.038,2.504,3.145,2.986,3.454,3.471,2.942,2.511
55,,,,,,,,,18.500,16.200,,,,,,,3.200,2.583,4.137,4.004,2.525,3.178,2.965,3.517,3.561,2.796,3.411
56,,,,,,,,,18.500,16.200,,,,,,,3.192,2.500,4.175,4.000,2.509,3.257,2.891,3.508,3.588,2.800,2.489
57,,,,,,,,,18.500,16.200,,,,,,,3.225,2.479,4.267,4.083,2.524,3.378,2.909,3.500,3.604,2.858,2.400
58,,,,,,,,,18.500,16.200,,,,,,,3.338,2.542,4.400,4.150,2.540,3.478,2.904,3.550,3.646,2.921,2.400
59,,,,,,,,,18.500,16.200,,,,,,,3.342,2.663,4.458,4.263,2.625,3.579,2.950,3.579,3.750,3.046,2.439
60,,,,,,,,,18.500,16.200,,,,,,,3.346,2.704,4.513,4.333,2.730,3.591,2.940,3.571,3.813,3.208,2.472
61,,,,,,,,,18.500,16.200,,,,,,,3.442,2.625,4.596,4.392,2.855,3.629,2.835,3.567,3.888,3.314,2.556
62,,,,,,,,,18.500,16.200,,,,,,,3.550,2.571,4.604,4.300,2.965,3.676,2.825,3.675,3.933,3.442,2.644
63,,,,,,,,,18.500,16.200,,,,,,,3.650,2.483,4.646,4.337,3.039,3.710,2.867,3.767,4.013,3.517,2.778
64,,,,,,,,,18.500,16.200,,,,,,,3.625,2.504,4.629,4.396,3.105,3.762,2.926,3.933,4.042,3.542,2.900
65,,,,,,,,,18.500,16.200,,,,,,,3.621,2.567,4.683,4.546,3.150,3.767,2.782,4.054,4.079,3.538,2.926
66,,,,,,,,,18.500,16.200,,,,,,,3.696,2.654,4.788,4.746,3.118,3.787,2.718,4.088,4.179,3.617,3.042
67,,,,,,,,,18.500,16.200,,,,,,,3.738,2.800,4.909,4.908,3.000,3.825,2.765,4.129,4.204,3.638,3.100
68,,,,,,,,,18.500,16.200,,,,,,,3.754,2.836,5.071,5.092,3.043,3.759,2.830,4.126,4.267,3.600,3.100
69,,,,,,,,,18.500,16.200,,,,,,,3.826,2.922,5.150,5.021,3.043,3.796,2.835,4.167,4.274,3.600,3.158
70,,,,,,,,,18.500,16.200,,,,,,,3.833,3.063,5.242,4.950,3.200,3.857,2.876,4.208,4.304,3.500,3.253
71,,,,,,,,,18.500,16.200,,,,,,,3.925,3.261,5.333,5.025,3.265,3.952,2.887,4.258,4.238,3.404,3.339
72,,,,,,,,,18.500,16.200,,,,,,,4.058,3.375,5.463,5.029,3.345,4.000,2.914,4.317,4.292,3.443,3.388
73,,,,,,,,,18.500,16.200,,,,,,,4.217,3.365,5.592,5.035,3.414,4.048,2.957,4.408,4.326,3.525,3.450
74,,,,,,,,,18.500,16.200,,,,,,,4.317,3.471,5.742,5.029,3.471,4.165,3.004,4.279,4.367,3.713,3.594
75,,,,,,,,,18.500,16.200,,,,,,,4.454,3.583,5.738,5.100,3.568,4.243,2.975,4.262,4.429,3.965,3.739
76,,,,,,,,,10.417,16.200,,,,,,,4.621,3.638,5.763,5.058,3.570,4.259,3.025,4.121,4.488,4.075,3.806
77,,,,,,,,,4.171,16.200,,,,,,,4.595,3.546,5.721,5.229,3.557,4.358,3.195,4.117,4.533,4.167,3.856
78,,,,,,,,,4.100,16.200,,,,,,,4.596,3.496,5.808,5.296,3.571,4.450,3.414,4.054,4.596,4.229,4.000
79,,,,,,,,,4.100,16.200,,,,,,,4.642,3.371,5.742,5.371,3.652,4.496,3.543,4.212,4.679,4.217,4.033
80,,,,,,,,,4.146,16.200,,,,,,,4.696,3.308,5.667,5.479,3.568,4.454,3.725,4.392,4.742,4.325,4.144
81,,,,,,,,,4.204,16.200,,,,,,,4.679,3.213,5.679,5.550,3.564,4.341,3.868,4.625,4.817,4.450,4.250
82,,,,,,,,,4.300,16.200,,,,,,,4.700,3.221,5.688,5.663,3.583,4.261,3.995,4.771,4.950,4.500,4.328
83,,,,,,,,,4.417,16.200,,,,,,,4.704,3.263,5.733,5.792,3.727,4.152,4.124,4.954,5.158,4.492,4.367
84,,,,,,,,,4.475,16.200,,,,,,,4.739,3.308,5.854,5.838,3.925,4.013,4.191,5.092,5.275,4.571,4.389
85,,,,,,,,,4.504,16.200,,,,,,,4.850,3.283,5.896,5.958,4.050,4.042,4.333,5.114,5.229,4.717,4.517
86,,,,,,,,,4.567,16.200,,,,,,,4.971,3.363,5.978,6.025,4.152,4.143,4.475,5.150,5.292,4.821,4.594
87,,,,,,,,,4.675,16.200,,,,,,,5.037,3.483,6.113,6.233,4.509,4.405,4.544,5.188,5.433,4.921,4.638
88,,,,,,,,,4.675,16.200,,,,,,,5.125,3.400,6.221,6.329,4.730,4.514,4.623,5.225,5.483,5.183,4.683
89,,,,5.364,,,,,4.813,16.200,,,,,,,5.217,3.417,6.292,6.296,4.936,4.595,4.617,5.400,5.512,5.483,4.738
90,,,5.300,5.377,,,5.486,,4.871,16.200,,,,,,4.100,5.454,3.567,6.350,6.354,5.041,4.814,4.761,5.683,5.492,5.579,4.800
91,,,5.235,5.458,,,5.552,,4.917,16.200,,,3.800,5.113,4.380,4.154,5.654,3.725,6.525,6.379,5.185,4.843,4.968,5.788,5.517,5.546,4.913
92,,5.750,5.358,5.627,,5.100,5.654,,4.979,16.200,,3.875,3.838,5.571,4.296,4.242,5.921,3.850,6.596,6.662,5.350,4.857,5.077,5.829,5.500,5.625,5.000
93,,5.764,5.471,5.878,,5.343,5.658,,5.018,16.200,,4.046,3.946,5.475,4.300,4.196,6.200,4.088,6.475,7.038,5.365,4.832,5.159,5.779,5.567,5.683,
94,,5.904,5.548,6.000,,5.496,5.555,,5.046,16.200,,4.271,4.021,5.546,4.321,4.383,6.250,4.171,6.492,7.283,5.400,4.824,5.257,5.742,5.671,5.796,
95,,,5.558,,,5.629,5.600,5.755,5.058,16.200,,4.350,4.171,5.592,4.413,4.358,5.986,4.223,6.475,7.454,5.405,4.738,5.373,5.688,5.746,5.838,
96,,,5.588,,,5.765,5.600,5.852,5.196,16.200,,4.542,4.350,5.588,4.529,4.379,6.054,4.540,6.425,7.533,5.523,4.787,5.400,5.729,5.904,5.783,
97,,,5.735,,,5.777,5.635,6.221,5.271,16.200,,4.708,4.567,5.608,4.708,4.483,6.104,4.775,6.442,7.358,5.635,4.837,5.361,5.788,6.004,5.817,
98,,,5.833,,,5.729,5.763,6.463,5.358,16.200,,4.721,4.854,5.746,4.725,4.517,6.238,4.935,6.563,7.363,5.738,4.940,5.424,5.983,5.975,5.917,
99,,,5.900,,,5.780,5.752,6.617,5.483,16.200,,4.846,5.017,5.788,4.846,4.613,6.271,5.050,6.758,7.446,5.800,5.185,5.485,6.163,5.987,6.000,
100,,,6.025,,,5.992,5.825,6.833,5.663,16.200,,5.033,5.021,5.800,5.004,4.804,6.179,5.121,6.988,7.621,5.832,5.459,5.511,6.338,5.975,6.071,
101,,,6.129,,5.900,6.057,6.010,6.875,5.950,16.200,6.186,5.350,4.921,5.967,5.154,5.004,6.013,5.267,7.213,7.913,5.883,5.732,5.527,6.550,6.083,6.083,
102,,,6.192,,5.867,6.175,6.042,7.021,6.108,11.938,6.217,5.492,4.942,6.158,5.383,5.100,6.083,5.496,7.288,8.004,6.039,5.879,5.663,6.725,6.029,5.833,
103,,,6.363,,5.872,6.058,6.000,7.204,6.163,5.248,6.338,5.533,4.900,6.250,5.583,5.221,6.067,5.621,7.429,8.154,6.141,5.986,5.690,6.875,6.071,5.708,
104,,,6.542,,5.987,6.004,6.087,7.342,6.242,5.300,6.238,5.696,4.775,6.400,5.592,5.471,6.058,5.650,7.488,8.208,6.296,6.159,5.695,6.975,6.175,5.646,
105,,7.157,6.733,6.900,6.082,6.071,6.388,7.458,6.121,5.346,6.229,5.912,4.846,6.388,5.642,5.646,6.054,5.604,7.550,8.021,6.500,6.238,5.639,7.046,6.258,5.687,
106,,7.286,6.954,6.882,6.324,5.914,6.421,7.500,6.100,5.442,6.417,6.038,4.883,6.575,5.704,5.833,6.146,5.763,7.775,7.821,6.605,6.358,5.581,7.200,6.425,5.738,
107,,7.417,7.200,6.959,6.542,5.565,6.378,7.338,6.213,5.571,6.600,6.250,4.992,6.758,5.950,5.917,6.175,5.775,7.875,7.942,6.652,6.452,5.732,7.250,6.596,5.887,
108,,7.409,7.267,7.187,6.654,5.483,6.458,7.246,6.279,5.852,6.604,6.300,5.129,6.883,6.146,5.917,6.383,5.846,8.050,8.013,6.883,6.529,5.840,7.188,6.838,6.046,
109,,7.630,7.257,7.230,6.867,5.458,6.550,7.154,6.413,6.100,6.808,6.304,5.250,7.192,6.267,5.950,6.529,5.971,8.208,8.375,7.041,6.724,5.929,7.158,7.075,6.029,
110,,7.708,7.346,7.305,7.029,5.538,6.639,7.296,6.529,6.400,6.896,6.292,5.471,7.396,6.300,6.067,6.683,6.050,8.496,8.738,7.204,6.883,5.895,7.113,7.246,6.133,
111,,,7.400,7.383,7.267,5.730,6.825,7.433,6.808,6.675,7.000,6.450,5.688,7.567,6.379,6.117,6.913,6.275,8.750,9.017,7.410,7.043,6.105,7.200,7.450,6.300,
112,,,7.650,7.558,7.367,5.913,7.065,7.296,7.113,6.829,7.000,6.646,5.833,7.679,6.404,6.367,7.058,6.504,8.867,9.200,7.600,7.145,6.408,7.371,7.696,6.433,
113,,,7.608,7.638,7.552,6.025,7.139,7.533,7.242,7.058,7.125,6.500,5.938,7.775,6.521,6.700,7.067,6.600,9.033,9.396,7.691,7.273,6.520,7.646,7.688,6.679,
114,,8.023,7.796,7.658,7.681,6.117,7.129,7.737,7.550,7.292,7.492,6.317,5.891,7.896,6.679,6.946,7.158,6.867,9.129,9.496,7.700,7.450,6.865,7.763,7.787,7.000,
115,,7.978,,7.795,7.780,6.235,7.171,7.738,7.988,7.442,7.754,6.338,5.892,7.913,6.796,7.188,7.329,7.117,9.058,9.575,7.781,7.627,6.935,7.908,7.813,7.238,
116,,8.091,,7.837,8.059,6.368,7.200,7.971,8.233,7.554,7.933,6.242,5.921,7.946,6.900,7.346,7.563,7.304,8.925,9.667,7.900,7.810,6.730,7.950,7.804,7.538,
117,,8.185,7.975,7.795,8.305,6.467,7.200,8.158,8.558,7.788,7.979,6.313,6.117,8.083,7.026,7.463,7.913,7.475,8.988,9.692,7.959,8.100,6.755,8.000,7.958,7.813,
118,,,7.950,8.014,8.250,6.665,7.464,8.342,8.683,8.113,8.071,6.608,6.008,8.063,7.075,7.608,8.183,7.696,9.225,9.817,7.991,8.378,6.805,8.275,8.000,7.854,
119,,,8.048,8.200,8.343,7.054,7.895,8.500,8.671,8.333,8.096,6.904,5.967,8.038,6.267,7.771,8.463,7.917,9.354,9.975,8.008,8.450,6.905,8.204,7.908,7.900,
120,,,8.185,8.404,8.535,7.329,7.919,8.500,8.842,8.529,8.200,7.163,6.083,7.808,5.825,7.842,8.425,8.265,9.433,10.225,8.042,8.382,6.968,8.158,7.946,8.108,
121,,,8.341,8.733,8.650,7.562,8.036,8.500,8.965,8.642,8.263,7.329,6.317,7.683,5.729,8.017,8.304,8.465,9.533,10.429,8.013,8.422,6.895,8.188,8.013,8.171,
122,,,8.383,8.957,8.668,7.929,8.118,8.500,8.888,8.650,8.379,7.392,6.629,7.617,5.908,8.204,8.208,8.735,9.683,10.671,8.136,8.452,7.065,8.175,8.404,8.304,
123,,,8.471,9.224,8.839,8.217,8.204,8.778,8.996,8.692,8.404,7.496,6.850,7.813,6.308,8.342,8.279,9.023,9.642,10.971,8.378,8.643,7.035,8.258,8.733,8.421,
124,,,8.553,9.315,9.014,8.343,8.255,9.496,9.121,8.825,8.458,7.621,7.054,8.179,6.779,8.375,8.483,9.180,10.063,11.204,8.658,8.924,7.241,8.042,8.829,8.538,
125,,,8.591,9.457,9.000,8.313,8.350,9.500,9.208,8.854,8.433,7.842,7.271,8.142,6.983,8.296,8.892,9.285,10.121,11.317,9.048,9.177,7.852,8.246,9.029,8.638,
126,,,8.653,9.510,9.000,8.454,8.448,9.225,9.179,8.900,8.613,8.079,7.475,7.596,7.175,8.542,9.408,9.290,9.842,11.513,9.223,9.155,8.350,8.633,8.967,8.600,
127,,,8.835,9.710,9.100,8.358,8.426,9.367,9.504,8.900,8.921,8.246,7.567,7.446,7.300,8.733,9.825,9.267,9.808,11.742,9.227,9.373,8.774,8.625,8.817,8.662,
128,,,8.905,9.739,9.505,8.048,8.438,9.796,9.683,9.129,9.067,8.467,7.742,7.654,7.333,9.000,9.987,9.289,10.200,11.788,9.220,9.573,9.062,8.854,8.538,8.808,
129,,,8.985,9.739,9.589,8.091,8.525,9.825,9.550,9.317,9.263,8.554,8.079,7.879,7.450,9.400,10.067,9.427,10.288,12.008,9.228,9.867,9.177,9.013,8.871,8.896,
130,,,9.248,9.786,9.565,8.408,8.500,9.846,9.663,9.350,9.504,8.692,8.296,7.983,8.238,9.721,10.188,9.555,10.313,12.138,9.383,10.127,9.511,9.275,8.967,8.909,
131,,,9.432,9.785,9.685,8.667,8.500,9.879,9.537,9.433,9.758,8.808,8.563,8.300,8.596,9.800,10.158,9.638,10.617,12.104,9.564,10.286,9.567,9.679,9.342,8.812,
132,,10.200,9.557,9.823,9.800,9.037,9.004,9.892,9.579,9.500,9.833,8.729,8.621,8.800,8.625,9.825,10.263,9.743,10.804,11.988,9.518,10.418,9.710,9.700,9.446,8.788,
133,,10.300,9.610,9.900,9.800,9.357,9.413,9.708,9.971,9.613,9.921,8.654,8.379,9.138,8.683,9.900,10.125,9.967,10.488,12.225,9.504,10.604,9.732,10.021,9.321,8.567,
134,,10.135,9.763,10.000,9.930,9.617,9.327,9.838,10.313,9.929,9.796,8.596,8.263,9.421,8.838,9.988,9.983,9.960,10.433,12.017,9.560,10.811,10.085,10.354,9.579,8.492,
135,,10.143,9.967,10.238,10.252,9.692,9.300,9.867,10.421,10.296,9.963,8.883,8.550,9.771,8.887,10.183,10.000,10.132,10.454,11.983,9.445,11.064,10.095,10.358,10.067,8.746,
136,,10.178,10.104,10.535,10.400,9.800,9.304,9.954,10.583,10.808,10.221,9.363,8.838,10.146,8.609,10.433,10.179,10.342,10.833,12.283,9.495,11.364,9.924,10.329,10.530,8.771,
137,,10.222,10.088,10.809,10.543,10.117,9.445,10.096,10.696,11.121,10.417,9.625,9.083,10.313,8.583,10.604,10.221,10.535,11.346,12.525,9.554,11.667,9.705,10.233,10.958,8.967,
138,,10.243,10.104,11.000,10.719,10.370,9.617,10.329,10.717,11.342,10.400,9.938,9.195,10.371,8.967,10.625,10.213,10.577,11.738,12.646,9.935,11.850,9.957,10.354,11.367,9.204,
139,,10.452,10.213,11.179,10.818,10.350,9.735,10.483,10.667,11.583,,10.129,9.613,10.413,9.375,10.383,10.717,10.563,12.133,12.992,10.257,11.600,10.322,10.488,11.425,9.379,
140,,10.758,10.421,11.225,11.118,10.304,9.547,11.000,10.750,11.729,,10.454,9.887,10.308,9.704,10.271,11.025,10.633,12.371,13.217,10.519,11.650,10.590,10.717,11.113,9.583,
141,,11.062,10.525,11.405,11.360,10.229,9.295,11.171,10.638,11.579,,10.442,9.996,10.088,9.958,10.125,11.146,10.895,12.450,13.071,10.682,11.830,10.500,10.892,10.758,9.646,
142,,11.213,10.688,11.421,11.643,10.396,9.375,11.429,10.738,11.358,,10.225,10.279,9.946,10.029,10.021,11.025,11.129,12.292,12.900,10.696,12.017,10.365,11.013,10.433,9.550,
143,,11.539,10.996,11.409,11.967,10.422,9.796,11.429,10.825,11.071,,10.179,10.588,10.154,10.088,10.117,10.871,11.367,12.642,12.979,10.914,12.255,11.083,11.013,10.354,9.667,
144,,11.800,11.242,11.381,12.117,10.396,10.305,11.546,11.208,11.150,,10.029,10.613,10.171,10.213,10.225,11.100,11.514,13.042,13.150,11.225,12.504,11.445,10.942,10.579,9.717,
145,,11.800,11.425,11.386,12.462,10.500,10.662,11.648,11.613,11.246,,9.954,10.388,10.325,10.338,10.463,11.225,11.471,13.163,13.296,11.191,12.695,11.422,11.075,10.608,9.879,
146,,11.739,11.429,11.432,12.409,10.500,10.871,11.779,11.621,11.300,,10.196,10.575,10.317,10.279,10.625,11.275,11.429,13.246,13.167,11.174,12.838,11.327,11.192,11.138,10.274,
147,,11.392,11.346,11.625,12.496,10.500,11.167,11.917,11.725,11.396,,10.733,10.996,10.217,10.246,10.688,11.454,11.400,13.258,13.263,11.230,12.900,11.195,11.317,11.592,10.500,
148,,11.243,11.236,11.600,12.592,10.795,11.565,11.788,11.900,11.467,,11.150,11.038,10.200,10.250,10.913,11.663,11.468,13.321,13.375,11.430,13.027,11.443,11.604,11.800,10.500,
149,,11.354,11.083,11.680,12.557,11.304,11.715,11.700,12.330,11.738,,11.329,11.122,10.329,10.421,11.317,11.888,11.742,13.533,13.388,11.750,13.023,11.608,11.800,11.704,10.508,
150,,11.450,10.954,11.708,12.627,11.450,11.500,11.792,12.763,12.096,12.264,11.463,11.471,10.638,10.575,11.538,12.058,11.938,13.763,13.500,11.841,12.768,12.104,11.946,11.833,10.563,
151,,11.621,10.775,11.950,12.692,11.383,11.392,12.021,13.167,12.367,12.271,11.625,11.621,10.917,10.704,11.583,12.150,12.076,13.875,13.804,11.878,12.723,12.490,12.054,12.308,10.613,
152,,12.388,11.017,11.965,12.826,11.538,11.778,12.163,13.395,12.542,12.358,11.808,11.521,11.188,10.767,11.663,12.421,12.324,13.988,14.021,11.757,12.588,12.680,11.971,12.696,10.688,
153,,12.879,11.033,11.870,12.554,11.575,11.996,12.367,13.288,12.596,12.563,11.975,11.708,11.400,11.029,11.892,12.671,12.635,14.175,14.230,11.759,12.700,12.918,12.196,12.654,10.925,
154,,13.113,10.888,11.974,12.300,11.625,12.058,12.538,13.233,12.521,13.038,12.133,12.075,11.333,11.308,12.125,12.746,12.895,14.242,14.188,11.855,12.961,13.429,12.283,13.038,11.013,
155,,13.150,11.096,12.048,12.295,11.658,12.038,12.704,13.146,12.667,13.304,11.988,12.000,11.433,11.546,12.321,12.921,13.000,14.400,14.358,12.036,13.125,13.589,12.229,13.278,11.083,
156,,13.125,11.517,12.413,12.254,11.842,12.123,12.750,13.383,12.767,13.167,11.721,11.967,11.550,11.683,12.417,13.104,13.094,14.525,14.517,12.271,13.290,13.717,12.304,13.554,11.204,
157,,13.283,11.667,12.719,11.896,11.804,12.409,12.758,13.396,12.829,12.896,11.600,12.583,11.688,11.729,12.171,13.363,13.242,14.629,14.846,12.573,13.429,13.395,12.350,13.425,11.186,
158,,13.342,11.836,12.788,11.736,11.761,12.590,12.750,13.296,13.188,12.654,11.733,12.921,11.929,11.733,12.004,13.504,13.271,14.808,15.254,12.830,13.541,12.958,12.204,13.096,11.210,
159,,13.488,11.818,12.833,11.993,11.604,12.639,13.038,13.013,13.417,12.754,11.742,12.917,12.242,11.613,11.600,13.642,13.350,15.054,15.265,12.960,13.633,12.914,12.267,12.829,11.491,
160,,13.704,11.857,12.900,11.987,11.167,12.843,13.300,12.838,13.504,12.708,11.942,12.917,12.267,11.321,11.563,13.808,13.292,15.292,15.467,12.878,13.770,12.848,12.363,12.635,11.700,
161,,13.977,11.917,12.882,11.948,11.242,13.200,13.471,12.871,13.450,12.367,12.129,13.046,12.038,11.367,11.617,13.883,13.363,15.629,15.546,12.913,13.862,12.871,12.613,12.575,11.545,
162,,14.110,12.461,12.982,12.024,11.767,13.204,13.542,13.213,13.333,12.463,12.125,13.433,12.104,11.379,11.783,13.808,13.571,15.717,15.550,12.939,13.954,13.196,12.500,12.975,11.714,
163,,14.292,12.786,13.017,12.100,12.296,13.341,13.400,13.796,13.246,12.967,12.071,13.522,12.488,11.613,12.163,13.608,13.675,15.758,15.421,13.191,13.974,13.345,12.517,13.238,11.822,
164,12.250,14.558,13.070,12.987,12.350,12.629,13.352,13.058,13.700,13.204,13.458,12.271,13.892,12.796,11.888,12.488,13.225,13.663,15.800,15.288,13.495,13.995,13.556,12.629,13.454,12.029,
165,12.370,14.625,13.319,12.957,12.661,13.075,13.470,13.233,13.879,13.246,13.650,12.592,14.029,13.100,12.121,12.563,12.988,13.404,15.971,15.100,13.671,14.048,13.816,12.900,13.688,12.091,
166,12.560,14.796,13.491,13.039,12.786,13.236,13.373,13.483,13.975,13.342,13.621,12.854,14.238,13.154,12.221,12.667,13.225,13.392,15.904,14.917,13.714,14.214,14.271,13.096,13.971,11.895,
167,12.730,14.778,13.658,13.309,12.830,13.258,13.536,13.458,13.813,13.604,13.567,13.046,14.450,12.779,12.096,12.838,13.075,13.413,15.750,14.796,13.536,14.405,14.667,13.050,13.946,11.771,
168,12.804,14.496,13.743,13.668,13.129,13.229,14.067,13.529,13.850,13.542,13.704,13.254,14.792,12.433,12.050,12.863,11.904,13.421,15.758,14.758,13.477,14.642,14.959,13.000,14.179,11.881,
169,12.748,14.238,13.721,13.909,13.163,13.046,14.032,13.871,14.075,13.550,13.783,13.313,14.883,12.196,12.238,12.979,12.225,13.354,15.742,14.729,13.676,15.054,15.209,12.950,14.650,12.246,
170,12.876,14.067,13.713,14.174,13.439,13.148,14.067,14.067,14.117,13.646,13.983,13.252,14.404,12.492,12.321,12.963,12.138,13.804,15.754,14.892,14.015,15.143,15.431,13.117,14.804,12.554,
171,13.065,13.863,13.833,14.114,13.788,13.152,14.008,14.071,14.446,13.738,14.296,13.379,14.167,12.629,12.583,12.988,11.946,14.283,15.913,14.775,14.195,15.364,15.038,13.433,14.900,12.538,
172,13.145,13.983,13.848,,14.025,13.338,14.191,14.179,14.908,13.800,14.388,13.450,14.458,13.071,12.846,13.075,11.567,14.404,16.071,14.729,14.356,15.648,14.616,13.792,15.054,12.863,
173,13.030,14.358,13.923,,13.983,13.454,14.174,14.354,14.913,14.130,14.421,13.196,14.183,13.346,12.938,12.925,11.896,14.683,16.404,14.913,14.539,15.983,14.343,13.933,15.513,13.292,
174,13.282,14.825,14.013,,14.054,14.067,13.890,14.667,14.921,14.138,14.533,13.088,13.896,13.296,12.929,13.025,13.646,14.788,16.750,15.392,14.713,16.041,14.387,14.121,15.804,13.488,
175,13.438,14.923,13.877,,13.963,14.358,12.938,15.029,15.058,14.296,14.775,13.200,14.154,13.404,12.983,13.138,13.525,14.883,16.904,15.613,14.948,16.071,14.578,14.350,15.917,13.579,
176,13.627,14.750,13.904,14.640,13.865,14.313,14.310,15.354,15.133,14.687,14.983,13.467,14.521,13.858,12.938,13.158,13.758,14.883,16.917,15.733,14.957,16.130,14.735,14.525,15.829,13.538,
177,13.865,14.730,13.654,14.635,13.970,14.300,14.665,15.521,15.275,14.800,15.075,13.533,14.633,14.029,12.954,12.908,14.096,15.058,16.833,15.879,15.029,16.055,14.671,14.713,15.908,13.550,
178,14.096,15.021,13.435,14.845,14.074,14.492,14.288,15.842,15.171,15.104,14.992,13.488,14.758,14.104,12.867,12.633,14.088,15.188,16.763,15.858,15.200,15.814,14.659,14.854,15.963,13.854,
179,14.378,15.108,13.667,15.070,14.175,14.513,15.235,16.050,15.167,15.429,14.854,13.450,15.050,14.104,12.946,12.433,14.205,15.138,16.904,16.175,15.495,15.833,14.527,14.908,16.242,14.175,
180,14.643,15.454,13.683,14.883,14.204,14.400,15.530,16.108,15.308,15.575,14.713,13.638,15.167,14.250,13.246,12.625,14.596,15.279,17.271,16.446,15.700,15.452,14.590,14.550,16.467,14.338,
181,14.752,15.818,13.795,14.909,14.300,14.554,15.535,16.175,15.233,15.604,14.700,13.800,14.867,14.204,13.408,12.921,14.650,15.433,17.546,16.633,15.938,15.286,14.963,14.475,16.579,14.461,
182,,16.000,14.179,15.008,14.300,14.329,15.705,15.971,15.608,15.913,14.700,13.971,14.942,14.225,13.417,13.233,12.863,15.563,18.000,16.967,16.070,15.427,15.347,14.300,16.783,14.600,
183,15.264,16.000,14.310,15.248,14.300,14.363,15.573,15.879,15.895,16.033,15.175,14.058,15.154,14.221,13.463,13.371,13.875,15.571,18.200,17.133,16.048,15.496,15.659,14.079,17.067,14.329,
184,15.226,16.196,14.342,15.367,14.550,14.100,15.532,16.042,15.925,16.161,15.692,14.421,15.667,14.246,13.383,13.467,14.529,15.463,18.271,17.158,16.233,15.524,15.771,14.304,17.196,14.500,
185,15.339,16.371,14.254,15.418,14.700,14.208,15.596,16.133,16.192,16.467,15.904,14.767,16.108,14.242,13.592,13.525,7.167,15.571,18.317,17.171,16.300,15.700,15.938,14.713,17.283,14.829,
186,15.439,16.438,14.396,15.471,14.965,14.313,15.586,16.417,16.350,16.825,16.083,15.133,16.313,14.496,13.988,13.467,6.704,15.933,18.438,17.054,16.486,15.895,16.376,14.821,17.371,14.800,
187,15.578,16.654,14.467,15.413,15.457,14.729,14.377,16.633,16.613,16.838,16.346,15.225,16.404,14.863,14.179,13.654,5.375,16.167,18.375,17.004,16.671,16.224,16.314,14.967,17.283,14.713,
188,15.761,16.913,14.757,15.245,15.683,15.046,14.529,16.867,16.283,16.483,16.546,15.088,16.383,14.929,14.079,13.629,5.271,16.375,18.296,16.979,16.742,16.417,16.481,15.196,17.288,14.878,
189,15.605,17.050,14.980,15.209,16.064,15.146,16.680,16.721,15.813,16.358,16.808,15.179,16.154,15.029,14.313,13.958,5.913,16.400,18.396,16.954,16.795,16.443,16.605,15.475,17.229,15.138,
190,15.330,17.038,15.239,15.008,16.350,15.188,16.396,16.350,15.888,16.508,17.117,15.158,16.021,15.375,14.379,14.360,6.267,16.513,18.450,16.771,17.004,16.585,16.780,15.442,17.054,15.329,
191,,16.946,15.479,15.014,16.714,15.408,16.313,16.042,16.258,16.775,16.963,15.404,16.042,15.363,14.467,14.613,12.104,16.604,18.600,16.638,17.277,16.882,16.724,15.588,17.121,15.538,
192,,17.454,15.508,15.452,16.974,15.652,16.187,16.075,16.058,16.846,16.933,15.488,16.008,15.583,14.188,14.783,16.796,16.475,18.521,16.500,17.250,17.035,16.761,15.754,17.283,15.929,
193,,17.750,15.417,15.830,17.079,15.779,16.467,16.250,16.125,16.883,16.513,15.533,16.083,16.008,14.263,14.950,16.654,16.658,18.521,16.542,17.064,17.235,16.565,15.946,17.442,16.092,
194,,17.575,15.792,16.162,17.305,16.200,16.861,16.436,16.421,16.992,16.346,15.608,16.233,16.158,14.654,14.996,16.658,16.696,18.554,16.750,16.935,17.200,16.596,16.038,17.638,16.133,
195,,17.363,15.783,16.423,17.422,16.435,16.996,16.221,16.513,16.921,16.371,15.863,16.383,16.138,14.954,15.158,16.825,16.767,18.308,17.021,16.725,17.445,16.580,16.071,17.800,16.200,
196,,17.215,15.614,16.314,17.327,16.638,17.233,16.325,16.725,16.938,16.608,16.042,16.583,16.063,15.054,15.296,16.738,17.000,18.279,17.246,17.288,17.520,16.918,16.167,17.792,16.550,
197,,17.058,15.426,16.332,17.054,16.975,17.482,16.800,16.838,17.083,16.825,16.000,16.767,16.125,15.075,15.425,16.617,17.292,18.217,17.329,17.441,17.679,17.361,16.304,18.004,16.763,
198,,16.978,15.367,16.546,16.895,16.888,17.535,16.992,16.846,17.267,17.067,16.063,17.017,16.254,15.108,15.367,16.754,17.154,17.963,17.167,17.339,17.864,17.468,16.421,17.996,16.758,
199,,17.208,15.092,16.830,16.658,16.658,17.491,17.183,16.917,17.308,17.058,16.246,17.113,16.242,15.213,15.371,17.167,17.221,18.029,17.242,17.226,17.924,17.514,16.400,18.271,16.850,
200,,17.483,15.196,17.004,16.421,16.988,17.418,17.425,17.238,17.238,16.942,16.675,17.442,16.446,15.421,15.638,17.400,17.467,18.421,17.321,17.282,17.890,17.476,16.596,18.513,17.021,
201,,17.875,15.724,17.000,16.509,17.150,17.441,17.613,17.438,17.104,16.867,16.692,17.742,16.813,15.529,15.663,17.579,17.488,18.813,17.304,17.400,17.832,17.071,17.017,18.567,17.108,
202,,18.142,16.105,16.768,16.526,17.113,17.764,17.671,17.300,17.225,16.883,16.938,18.042,17.225,15.579,15.608,17.796,17.358,18.992,17.400,17.214,18.022,17.010,17.250,18.646,17.067,
203,,18.330,16.264,16.726,16.435,17.135,18.048,17.617,17.346,17.513,17.088,17.108,18.025,17.250,15.600,15.717,18.046,17.296,19.092,17.417,17.277,18.305,17.245,17.333,18.450,17.238,
204,,18.538,16.433,16.979,16.557,17.291,17.987,17.792,17.633,17.629,17.325,17.238,18.171,17.163,15.708,15.946,18.325,17.250,19.075,17.633,17.735,18.295,17.706,17.133,18.458,17.354,
205,,18.825,16.522,17.187,16.617,17.185,18.043,18.013,17.542,18.083,17.646,17.479,18.138,17.200,16.025,16.050,18.463,17.100,19.200,17.792,18.004,18.027,17.789,17.275,18.492,17.433,
206,,18.958,16.481,17.400,16.691,17.279,18.183,18.288,17.496,18.425,17.871,17.538,18.004,17.538,16.217,16.158,18.404,17.175,19.308,17.971,17.900,18.083,17.655,17.371,18.779,17.554,
207,,19.171,16.548,17.683,16.771,17.579,18.157,18.454,17.775,18.575,17.967,17.525,17.688,17.921,16.046,16.354,18.458,17.508,19.121,18.158,17.687,18.239,17.676,17.342,18.871,17.617,
208,,19.384,16.605,17.639,16.952,17.800,18.357,18.708,17.942,18.708,17.750,17.375,17.608,18.038,16.038,16.479,18.463,18.038,18.933,18.350,17.900,18.291,17.886,17.400,18.821,17.704,
209,,19.465,16.604,17.500,16.975,17.800,18.635,18.813,17.925,18.783,17.913,17.900,17.913,17.946,16.392,16.613,18.554,18.342,18.775,18.675,18.190,18.291,17.952,17.483,19.004,17.871,
210,,19.492,16.617,17.554,17.026,17.892,18.922,18.571,17.892,18.717,18.050,17.942,18.129,17.754,16.596,16.921,18.692,18.454,19.071,18.613,18.045,18.446,18.259,17.504,19.246,18.079,
211,,19.439,16.818,17.550,17.004,18.100,18.995,18.413,17.896,18.671,18.217,16.571,17.521,17.625,16.667,16.975,18.696,18.667,19.513,18.533,18.196,18.729,18.457,17.413,19.429,18.213,
212,,19.267,17.178,17.696,17.121,18.100,18.727,18.275,18.104,18.588,18.408,18.113,17.913,17.592,16.821,17.096,18.550,18.938,19.533,18.529,18.385,18.881,18.370,17.483,19.363,18.163,
213,17.360,19.246,17.348,17.836,17.150,18.100,18.787,18.325,18.342,18.558,18.433,17.946,18.104,17.896,16.900,17.079,18.071,18.950,19.392,18.900,18.713,18.957,18.424,17.608,19.279,18.267,
214,17.478,19.475,17.427,17.848,17.173,17.796,18.745,18.375,18.475,18.596,18.483,17.783,18.104,18.225,17.075,17.317,17.979,19.025,19.450,19.117,18.755,19.104,18.276,17.592,19.363,18.261,
215,17.617,19.883,17.309,17.977,17.175,17.333,18.719,18.708,18.467,18.717,18.567,17.667,18.775,18.317,17.154,17.450,18.163,19.096,19.563,19.183,18.678,19.222,18.376,17.663,19.408,18.163,
216,17.782,20.196,17.130,18.374,17.250,17.396,18.961,18.929,18.321,18.675,18.721,17.783,19.083,18.279,17.258,17.450,18.308,19.213,19.617,19.113,18.775,19.115,18.610,17.771,19.488,18.179,
217,17.891,20.167,17.257,18.525,17.243,17.357,19.141,19.054,18.433,18.654,18.804,18.142,19.025,18.375,17.229,17.446,18.667,19.325,19.713,19.008,18.510,19.325,18.753,17.867,19.700,18.008,
218,17.817,19.900,17.448,18.468,17.229,17.275,19.290,19.075,18.738,18.583,18.900,18.392,18.967,18.404,17.417,17.479,18.758,19.388,19.696,18.883,18.596,19.508,18.914,17.975,19.767,17.908,
219,17.856,19.613,17.600,18.483,17.319,17.526,19.267,19.013,18.721,18.900,18.929,18.500,18.488,18.104,17.783,17.413,18.971,19.313,19.583,18.754,18.671,19.609,19.178,17.967,19.546,17.888,
220,18.038,19.614,17.661,18.462,17.150,17.546,19.300,18.904,18.650,19.054,18.950,18.567,18.517,17.879,17.746,17.413,19.275,19.125,19.604,18.779,18.605,19.114,19.261,17.804,19.554,18.054,
221,17.973,19.979,17.948,18.770,17.026,17.770,19.148,18.988,18.808,19.075,18.733,18.483,17.996,17.992,17.883,17.563,19.388,19.129,19.829,18.763,18.814,18.952,19.104,17.817,19.667,17.929,
222,18.024,20.150,18.009,19.013,17.163,18.213,19.119,19.083,19.092,19.067,18.688,18.233,18.139,18.221,17.817,17.621,19.496,19.300,19.992,18.575,19.100,19.045,18.891,17.867,19.813,17.929,
223,18.058,20.021,18.055,18.948,17.321,18.500,19.394,19.142,19.225,18.929,18.688,18.138,18.350,18.429,17.821,17.679,19.708,19.458,19.996,18.625,19.038,19.052,18.878,18.021,19.946,18.071,
224,18.020,20.022,18.065,18.714,17.500,18.617,19.500,19.296,19.275,18.925,18.933,18.083,18.450,17.775,17.863,17.629,19.708,19.633,19.900,18.808,18.952,19.196,19.005,17.954,19.958,18.508,
225,18.000,20.196,18.068,18.717,17.500,18.805,19.500,19.338,19.283,19.104,19.017,18.221,18.404,18.700,17.917,17.717,19.713,19.621,20.054,18.971,19.282,19.281,19.032,18.046,20.042,18.833,
226,18.071,20.408,17.905,18.883,17.758,18.908,19.500,19.125,19.346,19.408,19.042,18.575,18.283,18.625,17.958,17.717,19.783,19.554,20.175,19.008,19.610,19.408,19.186,18.083,19.854,18.725,
227,18.391,20.588,17.926,18.924,18.150,18.967,19.500,19.013,19.400,19.575,19.079,18.800,18.167,18.279,18.000,17.888,19.773,19.392,20.233,19.142,19.800,19.471,19.082,17.888,20.075,18.875,
228,18.555,20.504,17.950,18.762,18.138,18.861,19.500,19.200,19.425,19.671,19.221,19.058,18.129,18.546,17.988,17.863,19.625,19.350,20.075,19.267,20.081,19.608,18.975,17.938,20.292,19.113,
229,18.555,20.288,18.074,18.817,17.786,18.704,19.500,19.613,19.329,19.679,19.413,19.288,18.057,19.025,17.996,18.033,19.463,19.463,19.950,19.371,20.186,19.496,18.926,18.071,20.367,19.229,
230,18.645,20.171,18.261,18.843,17.800,18.691,19.500,19.804,19.150,19.550,19.371,19.325,17.988,19.121,17.904,18.167,19.425,19.675,20.138,19.596,20.282,19.143,18.887,18.167,20.250,19.146,
231,18.636,20.142,18.164,18.636,17.800,18.783,19.500,19.983,19.275,19.400,19.350,19.467,18.254,19.088,17.858,18.067,19.525,20.008,20.188,19.717,20.074,19.104,19.171,18.463,20.175,19.271,
232,18.314,20.113,18.265,18.552,17.800,18.821,19.500,19.983,19.229,19.438,19.213,19.700,18.467,18.867,17.858,18.046,19.500,19.954,20.088,19.621,19.850,19.148,19.461,18.725,20.138,19.379,
233,18.429,20.225,18.422,18.524,17.800,18.813,19.500,19.917,19.629,19.600,19.167,19.821,18.413,18.863,18.138,18.050,19.563,19.858,19.967,19.542,19.768,19.174,19.491,18.846,19.996,19.454,
234,18.619,20.063,18.435,18.645,17.800,18.804,19.500,19.929,19.642,19.704,19.108,19.750,18.246,18.775,18.304,18.088,19.467,19.783,19.763,19.583,19.900,19.264,19.332,18.925,19.838,19.700,
235,18.827,20.008,18.518,18.705,17.800,18.992,19.500,19.908,19.333,19.783,19.179,19.325,18.196,18.750,18.121,18.113,19.454,19.754,19.717,19.604,20.000,19.208,19.195,18.946,19.583,19.771,
236,18.990,19.988,18.665,18.874,17.800,19.143,19.500,19.825,19.296,19.746,19.225,19.017,18.138,18.846,18.208,18.125,19.354,19.871,19.629,19.458,20.024,19.160,19.005,18.971,19.613,19.833,
237,18.936,20.052,18.657,19.090,17.800,19.250,19.500,19.671,19.367,19.850,19.350,18.971,18.583,19.125,18.392,18.029,19.333,19.621,19.563,19.388,19.800,19.041,18.905,19.117,19.721,19.708,
238,18.886,20.329,18.455,19.227,17.800,19.300,19.500,19.538,19.429,19.896,19.504,18.979,18.867,19.000,18.688,18.013,19.292,19.742,19.388,19.338,19.591,19.130,19.132,19.192,19.821,19.608,
239,18.777,20.417,18.396,,17.800,19.300,19.500,19.504,19.533,19.921,19.596,18.717,19.029,18.929,18.833,18.075,19.242,19.713,19.308,19.300,19.479,19.162,19.306,19.283,19.754,19.800,
240,18.686,20.486,18.539,,17.800,19.438,19.500,19.538,19.529,20.067,19.529,18.825,19.058,18.729,18.763,18.171,19.454,19.729,19.529,19.300,19.461,19.383,19.306,19.321,19.633,19.713,
241,18.586,20.575,18.609,18.320,17.379,19.574,19.500,19.446,19.517,19.963,19.671,18.592,18.975,18.413,18.913,18.132,19.567,19.613,19.700,19.000,19.641,19.448,19.267,19.133,19.763,19.713,
242,18.591,20.608,18.352,18.480,,19.630,19.500,19.225,19.263,19.825,19.775,18.546,19.013,18.079,18.942,18.033,19.758,19.471,19.775,18.850,19.732,19.533,19.195,19.000,19.929,19.800,
243,18.662,20.874,18.078,18.517,,19.543,19.500,19.579,19.258,19.471,19.825,18.808,19.008,18.138,18.830,17.933,19.775,19.513,19.763,18.800,19.479,19.495,19.138,18.925,19.921,19.988,
244,18.827,21.058,17.922,18.700,,19.513,19.500,19.754,19.446,19.429,19.604,18.833,19.113,18.238,18.646,17.913,19.879,19.529,19.508,18.746,19.374,19.404,19.210,18.833,19.638,20.013,
245,19.014,21.063,17.874,18.504,,19.492,19.500,19.896,19.554,19.433,19.546,18.788,19.371,18.342,18.525,17.988,19.963,19.508,19.254,18.846,19.514,19.323,19.381,19.017,19.604,20.021,
246,19.205,21.129,18.046,18.088,,19.427,19.500,19.896,19.625,19.575,19.729,18.779,19.400,18.417,18.433,18.104,20.208,19.579,19.004,18.825,19.713,19.470,19.610,19.417,19.583,19.754,
247,19.267,21.171,,17.913,,19.296,19.500,19.563,19.596,19.738,19.938,18.700,,18.396,18.471,18.158,20.317,19.442,18.863,18.629,19.995,19.595,19.807,19.458,19.579,19.683,
248,19.123,21.221,,17.923,,19.267,19.500,19.308,19.542,19.850,20.079,18.692,,18.304,18.608,18.217,20.342,19.342,18.804,18.358,20.142,19.683,20.000,19.542,19.675,19.808,
249,18.977,21.325,,18.070,,,19.500,19.163,19.404,19.913,20.133,18.783,,18.200,18.700,18.350,20.350,19.400,18.800,18.292,20.217,19.633,20.025,19.579,19.813,19.825,
250,18.914,21.371,,18.278,,,19.500,19.300,19.275,19.800,20.167,18.838,,17.975,,18.496,20.200,19.408,18.692,18.283,20.139,19.635,20.015,19.583,19.758,19.833,
251,18.935,21.348,,18.423,,,19.500,19.504,19.321,19.892,20.100,19.013,,17.900,,18.396,20.100,19.392,18.550,18.329,19.990,19.633,19.994,19.454,19.729,19.711,
252,18.940,21.165,,18.460,,,19.500,19.767,19.267,19.983,20.033,18.996,,18.004,,18.258,20.050,19.425,18.654,18.438,19.905,19.557,20.033,19.267,19.800,19.439,
253,19.064,20.941,,,,,19.500,19.742,19.125,19.904,19.917,18.925,,18.142,,18.242,19.983,19.288,18.854,18.458,19.900,19.491,19.911,19.213,19.800,19.200,
254,19.082,20.738,,,,,19.500,19.525,18.950,19.875,19.788,18.883,,18.163,,18.158,19.875,19.038,18.983,18.438,19.678,19.368,19.705,18.950,19.750,19.061,
255,18.868,20.708,,,,,19.500,19.383,18.925,19.854,19.704,18.888,,18.167,,18.108,20.079,18.933,19.029,18.483,19.518,19.261,19.563,18.813,19.767,19.183,
256,18.482,20.800,,,,,,19.313,18.950,19.800,19.654,19.017,,18.188,,17.821,20.350,18.654,19.138,18.392,19.518,19.138,19.519,18.800,19.650,19.344,
257,18.414,20.750,,,,,,19.117,18.883,19.379,19.583,19.063,,18.246,,17.850,20.438,18.604,19.075,18.250,19.523,19.088,19.356,18.850,19.600,19.400,
258,18.486,,,,,,,18.871,18.821,19.088,19.513,19.038,,18.307,,17.750,20.329,18.633,18.896,18.200,19.505,19.161,19.122,18.835,19.408,19.300,
259,18.277,,,,,,,18.846,18.875,18.929,19.275,18.963,,,,17.858,20.288,18.750,18.800,18.292,19.196,19.068,18.959,18.692,19.167,19.278,
260,18.136,,,,,,,18.788,18.892,18.704,19.079,18.938,,,,17.921,20.271,18.867,18.800,18.600,19.009,18.905,18.838,18.575,19.042,19.106,
261,18.041,,,,,,,18.654,18.838,18.679,18.904,18.946,,,,17.817,20.017,19.000,18.732,18.800,18.891,18.824,18.684,18.646,18.788,18.970,
262,18.036,,,,,,,18.563,18.904,18.446,18.667,19.071,,,,17.667,19.779,19.033,18.475,18.733,18.713,18.729,18.500,18.750,18.563,18.956,
263,17.895,,,,,,,18.571,18.779,18.429,18.558,19.133,,,,17.638,19.621,19.067,18.400,18.617,18.517,18.618,18.500,18.842,18.400,18.872,
264,17.900,,,,,,,18.608,18.800,18.325,18.442,19.113,,,,17.758,19.658,19.096,18.400,18.267,18.286,18.500,18.550,18.838,18.229,18.772,
265,18.091,,,,,,,18.500,18.800,18.300,18.225,18.992,,,,17.867,19.567,19.154,18.333,18.038,18.104,18.343,18.537,18.775,18.100,18.744,
266,18.218,,,,,,,18.500,18.800,18.196,18.083,17.430,,,,17.846,19.275,19.300,18.188,18.163,18.035,18.313,18.476,18.658,17.921,18.711,
267,18.300,,,,,,,18.500,18.800,18.171,18.025,17.712,,,,17.813,19.088,19.300,18.183,18.300,18.133,18.265,18.312,18.721,17.946,18.588,
268,18.300,,,,,,,18.500,18.800,18.188,17.788,18.275,,,,17.721,18.963,19.258,18.196,18.225,18.200,18.121,18.263,18.854,18.025,18.583,
269,18.350,,,,,,,18.500,18.800,18.300,17.704,18.225,,,,17.729,18.733,19.092,18.154,18.321,18.122,18.030,18.256,18.904,18.079,18.639,
270,18.095,,,,,,,18.500,18.800,18.363,17.688,18.175,,,,17.771,18.429,18.929,18.000,18.358,18.115,18.113,18.194,18.735,18.017,18.756,
271,17.925,,,,,,,18.500,18.800,18.425,17.492,18.025,,,,17.925,18.142,18.875,17.708,18.388,18.222,18.135,17.988,18.458,17.913,18.889,
272,17.667,,,,,,,18.500,18.800,18.400,17.254,17.983,,,,17.908,18.033,18.892,17.571,18.263,18.367,18.229,17.511,18.108,17.792,18.856,
273,17.664,,,,,,,18.500,18.800,18.400,17.192,17.988,,,,17.879,17.796,18.800,17.513,18.400,18.325,18.039,17.271,18.008,17.538,18.861,
274,,,,,,,,18.500,18.800,18.400,16.908,17.954,,,,17.875,17.517,18.613,17.433,18.483,18.225,17.971,17.172,17.979,17.367,18.894,
275,,,,,,,,18.500,18.800,18.400,16.800,17.883,,,,17.792,17.500,18.404,17.375,18.446,18.076,17.826,17.031,18.267,17.317,18.906,
276,,,,,,,,18.500,18.800,18.400,16.800,17.800,,,,17.663,17.250,18.283,17.296,18.313,17.843,17.630,16.958,18.321,17.238,18.956,
277,,,,,,,,18.500,18.800,18.400,16.800,17.850,,,,17.388,,18.246,17.121,18.129,17.752,17.423,16.932,18.342,17.325,18.983,
278,,,,,,,,18.500,18.800,18.400,16.800,17.900,,,,17.142,,18.200,17.000,18.033,17.625,17.214,17.006,18.400,17.329,19.100,
279,,,,,,,,18.500,18.800,18.400,16.800,17.804,,,,16.904,,18.233,16.909,17.975,17.533,16.971,17.035,18.417,17.265,19.100,
280,,,,,,,,18.500,18.800,18.400,16.800,17.683,,,,16.696,,18.117,16.883,17.775,17.430,17.026,17.011,18.521,17.126,19.100,
281,,,,,,,,18.500,18.800,18.400,16.800,17.492,,,,16.533,16.700,18.338,16.813,17.604,17.243,16.857,16.925,18.621,16.967,19.006,
282,,,,,,,,18.500,18.800,18.400,,17.008,,,,16.433,16.700,17.663,16.771,17.573,16.995,16.695,16.663,18.700,16.888,18.911,
283,,,,,,,,18.500,18.800,,,16.829,,,,16.354,16.700,18.300,16.779,17.424,16.718,16.667,16.539,18.658,16.738,18.861,
284,,,,,,,,18.500,18.800,,,16.800,,,,16.267,16.700,18.300,16.683,17.263,16.562,16.604,16.447,18.596,16.563,18.694,
285,,,,,,,,18.500,17.713,,,16.800,,,,16.304,16.700,18.179,16.646,17.009,16.429,16.574,16.337,18.267,16.300,18.544,
286,,,,,,,,18.500,16.879,,,16.800,,,,16.304,16.700,17.033,16.517,16.817,16.178,16.530,16.235,18.021,16.087,18.306,
287,,,,,,,,18.500,16.875,,,16.800,,,,16.208,16.618,17.825,16.508,16.647,16.055,16.473,16.144,17.588,16.042,18.222,
288,,,,,,,,18.500,16.821,,,16.800,,,,16.200,16.429,17.800,16.454,16.443,15.800,16.400,16.253,17.117,15.950,18.106,
289,,,,,,,,18.500,16.779,,,,,,,16.238,16.400,17.608,16.388,16.359,15.586,16.285,16.150,16.875,15.888,17.928,
290,,,,,,,,18.500,16.754,,,,,,,16.192,16.400,17.433,16.329,16.222,15.532,16.188,16.020,16.592,15.925,17.833,
291,,,,,,,,18.500,16.683,,,,,,,16.025,16.400,17.283,16.271,16.113,15.400,16.114,15.857,16.500,15.921,17.711,
292,,,,,,,,18.500,16.575,,,,,,,15.863,,17.200,16.125,16.041,15.376,15.995,15.793,16.488,15.871,17.533,
293,,,,,,,,18.500,16.541,,,,,,,15.704,,16.750,16.061,15.945,15.300,15.976,15.740,16.258,15.900,17.339,
294,,,,,,,,18.500,16.496,,,,,,,15.513,,16.933,16.063,15.871,15.217,15.860,15.536,16.083,15.850,17.150,
295,,,,,,,,18.500,16.421,,,,,,,15.371,,16.888,15.983,15.904,14.996,15.764,15.358,16.021,15.817,16.911,
296,,,,,,,,18.500,16.308,,,,,,,15.050,,16.733,15.871,15.855,14.870,15.700,15.300,15.613,15.813,16.672,
297,,,,,,,,18.500,16.208,,,,,,,14.775,,16.671,15.646,15.747,14.735,15.629,15.275,15.296,15.733,16.444,
298,,,,,,,,18.500,16.200,,,,,,,14.633,,16.342,15.404,15.763,14.700,15.619,15.280,15.071,15.558,16.156,
299,,,,,,,,18.500,16.200,,,,,,,14.550,,16.117,15.188,15.677,14.700,15.491,15.217,14.875,15.488,15.833,
300,,,,,,,,18.500,16.200,,,,,,,14.525,,15.950,14.992,15.708,14.639,15.470,15.094,14.717,15.363,15.444,
301,,,,,,,,18.500,16.200,,,,,,,14.500,,15.808,14.879,15.650,14.605,15.292,14.971,14.250,15.192,15.400,
302,,,,,,,,18.500,16.200,,,,,,,14.438,,15.646,14.817,15.600,14.700,15.122,14.775,13.875,15.029,15.367,
303,,,,,,,,18.500,16.200,,,,,,,14.508,,15.550,14.908,15.475,14.645,15.039,14.271,13.888,14.692,15.429,
304,,,,,,,,18.500,16.200,,,,,,,14.542,,15.546,14.829,15.317,14.514,14.913,13.953,14.008,14.429,15.288,
305,,,,,,,,18.500,16.200,,,,,,,14.500,13.164,15.579,14.696,15.254,14.382,14.843,13.729,13.992,14.246,15.200,
306,,,,,,,,18.500,16.200,,,,,,,14.496,14.038,15.479,14.433,15.129,14.186,14.787,13.660,14.092,14.171,15.100,
307,,,,,,,,18.500,16.200,,,,,,,14.500,13.892,15.363,14.292,15.000,13.886,14.676,13.425,14.342,14.229,15.158,
308,,,,,,,,18.500,16.200,,,,,,,14.533,13.683,15.250,14.188,14.950,13.609,14.524,13.324,14.417,14.167,15.100,
309,,,,,,,,18.500,16.200,,,,,,,14.600,13.463,15.142,14.050,14.829,13.200,14.267,13.306,14.400,14.179,14.953,
310,,,,,,,,18.500,16.200,,,,,,,14.554,13.354,14.946,13.908,14.800,12.818,14.122,13.167,14.454,14.038,14.644,
311,,,,,,,,18.500,16.200,,,,,,,14.425,13.088,15.154,13.867,14.738,12.486,14.005,13.331,14.354,13.683,14.211,
312,,,,,,,,18.500,16.200,,,,,,,14.300,13.042,15.008,13.738,14.588,12.130,13.663,13.329,14.200,13.521,13.978,
313,,,,,,,,18.500,16.200,,,,,,,14.033,13.000,14.879,13.567,14.500,12.074,13.371,13.172,13.963,13.321,13.678,
314,,,,,,,,18.500,16.200,,,,,,,13.796,12.808,14.742,13.558,14.400,12.304,13.043,13.263,13.638,13.229,13.522,
315,,,,,,,,18.500,16.200,,,,,,,13.475,12.604,14.508,13.533,14.300,12.400,12.795,13.106,13.058,13.121,12.941,
316,,,,,,,,18.500,16.200,,,,,,,13.163,12.538,14.058,13.404,14.188,12.409,12.532,13.024,12.771,13.000,12.956,
317,,,,,,,,18.500,16.200,,,,,,,12.792,12.646,13.396,13.254,14.096,12.443,12.500,12.938,12.742,12.858,13.000,
318,,,,,,,,18.500,16.200,,,,,,,12.588,12.600,13.188,13.246,13.933,12.633,12.255,12.735,12.613,12.721,12.856,
319,,,,,,,,18.500,16.200,,,,,,,12.342,12.588,12.946,13.163,13.725,12.505,12.018,12.721,12.554,12.763,12.800,
320,,,,,,,,18.500,16.200,,,,,,,12.150,12.375,12.738,13.046,13.596,12.571,12.021,12.622,12.483,12.650,12.800,
321,,,,,,,,18.500,16.200,,,,,,,12.263,12.125,12.463,12.767,13.338,12.441,11.862,12.452,12.421,12.346,12.794,
322,,,,,,,,18.500,16.200,,,,,,,12.332,12.100,12.467,12.742,13.110,12.373,11.800,12.335,12.163,11.925,12.356,
323,,,,,,,,18.500,16.200,,,,,,,12.221,11.933,12.379,12.400,12.886,12.205,11.771,12.270,12.163,11.592,12.578,
324,,,,,,,,18.500,16.200,,,,,,,12.229,11.442,12.442,12.275,12.576,12.048,11.583,12.142,12.050,11.192,12.356,
325,,,,,,,,18.500,16.200,,,,,,,12.217,11.013,12.433,12.133,12.404,11.932,11.490,11.946,11.875,10.554,12.183,
326,,,,,,,,18.500,16.200,,,,,,,12.054,10.721,12.346,11.921,12.314,11.921,11.357,11.700,11.775,10.454,11.961,
327,,,,,,,,18.500,16.200,,,,,,,11.883,10.450,12.254,11.617,12.109,11.804,11.300,11.463,11.658,10.708,11.794,
328,,,,,,,,18.500,16.200,,,,,,,11.775,10.213,12.029,11.433,11.990,11.657,11.236,11.104,11.575,10.921,11.600,
329,,,,,,,,18.500,16.200,,,,,,,11.517,10.117,11.808,11.275,11.867,11.454,11.200,10.958,11.392,10.963,11.517,
330,,,,,,,,18.500,16.200,,,,,,,11.404,10.067,11.758,10.967,11.700,11.283,11.009,10.625,11.304,10.900,11.478,
331,,,,,,,,18.500,16.200,,,,,,,11.338,9.938,11.875,10.692,11.636,11.143,10.900,10.333,11.154,10.946,11.261,
332,,,,,,,,18.500,16.200,,,,,,,11.138,9.900,11.871,10.529,11.591,11.010,10.921,10.129,10.888,10.958,10.900,
333,,,,,,,,18.500,16.200,,,,,,,10.935,9.863,11.429,10.404,11.496,10.691,10.991,9.779,10.633,10.933,10.494,
334,,,,,,,,18.500,16.200,,,,,,,10.813,9.788,10.692,10.163,11.343,10.296,10.957,9.483,10.504,10.879,10.250,
335,,,,,,,,18.500,16.200,,,,,,,10.829,9.767,10.088,10.125,11.109,10.018,10.909,9.371,10.346,10.900,9.917,
336,,,,,,,,18.500,16.200,,,,,,,10.900,9.662,9.712,10.063,11.033,10.059,10.783,9.279,10.200,11.067,9.344,
337,,,,,,,,18.500,16.200,,,,,,,10.800,9.437,9.196,9.954,10.930,9.809,10.642,9.254,9.833,10.729,8.983,
338,,,,,,,,18.500,16.200,,,,,,,10.638,9.082,9.125,9.983,10.727,9.645,10.500,9.225,9.638,10.438,8.700,
339,,,,,,,,18.500,16.200,,,,,,,10.567,8.729,9.196,10.000,10.581,9.432,10.217,9.088,9.500,10.171,8.633,
340,,,,,,,,18.500,16.200,,,,,,,10.408,8.179,9.242,10.000,10.323,9.329,9.778,9.158,9.309,9.842,8.478,
341,,,,,,,,18.500,16.200,,,,,,,10.229,7.717,9.488,9.952,9.992,9.300,9.461,9.129,9.158,9.479,8.444,
342,,,,,,,,18.500,16.200,,,,,,,10.067,7.700,9.604,9.833,9.726,9.205,9.327,9.175,8.900,9.300,8.311,
343,,,,,,,,18.500,16.200,,,,,,,9.825,7.700,9.617,9.800,9.327,9.005,9.221,9.167,8.654,9.250,8.150,
344,,,,,,,,18.500,16.200,,,,,,,9.579,7.700,9.529,9.625,9.052,8.943,9.109,9.054,8.567,9.187,7.694,
345,,,,,,,,18.500,16.200,,,,,,,9.388,7.700,9.429,9.629,8.833,8.829,9.022,8.854,8.525,9.154,7.800,
346,,,,,,,,18.500,16.200,,,,,,,9.165,7.700,9.325,9.592,8.841,8.785,8.932,8.638,8.400,9.063,7.728,
347,,,,,,,,18.500,16.200,,,,,,,9.117,7.404,9.196,9.438,8.691,8.600,8.877,8.537,8.274,8.825,7.667,
348,,,,,,,,18.500,16.200,,,,,,,9.033,7.400,8.988,9.292,8.504,8.514,8.776,8.413,8.271,8.558,7.650,
349,,,,,,,,18.500,16.200,,,,,,,8.904,7.400,8.650,9.054,8.255,8.409,8.685,8.129,8.187,8.475,7.528,
350,,,,,,,,18.500,16.200,,,,,,,8.754,7.400,8.500,8.738,8.027,8.478,8.538,7.883,8.017,8.317,7.439,
351,,,,,,,,18.500,16.200,,,,,,,8.537,7.367,8.408,8.508,7.821,8.464,8.448,7.608,7.825,8.200,7.276,
352,,,,,,,,18.500,16.200,,,,,,,8.288,7.408,8.313,8.221,7.655,8.371,8.419,7.471,7.621,8.058,6.978,
353,,,,,,,,18.500,16.200,,,,,,,7.958,7.350,8.050,8.104,7.329,8.200,8.436,7.333,7.430,7.775,6.367,
354,,,,,,,,18.500,16.200,,,,,,,7.617,7.138,7.846,7.975,7.119,7.968,8.441,7.208,7.329,7.433,5.817,
355,,,,,,,,18.500,16.200,,,,,,,7.429,6.783,7.725,7.758,7.115,7.875,8.352,7.129,7.358,7.083,5.250,
356,,,,,,,,18.500,16.200,,,,,,,7.337,6.542,7.612,7.463,7.200,7.708,8.190,7.054,7.442,6.854,4.844,
357,,,,,,,,18.500,16.200,,,,,,,7.279,6.396,7.500,7.304,7.227,7.326,7.870,6.983,7.292,6.746,4.522,
358,,,,,,,,18.500,16.200,,,,,,,7.179,6.204,7.400,7.133,7.200,7.068,7.782,6.846,7.133,6.738,4.422,
359,,,,,,,,18.500,16.200,,,,,,,7.008,5.917,7.400,7.088,7.170,6.823,7.705,6.929,6.900,6.521,4.478,
360,,,,,,,,18.500,16.200,,,,,,,6.929,5.800,7.263,7.088,6.961,6.500,7.500,6.971,6.535,6.196,4.589,
361,,,,,,,,18.500,16.200,,,,,,,6.900,5.800,7.096,6.933,6.738,6.332,7.177,6.967,6.317,5.629,4.728,
362,,,,,,,,18.500,16.200,,,,,,,6.808,5.729,6.617,6.737,6.509,6.164,6.941,6.842,6.213,5.096,4.889,
363,,,,,,,,18.500,16.200,,,,,,,6.721,5.558,6.308,6.600,6.274,6.065,6.743,6.658,6.100,4.825,4.950,
364,,,,,,,,18.500,16.200,,,,,,,6.471,5.442,6.175,6.550,6.164,5.986,6.604,6.500,6.012,4.604,4.900,
365,,,,,,,,18.500,16.200,,,,,,,6.275,5.342,5.742,6.388,6.100,5.886,6.505,6.350,5.950,4.575,4.972,
366,,,,,,,,18.500,,,,,,,,5.992,,,,6.032,,,,5.983,,,
Notes:
1997-2023 Rocky Reach Daily Average Tailrace Temperature (C)
Generated 03 Apr 2023 10:35:39 PDT. DART Columbia Basin Conditions All Years www.cbr.washington.edu/dart/query/basin_conditions_hist.

"DART Data Citation. Columbia River DART, Columbia Basin Research, University of Washington. (2023). Columbia Basin Conditions All Years. Available from https://www.cbr.washington.edu/dart/query/basin_conditions_hist."
