day,1998,1999,2000,2001,2002,2003,2004,2005,2006,2007,2008,2009,2010,2011,2012,2013,2014,2015,2016,2017,2018,2019,2020,2021,2022,2023
1,,,,,,,,,,,,,,,,,5.417,5.519,6.071,5.842,5.917,6.283,5.975,5.896,4.471,4.983
2,,,,,,,,,,,,,,,,,5.358,5.515,5.900,5.579,5.913,6.283,6.000,5.800,4.371,4.772
3,,,,,,,,,,,,,,,,,5.265,5.374,5.633,5.179,5.738,6.200,6.000,5.788,4.267,4.528
4,,,,,,,,,,,,,,,,,5.159,5.300,5.479,4.858,5.454,6.121,5.954,5.742,4.162,4.461
5,,,,,,,,,,,,,,,,,4.904,5.233,5.525,4.496,5.450,6.108,5.813,5.533,4.096,4.522
6,,,,,,,,,,,,,,,,,4.669,5.176,5.652,4.371,5.500,6.179,5.671,5.554,3.833,4.300
7,,,,,,,,,,,,,,,,,4.638,5.055,5.795,4.117,5.483,6.138,5.517,5.438,3.875,4.200
8,,,,,,,,,,,,,,,,,4.486,4.887,5.872,3.996,5.462,5.967,5.517,5.300,3.725,4.133
9,,,,,,,,,,,,,,,,,4.365,4.726,5.878,3.863,5.375,5.842,5.413,5.233,3.671,4.017
10,,,,,,,,,,,,,,,,,4.342,4.586,5.781,3.713,5.262,5.754,5.154,5.096,3.654,3.922
11,,,,,,,,,,,,,,,,,4.350,4.491,5.580,3.238,4.992,5.650,5.083,4.979,3.571,3.750
12,,,,,,,,,,,,,,,,,4.378,4.413,5.306,2.821,4.758,5.563,5.025,4.817,3.654,3.506
13,,,,,,,,,,,,,,,,,4.321,4.317,5.075,2.648,4.621,5.442,4.692,4.763,3.679,3.400
14,,,,,,,,,,,,,,,,,4.213,4.282,,,4.571,5.242,4.187,4.679,3.687,3.483
15,,,,,,,,,,,,,,,,,4.152,4.233,4.850,,4.475,4.971,4.025,4.600,3.596,3.411
16,,,,,,,,,,,,,,,,,4.027,4.171,,2.409,4.333,4.750,3.979,4.521,3.500,3.294
17,,,,,,,,,,,,,,,,,3.822,4.091,,2.254,4.212,4.725,3.800,4.417,3.500,3.228
18,,,,,,,,,,,,,,,,,3.645,4.005,,2.096,4.167,4.700,3.788,4.396,3.500,3.133
19,,,,,,,,,,,,,,,,,3.528,4.045,4.725,2.104,4.079,4.721,3.817,4.304,3.400,3.020
20,,,,,,,,,,,,,,,,,3.470,3.945,4.675,2.254,3.971,4.683,3.896,4.329,3.179,2.967
21,,,,,,,,,,,,,,,,,3.394,3.896,4.571,2.329,3.883,4.558,3.975,4.254,3.088,2.772
22,,,,,,,,,,,,,,,,,3.346,3.900,4.583,2.300,3.779,4.442,3.896,4.196,2.988,2.617
23,,,,,,,,,,,,,,,,,3.363,3.900,4.621,2.209,3.654,4.433,3.900,4.058,2.863,2.539
24,,,,,,,,,,,,,,,,,3.389,3.900,4.608,2.188,3.496,4.375,3.937,3.888,2.742,2.567
25,,,,,,,,,,,,,,,,,,3.974,4.488,2.279,3.446,4.279,3.900,3.913,2.671,2.600
26,,,,,,,,,,,,,,,,,,3.976,4.408,2.308,3.396,4.175,3.900,3.900,2.587,2.539
27,,,,,,,,,,,,,,,,,,3.952,4.392,2.271,3.288,4.208,3.925,3.921,2.500,2.522
28,,,,,,,,,,,,,,,,,3.239,3.973,4.325,2.279,3.183,4.212,3.967,3.913,2.413,2.500
29,,,,,,,,,,,,,,,,,3.214,3.825,4.225,2.233,3.204,4.133,3.954,3.954,2.400,2.306
30,,,,,,,,,,,,,,,,,3.180,3.770,4.129,2.196,3.165,4.008,3.900,3.958,2.371,2.111
31,,,,,,,,,,,,,,,,,3.193,3.719,4.058,2.092,3.113,4.004,3.917,4.000,2.300,2.039
32,,,,,,,,,,,,,,,,,3.063,3.674,3.978,1.875,3.083,3.983,3.963,4.008,2.217,2.067
33,,,,,,,,,,,,,,,,,2.931,3.583,3.871,1.675,3.117,3.913,3.925,4.013,2.200,2.000
34,,,,,,,,,,,,,,,,,2.731,3.500,3.650,1.604,3.121,3.800,3.708,3.954,2.179,2.111
35,,,,,,,,,,,,,,,,,2.647,3.461,3.587,1.654,3.129,3.392,3.592,3.929,2.188,2.100
36,,,,,,,,,,,,,,,,,2.490,3.400,3.650,1.679,3.146,2.963,3.508,3.950,2.250,2.172
37,,,,,,,,,,,,,,,,,2.230,3.400,3.688,1.608,3.167,2.792,3.475,3.954,2.300,2.239
38,,,,,,,,,,,,,,,,,2.286,3.400,3.625,1.550,3.200,2.688,3.471,4.013,2.375,2.350
39,,,,,,,,,,,,,,,,,2.260,3.422,3.627,1.471,3.200,2.771,3.492,3.883,2.417,2.367
40,,,,,,,,,,,,,,,,,2.129,3.496,3.650,1.458,3.200,2.713,3.429,3.613,2.413,2.417
41,,,,,,,,,,,,,,,,,2.078,3.550,3.642,1.646,3.200,2.604,3.392,3.375,2.454,2.417
42,,,,,,,,,,,,,,,,,2.150,3.610,3.613,1.671,3.200,2.483,3.404,3.071,2.529,2.367
43,,,,,,,,,,,,,,,,,2.322,3.630,3.642,1.696,3.129,2.554,3.417,2.813,2.537,2.344
44,,,,,,,,,,,,,,,,,2.555,3.686,3.625,1.733,3.088,2.617,3.338,2.842,2.533,2.333
45,,,,,,,,,,,,,,,,,2.665,3.679,3.636,1.671,3.192,2.612,3.321,3.004,2.621,2.483
46,,,,,,,,,,,,,,,,,3.443,3.635,3.671,1.725,3.300,2.613,3.308,3.117,2.704,2.461
47,,,,,,,,,,,,,,,,,2.652,3.667,3.765,1.788,3.413,2.700,3.292,3.146,2.813,2.517
48,,,,,,,,,,,,,,,,,2.718,3.709,3.784,1.858,3.458,2.700,3.271,3.113,2.888,2.578
49,,,,,,,,,,,,,,,,,2.743,3.739,3.876,1.958,3.433,2.700,3.233,3.063,2.979,2.656
50,,,,,,,,,,,,,,,,,2.700,3.758,3.935,2.058,3.275,2.725,3.217,3.083,3.046,2.678
51,,,,,,,,,,,,,,,,,2.663,3.795,3.813,2.129,3.136,2.746,3.100,3.071,3.058,2.767
52,,,,,,,,,,,,,,,,,2.712,3.889,3.844,2.225,3.070,2.863,3.038,3.029,3.075,2.875
53,,,,,,,,,,,,,,,,,2.633,3.929,3.800,2.288,3.146,2.808,3.083,3.146,2.875,2.778
54,,,,,,,,,,,,,,,,,2.600,3.964,3.733,2.342,3.129,2.692,3.179,3.187,2.708,2.433
55,,,,,,,,,,,,,,,,,2.633,4.011,3.788,2.350,3.154,2.683,3.167,3.213,2.783,2.233
56,,,,,,,,,,,,,,,,,2.659,4.088,3.808,2.354,3.271,2.783,3.138,3.296,2.783,2.294
57,,,,,,,,,,,,,,,,,2.662,4.207,3.871,2.417,3.321,2.742,3.204,3.271,2.775,2.378
58,,,,,,,,,,,,,,,,,2.729,4.277,3.971,2.475,3.408,2.571,3.192,3.317,2.938,2.356
59,,,,,,,,,,,,,,,,,2.790,4.340,4.041,2.512,3.417,2.529,3.163,3.375,2.983,2.328
60,,,,,,,,,,,,,,,,,2.735,4.391,4.060,2.604,3.425,2.575,3.296,3.425,3.075,2.422
61,,,,,,,,,,,,,,,,,2.618,4.492,4.063,2.729,3.421,2.733,3.304,3.563,3.208,2.567
62,,,,,,,,,,,,,,,,,2.486,4.430,4.000,2.792,3.488,2.783,3.350,3.575,3.192,2.633
63,,,,,,,,,,,,,,,,,2.400,4.429,4.142,2.863,3.525,2.609,3.521,3.613,3.192,2.744
64,,,,,,,,,,,,,,,,,2.400,4.464,4.275,2.933,3.471,2.554,3.633,3.625,3.263,2.811
65,,,,,,,,,,,,,,,,,2.400,4.556,4.417,2.871,3.575,2.521,3.643,3.750,3.254,2.800
66,,,,,,,,,,,,,,,,,2.400,4.713,4.688,2.800,3.554,2.500,3.692,3.833,3.304,2.837
67,,,,,,,,,,,,,,,,,2.400,4.787,4.770,2.700,3.533,2.588,3.771,3.858,3.362,2.963
68,,,,,,,,,,,,,,,,,2.400,4.829,4.717,2.821,3.496,2.588,3.818,3.783,3.346,3.000
69,,,,,,,,,,,,,,,,,2.400,4.943,4.721,2.879,3.567,2.523,3.808,3.779,3.167,2.942
70,,,,,,,,,,,,,,,,,2.400,4.988,4.742,3.013,3.617,2.533,3.821,3.788,3.146,3.047
71,,,,,,,,,,,,,,,,,2.976,5.171,4.788,2.974,3.717,2.496,3.983,3.842,3.092,3.144
72,,,,,,,,,,,,,,,,,3.355,5.258,4.833,3.008,3.775,2.367,4.058,3.921,3.230,3.267
73,,,,,,,,,,,,,,,,,3.480,5.383,4.909,3.158,3.833,2.429,3.992,2.422,3.446,3.306
74,,,,,,,,,,,,,,,,,3.525,5.479,4.742,3.154,3.833,2.588,3.825,3.971,3.579,3.383
75,,,,,,,,,,,,,,,,,3.495,5.321,4.871,3.183,3.850,2.729,3.563,3.988,3.688,3.511
76,,,,,,,,,,,,,,,,,3.483,5.439,4.988,3.246,3.900,2.883,3.588,3.846,3.800,3.506
77,,,,,,,,,,,,,,,,,3.381,5.420,5.048,3.254,3.958,2.979,3.725,4.063,3.738,3.522
78,,,,,,,,,,,,,,,,,3.347,5.379,5.222,3.300,4.021,3.096,3.946,4.208,3.888,3.606
79,,,,,,,,,,,12.102,,,,,,3.241,5.278,5.221,,3.917,3.213,4.050,4.442,3.963,3.688
80,,,,,,,,,,,12.115,,,,,,3.205,5.383,5.275,3.300,3.958,3.371,4.179,4.550,3.938,3.794
81,,,,,,,,,,,12.135,,,,,,3.168,5.417,5.338,3.283,3.863,3.471,4.367,4.625,3.729,3.817
82,,,,,,,,,,,12.153,,,,,,3.189,5.367,5.429,3.408,3.617,3.625,4.533,4.500,4.046,4.017
83,,,,,,,,,,,12.174,,,,,,3.262,5.496,5.579,3.608,3.579,3.658,4.654,4.504,4.162,4.006
84,,,,,,,,,,,12.194,,,,,,3.280,5.467,5.592,3.721,3.683,3.888,4.683,4.583,4.175,4.144
85,,,,,,,,,,,12.214,,,,,,3.350,5.604,5.771,3.892,3.767,3.833,4.664,4.750,4.217,4.161
86,,,,,,,,,,4.404,12.235,,,,,,3.460,5.704,5.904,4.167,3.813,3.763,4.775,4.767,4.496,4.239
87,,,,,,,,,,4.363,12.253,,,,,,3.414,5.796,5.917,4.396,3.983,3.992,4.958,4.842,4.792,4.213
88,,,,4.561,4.266,,,,,4.410,12.272,,,,,,3.412,5.867,6.000,4.587,4.121,4.083,5.021,4.929,4.863,4.333
89,,,,4.643,4.435,,,,,4.544,12.292,3.651,,,,,3.616,5.979,5.875,4.675,4.238,4.175,5.167,4.750,4.913,4.379
90,,,,4.889,4.662,5.278,,4.624,4.504,4.278,12.312,3.697,,,,5.700,3.665,6.192,6.108,4.775,4.325,4.192,5.292,4.708,5.008,4.521
91,,,,4.931,4.850,5.245,5.120,4.692,4.472,3.743,12.332,3.609,,,,5.710,3.886,6.121,6.475,4.954,4.383,4.300,5.250,4.888,4.979,4.571
92,,,,5.041,5.155,5.174,5.093,4.789,4.273,4.529,12.351,3.630,,,,5.831,4.042,6.096,6.654,5.058,4.475,4.300,5.208,4.938,5.113,4.529
93,,,,4.995,5.007,5.133,5.231,4.775,4.213,4.708,12.371,3.810,,,,5.831,4.057,6.187,6.792,5.100,4.392,4.513,5.208,5.067,5.317,
94,,,,4.960,4.900,5.131,5.447,4.815,4.137,4.674,12.391,4.053,,,,5.802,4.100,6.077,6.996,5.100,4.417,4.633,5.283,5.225,5.196,
95,,,,4.976,5.002,5.146,5.585,4.852,4.155,4.634,12.410,4.238,,,,5.760,4.100,6.142,7.117,5.158,4.529,4.658,5.358,5.246,5.275,
96,,,,5.203,5.148,5.219,5.757,4.952,4.215,4.587,12.430,4.331,,,,6.012,4.100,6.191,6.983,5.283,4.517,4.742,5.363,5.271,5.333,
97,,,,5.197,5.181,5.135,5.940,5.157,4.442,5.241,12.450,4.616,,4.678,4.532,6.127,4.100,6.290,6.896,5.442,4.692,4.667,5.533,5.296,5.346,
98,6.643,,,5.360,5.258,5.181,5.961,5.449,4.421,5.507,12.470,4.537,,4.790,4.588,6.070,4.100,6.496,6.971,5.467,4.904,4.733,5.717,5.488,5.542,
99,6.510,,,5.492,5.397,5.507,6.116,5.583,4.565,5.815,12.489,4.551,,4.995,4.785,5.881,4.100,6.779,7.258,5.517,5.204,4.888,5.825,5.342,5.683,
100,6.483,,,5.489,5.583,5.517,6.303,5.690,4.703,5.757,12.509,4.618,,5.211,4.937,5.808,4.761,6.871,7.400,5.558,5.425,4.775,5.971,5.471,5.563,
101,6.602,,6.175,5.503,5.597,5.419,6.405,5.917,4.741,5.907,12.529,4.639,,5.417,5.070,5.982,5.825,7.029,7.588,5.710,5.458,4.850,6.221,2.317,5.492,
102,6.572,,6.343,5.529,5.313,5.595,6.704,5.863,4.895,5.932,12.549,4.583,,5.560,5.190,6.050,5.431,7.096,7.742,5.800,5.675,4.892,6.392,5.383,5.392,
103,6.700,,6.485,5.720,5.569,5.771,6.949,5.660,5.000,5.627,12.568,4.618,6.383,5.657,5.366,5.908,5.400,7.150,7.788,5.963,5.833,4.908,6.425,5.563,5.358,
104,6.777,,6.574,5.793,5.701,5.898,7.060,5.738,5.146,4.750,12.588,4.637,6.315,5.676,5.521,5.991,5.514,7.325,7.579,6.171,5.938,4.958,6.487,5.683,5.408,
105,6.786,,6.641,5.914,5.481,5.951,6.852,5.736,5.270,,12.608,4.627,6.435,5.756,5.685,6.123,5.685,7.358,7.522,6.300,6.100,4.967,6.383,5.867,5.471,
106,6.999,,6.877,6.122,5.329,5.986,6.683,5.725,5.386,2.536,12.627,4.801,6.537,5.958,5.771,6.111,6.194,7.392,7.546,6.358,6.113,4.983,6.579,6.004,5.467,
107,7.136,,6.958,6.307,5.169,6.058,6.637,5.708,5.579,5.089,12.647,4.933,6.641,6.211,5.949,6.253,6.343,7.592,7.633,6.529,6.250,5.021,6.492,6.079,5.583,
108,7.329,,6.868,6.447,5.167,6.009,6.778,5.928,5.851,,12.667,5.030,6.859,6.202,5.903,6.435,6.600,7.829,8.021,6.717,6.425,5.171,6.288,6.421,5.704,
109,7.376,,6.947,6.659,5.250,6.261,6.981,6.315,6.138,,12.686,5.199,7.116,6.245,5.991,6.618,6.513,8.079,8.325,6.829,6.475,5.271,6.304,6.750,5.883,
110,7.389,,7.039,6.787,5.366,6.414,6.961,6.444,6.370,,12.706,5.329,7.215,6.345,6.063,6.872,6.100,8.183,8.595,7.004,6.642,5.408,6.571,6.979,5.908,
111,7.602,,7.243,6.932,5.572,6.616,7.049,6.569,6.604,,12.726,5.514,7.370,6.319,6.234,6.982,6.100,8.446,8.775,7.175,6.800,5.658,6.871,6.921,6.117,
112,7.340,,7.315,7.068,5.729,6.588,7.227,7.037,6.766,,12.746,5.734,7.546,6.433,6.514,6.933,6.327,8.642,9.017,7.313,6.863,6.004,7.113,7.154,6.325,
113,7.377,,7.419,7.249,5.877,6.829,7.250,7.271,6.986,,12.766,5.738,7.507,6.630,6.738,7.032,7.147,8.586,9.092,7.321,7.050,6.112,7.263,7.229,6.663,
114,7.567,,7.646,7.288,5.917,6.821,7.524,7.491,7.104,,12.785,5.634,7.657,6.766,6.928,7.087,7.067,8.371,9.171,7.392,7.142,6.096,7.088,7.154,7.054,
115,7.768,,7.634,7.227,6.051,6.729,7.490,7.813,7.278,,12.805,5.815,7.958,6.845,7.194,7.426,,8.467,9.363,7.496,7.342,5.925,7.337,7.333,7.313,
116,7.778,,7.632,7.677,6.176,6.988,7.681,7.975,7.565,,12.825,5.778,7.866,6.900,7.426,7.733,,8.567,9.367,7.579,7.633,5.979,7.496,7.333,7.242,
117,8.469,,7.823,7.796,6.472,7.343,7.958,8.086,7.708,,12.844,5.875,7.618,6.977,7.650,8.036,,8.667,9.529,7.558,7.888,6.271,7.554,7.333,7.392,
118,8.374,7.733,8.065,7.993,6.711,7.423,7.924,8.315,7.933,,12.864,6.019,7.345,7.069,7.500,8.316,,8.617,9.700,7.613,8.004,6.358,7.379,7.263,7.508,
119,8.242,7.875,8.252,8.120,6.866,7.465,7.940,8.315,8.275,,12.884,6.009,7.100,6.954,7.778,8.304,,8.842,9.800,7.608,7.900,6.238,7.562,7.150,7.550,
120,8.019,8.075,8.509,8.155,7.191,7.459,7.912,8.257,8.329,,12.904,6.285,7.125,7.123,7.866,8.070,,9.058,10.142,7.692,8.000,6.358,7.467,7.679,7.813,
121,8.370,8.239,8.748,8.290,7.611,7.571,8.370,8.400,8.451,,12.923,6.625,7.544,7.433,8.174,7.983,,8.967,10.313,7.800,8.012,6.296,7.525,8.092,7.863,
122,8.702,8.333,8.947,8.315,7.966,7.725,8.822,8.435,8.389,,12.943,6.787,8.009,7.412,8.231,8.069,,9.488,10.604,7.854,8.138,6.475,7.613,8.158,7.908,
123,8.688,8.400,9.088,8.396,7.949,7.854,8.914,8.620,8.447,,12.963,7.005,8.051,7.424,8.299,8.391,,9.563,10.775,8.074,8.380,7.017,7.575,8.421,7.954,
124,9.148,8.461,9.317,8.510,8.155,8.019,8.549,8.507,8.595,,12.983,7.222,7.417,7.600,8.282,8.907,,9.175,10.996,8.554,8.723,7.550,8.004,8.317,8.133,
125,8.889,8.475,9.352,8.567,8.229,8.032,8.831,8.785,8.662,,13.002,7.248,7.211,7.833,8.478,9.324,,9.325,11.183,8.858,8.825,7.983,8.042,8.333,8.287,
126,8.821,8.750,9.498,8.509,8.035,7.990,9.319,8.995,8.810,,13.022,7.528,7.419,7.935,8.630,9.519,,9.663,11.204,8.833,8.942,8.208,8.158,7.913,8.342,
127,9.059,8.793,9.512,8.523,7.752,8.130,9.259,9.060,9.037,,13.042,7.671,7.573,8.009,8.863,9.556,,9.525,11.188,8.842,9.065,8.404,8.492,8.229,8.329,
128,9.243,8.978,9.493,8.745,7.988,8.202,9.254,9.275,9.037,,13.062,7.880,7.611,8.146,9.208,9.691,9.100,9.692,11.517,8.796,9.383,8.821,8.488,8.358,8.417,
129,9.324,9.092,9.662,8.783,8.174,8.234,9.201,9.315,9.034,,13.081,8.132,7.912,8.317,9.572,9.876,9.411,10.042,11.613,8.930,9.687,8.917,8.871,8.542,8.412,
130,9.681,9.275,9.708,8.790,8.403,8.495,9.336,8.954,9.141,,13.101,8.183,8.356,8.367,9.810,9.847,9.500,10.275,11.479,9.138,9.875,8.958,9.125,8.887,8.325,
131,9.811,9.333,9.664,9.094,8.799,8.749,9.317,9.139,9.255,,13.121,8.215,8.590,8.511,9.694,9.909,9.650,10.158,11.508,9.246,9.992,8.888,9.204,8.754,8.329,
132,9.984,9.400,9.778,9.583,9.185,8.856,9.343,9.579,9.377,,13.140,8.160,8.931,8.537,9.685,9.872,9.769,10.200,11.704,9.250,10.163,9.308,9.713,8.812,8.163,
133,9.802,9.404,9.817,9.749,9.354,8.787,9.398,9.741,9.662,,13.160,8.246,9.225,8.725,9.769,9.854,9.831,10.054,11.383,9.237,10.400,9.742,9.938,9.179,8.179,
134,10.005,9.700,9.995,9.918,9.282,9.000,9.435,10.023,10.116,,13.180,8.424,9.590,8.900,9.935,9.828,9.938,10.246,11.871,9.150,10.582,9.612,9.963,9.721,8.529,
135,9.918,9.938,10.289,10.186,9.509,9.137,9.581,10.160,10.447,,13.200,8.653,9.775,8.688,10.150,10.048,10.177,10.767,12.246,9.212,10.846,9.392,9.925,10.121,8.475,
136,9.984,9.971,10.473,10.737,9.799,9.359,9.817,10.299,10.628,,13.219,8.595,10.044,8.631,10.324,9.952,10.323,11.246,12.117,9.267,11.104,9.400,9.817,10.667,8.625,
137,10.032,9.958,10.667,10.315,9.955,9.435,9.951,10.278,10.933,,13.239,8.979,10.227,8.847,10.384,10.079,10.362,11.513,12.341,9.467,11.375,9.663,9.996,10.908,8.867,
138,10.183,9.963,10.861,10.404,9.942,9.287,10.435,10.396,11.256,,13.259,9.454,10.150,9.232,10.222,10.634,10.312,11.663,12.808,9.829,11.354,9.896,10.154,10.808,9.038,
139,10.437,10.103,10.938,10.561,9.817,9.046,10.521,10.275,11.343,,13.278,9.694,10.164,9.545,10.025,10.815,10.480,11.846,12.746,10.058,11.179,10.088,10.263,10.538,9.304,
140,10.568,10.194,11.060,10.684,10.104,8.894,10.840,10.405,11.183,,13.298,9.857,9.979,9.839,9.896,10.986,10.642,11.763,12.629,10.229,11.304,9.979,10.454,10.063,9.179,
141,10.991,10.397,11.030,10.798,10.280,9.218,10.919,10.340,11.037,,13.319,10.157,9.865,9.980,9.919,11.069,10.900,11.954,12.533,10.254,11.483,10.196,10.571,9.775,9.163,
142,11.258,10.700,11.051,11.227,10.069,9.627,11.153,10.600,10.866,,13.338,10.225,9.882,10.035,10.037,10.965,11.158,12.267,12.779,10.417,11.725,10.904,10.617,9.846,9.158,
143,,10.883,11.065,11.093,9.995,9.833,11.227,10.928,10.924,,13.358,10.025,10.116,10.114,10.201,11.088,11.324,12.529,12.892,10.700,11.963,10.967,10.546,9.800,9.342,
144,,10.532,10.876,11.217,10.065,,11.208,11.079,11.090,,13.377,9.998,10.241,10.264,10.350,11.135,11.300,12.675,12.796,10.788,12.192,11.013,10.583,10.217,9.592,
145,11.100,11.004,11.268,11.370,10.169,,11.472,11.203,11.141,,13.397,10.495,10.109,10.326,10.451,11.235,11.243,12.746,12.604,10.675,12.371,10.842,10.733,10.788,9.925,
146,11.097,10.545,11.197,11.588,10.215,,11.354,11.256,11.250,,13.417,10.806,10.072,10.243,10.495,11.398,11.176,12.722,12.858,10.679,12.425,10.779,10.858,11.117,10.142,
147,11.076,10.000,11.075,12.015,10.669,11.286,11.310,11.542,11.263,,13.436,10.752,10.044,10.241,10.718,11.590,11.268,12.745,12.996,10.842,12.508,10.800,11.050,11.338,10.221,
148,11.106,10.000,11.179,12.056,11.106,11.250,11.396,12.063,11.488,,13.456,10.870,10.273,10.287,11.113,11.778,11.595,13.079,13.083,11.171,12.563,11.167,11.308,11.071,10.254,
149,11.287,10.000,11.477,12.036,11.092,11.030,11.484,12.507,11.810,,13.476,11.204,10.514,10.488,11.426,11.947,11.684,13.138,13.329,11.267,12.483,11.604,11.454,11.550,10.350,
150,11.473,10.000,11.731,11.819,10.956,11.275,11.569,12.829,12.067,,13.496,11.090,10.843,10.667,11.505,11.984,11.826,13.308,13.500,11.279,12.321,12.013,11.525,11.921,10.329,
151,12.000,10.217,11.685,11.539,11.178,11.319,11.817,12.856,12.354,,13.515,11.213,11.139,10.762,11.583,12.262,12.019,13.558,13.604,11.258,12.225,12.092,11.546,11.913,10.258,
152,12.490,10.261,11.637,11.757,11.181,11.461,11.880,12.572,12.421,,13.535,11.604,11.188,10.884,11.688,12.471,12.375,13.692,13.667,11.283,12.313,12.504,11.783,12.046,10.475,
153,12.775,10.000,11.442,11.611,11.289,11.457,12.019,12.560,12.363,,13.555,11.900,11.241,11.167,11.868,12.523,12.565,13.863,13.758,11.321,12.538,12.808,11.838,12.358,10.583,
154,12.807,10.391,11.745,11.297,11.365,11.477,12.066,12.792,12.465,,13.574,11.692,11.175,11.363,12.111,12.624,12.679,13.796,13.896,11.596,12.788,13.121,11.863,12.596,10.738,
155,12.850,11.000,12.167,11.183,11.484,11.490,12.130,13.060,12.581,,13.594,11.757,11.348,11.532,12.245,12.859,12.828,13.867,13.975,11.796,12.933,13.108,11.846,13.065,10.825,
156,12.912,11.021,12.301,11.294,11.565,12.122,12.111,12.935,12.572,,13.614,12.616,11.606,11.644,12.116,13.003,13.016,14.000,14.425,11.979,13.029,12.729,11.971,13.079,10.758,
157,12.942,11.238,12.546,11.313,11.671,12.046,12.620,12.944,12.839,,13.634,12.713,11.833,11.572,11.859,13.130,13.031,14.242,14.687,12.300,13.146,12.438,11.888,12.675,10.717,
158,13.198,11.517,12.586,11.285,11.553,12.167,12.847,12.751,13.046,,13.653,12.810,11.940,11.532,11.602,13.352,13.043,14.471,14.579,12.521,13.217,12.317,11.842,12.338,11.038,
159,13.335,11.738,12.586,11.188,10.979,12.516,12.919,12.428,13.152,,13.673,12.692,11.961,11.313,11.572,13.508,12.953,14.804,14.792,12.588,13.421,12.183,12.038,12.117,11.313,
160,13.526,11.803,12.693,11.429,10.993,12.873,13.027,12.539,13.104,,13.693,12.924,11.706,11.137,11.597,13.477,13.156,14.892,15.063,12.617,13.604,12.508,12.271,12.175,11.200,
161,13.655,12.319,12.766,11.810,11.493,12.778,13.042,13.091,13.046,6.518,13.713,13.208,11.938,11.222,11.734,13.357,13.406,15.025,14.957,12.650,13.663,12.567,12.108,12.704,11.300,
162,13.879,12.238,12.808,12.060,12.007,12.917,12.806,13.160,12.926,6.532,13.732,13.381,12.243,12.884,11.956,13.227,13.442,15.214,14.913,12.750,13.621,12.717,12.109,12.933,11.367,
163,14.068,12.000,12.678,12.088,12.433,13.060,12.657,13.481,12.965,6.551,13.752,13.568,12.431,,12.222,12.904,13.467,15.414,14.696,13.088,13.600,12.963,12.213,12.967,11.717,
164,14.231,12.917,12.738,12.203,12.778,13.086,13.127,13.639,13.042,6.571,13.772,13.764,12.850,,12.333,12.824,13.167,15.267,14.529,13.354,13.692,13.363,12.604,13.317,11.804,
165,14.370,13.000,12.803,12.432,12.854,12.853,13.118,13.488,12.983,6.591,13.791,13.738,12.935,12.299,12.486,13.178,13.106,15.077,14.521,13.454,13.821,13.883,12.746,13.475,11.504,
166,14.127,13.311,13.107,12.319,12.932,13.356,13.104,13.414,13.292,6.610,13.811,14.179,12.681,12.190,12.688,13.449,13.405,14.976,14.521,13.258,14.096,14.138,12.700,13.471,11.438,
167,13.882,13.479,13.444,12.489,13.005,13.688,13.192,13.595,13.250,6.630,13.831,14.322,12.275,12.060,12.602,13.497,13.231,14.830,14.378,13.192,14.371,14.408,12.546,13.875,11.471,
168,13.863,13.483,13.552,12.886,12.836,13.532,13.407,13.579,13.164,6.650,13.851,14.264,12.007,12.215,12.678,13.592,13.093,15.000,14.550,13.342,14.538,14.738,12.421,14.079,11.854,
169,13.480,13.538,13.606,13.042,12.928,13.653,13.442,13.556,13.299,6.670,13.870,13.794,12.252,12.340,12.711,13.772,13.431,15.318,14.513,13.579,14.658,14.725,12.600,14.154,12.104,
170,13.435,13.517,13.614,13.257,12.764,13.912,13.553,13.556,13.391,6.689,13.890,14.007,12.509,12.475,12.824,13.529,13.893,15.517,14.367,13.629,14.883,14.471,12.904,14.154,12.129,
171,13.780,13.767,13.662,13.258,12.919,14.023,13.697,14.222,13.472,6.709,13.910,14.137,13.035,12.766,12.873,13.316,14.144,15.967,14.358,13.888,15.271,13.842,13.300,14.525,12.354,
172,14.123,13.533,13.713,13.316,13.007,13.771,13.977,14.488,13.894,6.729,13.930,13.877,13.113,12.914,12.667,13.348,14.322,16.104,14.650,14.113,15.458,13.721,13.467,14.921,12.742,
173,14.394,13.574,14.063,13.076,13.701,13.815,14.333,14.512,13.799,6.749,13.949,13.755,12.984,13.000,12.782,13.350,14.400,16.175,14.942,14.263,15.588,13.996,13.550,15.100,13.029,
174,14.434,13.027,14.144,,13.797,13.845,14.676,14.725,13.947,6.768,13.969,14.069,13.155,13.088,12.984,13.464,14.369,16.175,15.104,14.410,15.496,14.171,13.783,15.046,13.204,
175,14.346,13.062,13.973,,13.831,14.147,14.787,14.766,14.380,6.788,13.988,14.283,13.646,13.016,12.979,13.768,14.477,16.109,15.542,14.342,15.608,14.163,13.896,15.033,13.163,
176,14.713,13.175,14.113,13.937,13.819,14.120,15.100,14.750,14.704,6.808,14.008,14.424,13.732,13.046,12.817,14.079,14.728,15.941,15.488,14.554,15.704,14.163,14.108,15.117,13.071,
177,14.579,13.176,14.398,13.813,14.095,14.528,15.389,14.761,14.813,6.827,14.028,14.585,13.799,12.880,12.586,14.184,14.814,16.054,15.421,14.600,15.383,14.088,14.254,15.275,13.325,
178,14.617,13.013,14.461,13.606,14.282,14.868,15.421,14.958,15.063,6.847,14.048,14.824,13.736,13.009,12.389,14.377,14.759,16.433,15.725,14.600,15.700,14.033,14.321,15.504,13.696,
179,15.106,13.320,14.370,13.306,14.230,15.243,15.549,14.804,15.185,6.867,14.068,14.726,13.963,13.197,12.309,14.679,14.940,16.679,15.892,14.600,14.859,14.333,14.050,15.683,13.892,
180,15.374,13.767,14.419,13.196,14.282,15.257,15.637,14.782,15.352,6.887,14.087,14.444,14.090,13.493,12.616,14.978,15.089,17.026,16.138,14.600,14.913,14.725,14.008,15.752,14.033,
181,15.171,14.017,14.792,13.483,14.058,15.257,15.435,15.340,15.479,6.906,14.107,14.715,14.118,13.442,12.903,15.235,15.117,17.410,16.417,14.600,15.121,15.050,13.688,15.888,14.125,
182,15.459,14.320,14.913,13.841,14.109,15.090,15.475,15.495,15.421,6.926,14.127,15.222,14.150,13.324,13.049,15.439,15.071,17.356,16.496,14.600,15.146,15.079,13.610,16.200,13.833,
183,15.815,14.326,15.051,14.061,13.833,15.197,15.315,15.606,15.671,6.946,14.147,15.400,13.988,13.164,13.137,15.579,15.047,17.425,16.453,14.600,15.329,15.346,13.916,16.225,14.092,
184,15.863,14.175,15.188,14.403,13.988,15.283,,15.653,16.090,6.966,14.254,15.424,14.063,13.431,13.289,15.899,15.265,17.605,16.500,14.600,15.421,15.563,14.321,16.296,14.538,
185,,14.237,15.201,14.626,14.135,15.498,,15.956,16.292,6.985,14.688,15.752,14.461,13.884,13.250,16.019,15.495,17.652,16.733,14.600,15.521,15.521,14.363,16.458,14.413,
186,,14.263,14.759,14.886,14.447,15.833,,16.028,16.190,7.005,14.671,15.770,14.567,14.090,13.319,15.949,15.711,17.625,16.560,14.600,15.721,15.700,14.442,16.313,14.363,
187,16.194,14.563,14.775,15.206,14.500,16.044,,15.551,15.933,7.025,14.620,15.796,14.475,13.905,13.296,15.740,15.867,17.608,16.507,14.600,15.842,15.996,14.725,16.471,14.558,
188,16.451,14.885,14.611,15.507,14.500,15.979,,15.488,15.826,7.044,14.748,15.690,14.711,14.248,13.563,15.868,,17.608,16.419,14.600,15.858,15.938,14.948,16.196,14.783,
189,16.193,15.038,14.539,15.481,14.500,15.859,15.655,15.926,16.046,7.064,14.583,15.734,14.914,14.419,13.975,16.058,16.000,17.671,16.131,14.600,16.208,16.071,15.021,16.154,14.950,
190,16.594,15.238,14.833,15.836,14.744,15.602,15.528,15.639,16.285,7.084,14.882,15.625,14.852,14.428,14.208,16.333,16.019,17.617,15.879,14.600,16.371,15.913,15.129,16.317,15.092,
191,17.190,15.100,15.106,16.109,15.262,15.676,15.801,15.632,16.456,7.104,14.970,15.623,15.241,14.146,14.375,16.463,15.958,17.742,16.050,14.600,16.596,15.804,15.438,16.508,15.454,
192,17.019,15.071,15.451,16.217,15.363,16.222,15.919,15.882,16.597,7.123,15.176,15.794,15.768,14.239,14.609,16.356,16.229,17.791,16.373,14.600,16.583,15.892,15.413,16.775,15.600,
193,16.600,15.493,15.826,16.003,15.829,16.361,15.634,16.088,16.565,7.143,15.250,16.019,15.975,14.669,14.637,16.611,16.240,17.742,16.414,14.600,16.554,15.900,15.667,17.039,15.663,
194,16.819,15.596,15.813,16.031,16.023,16.634,15.621,16.129,16.477,7.163,15.338,16.225,15.810,14.979,14.833,16.505,16.280,17.711,16.615,14.600,16.942,16.429,15.721,17.079,15.750,
195,16.694,15.542,15.757,15.802,16.227,16.819,16.069,16.532,16.566,7.183,15.248,16.252,15.729,15.044,14.917,16.359,16.495,17.675,16.725,14.600,16.975,17.025,15.663,17.246,16.100,
196,16.510,15.255,16.093,15.674,16.565,16.917,16.280,16.572,16.752,7.202,15.310,16.449,15.756,15.069,15.068,16.292,16.488,17.535,16.650,14.600,17.204,16.946,15.883,17.454,16.263,
197,16.410,15.158,16.211,15.540,16.389,16.879,16.514,16.350,16.773,7.222,15.481,16.470,15.641,15.120,14.986,16.611,16.465,17.406,16.700,14.600,17.313,17.088,15.771,17.563,16.279,
198,16.813,14.983,16.394,15.604,16.245,16.722,16.926,16.579,16.840,7.242,16.014,16.979,15.845,15.125,15.056,16.961,16.784,17.727,16.877,,17.329,17.104,15.875,17.892,16.479,
199,17.204,14.971,16.486,15.309,16.588,16.708,17.060,16.900,16.755,7.261,15.990,17.322,16.238,15.444,15.319,17.061,16.850,18.036,17.029,,17.263,16.504,16.221,17.892,16.558,
200,17.502,15.638,16.218,15.292,16.662,17.083,17.025,16.928,16.762,7.281,16.280,17.556,16.638,15.551,15.282,17.308,16.906,18.346,17.000,,17.588,16.321,16.538,18.058,16.575,
201,17.681,15.871,16.070,15.399,16.650,17.352,17.032,16.833,16.826,7.301,16.368,17.528,16.699,15.595,15.222,17.488,16.844,18.557,16.824,,17.842,16.713,16.679,17.954,16.583,
202,17.865,15.983,16.275,15.539,16.775,17.343,17.141,17.150,17.120,7.321,16.493,17.458,16.616,15.780,15.481,17.744,16.871,18.638,16.946,,17.821,17.008,16.579,18.021,16.758,
203,18.169,16.139,16.530,15.667,16.838,17.293,17.354,17.159,17.359,7.340,16.822,17.475,16.618,15.771,15.616,17.925,16.921,18.688,17.258,,17.563,17.138,16.533,17.867,16.896,
204,18.327,16.254,16.788,15.718,16.750,17.733,17.514,,17.752,7.360,16.972,17.389,16.991,16.086,15.877,17.981,16.772,18.871,17.300,,17.383,17.104,16.688,18.075,16.925,
205,18.447,16.292,17.030,15.747,16.867,17.572,17.694,,18.063,7.380,16.944,17.025,17.435,16.239,15.975,17.942,16.918,18.950,17.300,,17.613,17.167,16.825,18.171,17.038,
206,18.609,16.238,17.093,15.862,17.229,17.720,18.019,,18.100,7.400,16.914,17.030,17.454,16.150,16.067,18.060,17.257,18.686,17.300,,17.654,17.146,16.850,18.167,17.067,
207,18.815,16.292,16.971,16.037,17.424,17.938,17.995,,18.259,7.419,17.382,17.238,17.491,16.109,16.162,18.098,17.791,18.452,17.613,,17.754,17.367,16.800,18.358,17.154,
208,18.806,16.288,16.968,16.213,17.528,18.192,17.870,17.438,18.331,7.439,17.407,17.523,17.324,16.491,16.403,18.249,17.940,18.700,17.921,,17.900,17.750,16.888,18.692,17.279,
209,18.850,16.221,16.910,16.326,17.718,18.397,17.780,17.428,18.407,7.459,17.722,17.269,17.046,16.519,16.641,18.346,18.000,19.020,17.842,,18.104,17.942,16.825,18.688,17.567,
210,18.852,16.663,17.003,16.208,17.725,18.141,17.745,17.590,18.412,7.478,17.903,17.238,17.225,16.600,16.669,18.302,18.335,18.987,17.808,,18.271,17.796,16.788,18.721,17.592,
211,18.838,16.858,17.116,16.147,17.538,18.164,17.829,17.845,18.398,7.498,17.782,17.512,17.704,16.745,16.795,18.036,18.447,18.765,18.254,,18.388,17.917,16.942,18.717,17.654,
212,19.012,16.913,17.162,16.363,17.303,18.144,17.783,18.134,18.317,7.518,17.352,17.875,17.806,16.870,16.826,17.765,18.582,18.963,18.567,,18.521,17.754,16.975,18.908,17.792,
213,19.225,17.021,17.368,16.239,17.150,18.456,18.075,18.131,18.396,7.538,17.172,18.227,17.926,17.056,17.127,17.891,18.673,19.200,18.638,,18.754,17.804,17.075,18.942,17.704,
214,19.512,16.875,17.731,16.311,17.102,18.759,18.331,17.942,18.329,7.557,17.576,18.405,17.915,17.160,17.162,17.985,18.705,19.300,18.670,,18.671,18.179,17.158,18.979,17.696,
215,19.706,16.804,17.986,16.308,17.065,18.877,18.356,17.958,18.150,7.577,17.794,18.576,17.900,17.130,17.167,18.203,18.771,19.438,18.633,18.108,18.883,18.254,17.300,19.142,17.763,
216,19.387,16.888,17.896,16.348,17.113,18.949,18.475,18.194,18.234,7.597,17.977,18.713,17.792,16.956,17.169,18.379,18.873,19.521,18.357,18.242,18.950,18.342,17.404,19.254,17.663,
217,19.432,17.233,17.896,16.370,17.352,18.819,18.567,18.134,18.444,7.617,18.051,18.444,17.457,17.316,17.204,18.511,18.893,19.354,18.168,18.179,18.950,18.546,17.446,19.079,17.404,
218,19.244,17.333,17.789,16.184,17.331,18.790,18.586,18.058,18.646,7.636,18.188,18.053,17.410,17.465,17.032,18.854,18.817,19.183,18.271,18.088,18.550,18.708,17.404,19.188,17.496,
219,19.558,17.479,18.146,16.350,17.322,18.623,18.493,18.306,18.731,7.656,17.961,17.653,17.706,17.539,17.171,18.960,18.695,19.417,18.331,18.325,18.396,18.488,17.463,19.558,17.471,
220,19.748,17.646,18.481,16.405,17.734,18.641,18.507,18.646,18.743,7.676,17.870,17.824,18.025,17.601,17.264,19.066,18.921,19.625,18.347,18.613,18.471,18.400,17.392,19.500,17.483,
221,19.773,17.658,18.574,16.399,18.093,19.028,18.433,18.833,18.611,7.695,17.852,18.088,18.100,17.616,17.345,19.278,19.120,19.600,18.347,18.567,18.500,18.517,17.525,19.363,17.542,
222,19.571,17.829,18.539,16.650,18.248,19.266,18.787,18.859,18.701,7.715,17.981,18.137,18.185,17.618,17.465,19.340,19.258,19.525,18.382,18.463,18.742,18.517,17.496,19.271,17.742,
223,19.831,17.850,18.561,17.088,18.426,19.199,18.815,18.877,18.995,7.735,18.130,18.104,18.238,17.708,17.343,19.339,19.246,19.683,18.427,18.896,19.067,18.613,17.525,19.554,18.233,
224,19.929,17.925,18.756,17.435,18.447,19.113,18.523,18.942,19.058,7.755,18.308,17.995,17.958,17.755,17.380,19.333,19.200,19.754,18.407,19.496,19.104,18.700,17.775,19.563,17.229,
225,20.188,17.892,18.725,17.588,18.525,19.183,18.414,18.958,19.285,7.774,18.417,17.919,17.831,17.896,17.470,19.456,19.138,19.908,18.529,19.758,19.092,18.542,17.625,19.542,18.521,
226,20.264,17.979,18.592,17.227,18.537,19.132,18.769,19.030,19.336,7.794,18.630,17.576,18.359,17.882,17.604,,19.031,20.046,18.679,19.829,19.217,18.413,17.450,19.833,18.546,
227,20.287,18.000,18.594,16.995,18.384,19.315,19.167,19.109,19.359,7.814,18.806,17.444,18.287,17.884,17.627,19.269,18.947,19.863,18.846,19.871,18.975,18.396,17.533,20.046,18.858,
228,20.275,17.990,18.662,16.959,18.484,19.465,19.410,19.058,19.194,7.834,18.792,17.671,18.722,17.824,17.861,19.177,19.152,19.867,19.050,19.908,18.638,18.508,17.571,20.063,18.775,
229,20.069,18.114,18.512,16.727,18.431,19.493,19.595,19.109,18.942,7.853,19.144,17.854,18.620,17.768,17.866,19.319,19.607,19.988,19.117,19.733,18.779,18.863,17.800,19.938,18.763,
230,19.917,18.048,18.407,16.911,18.556,19.655,19.548,18.928,19.060,7.873,19.516,18.021,18.586,17.667,17.773,19.367,19.494,19.863,19.154,19.446,18.950,19.138,18.108,19.800,19.058,
231,19.975,17.970,18.586,17.167,18.602,19.739,19.512,19.294,19.366,7.893,19.660,17.887,18.701,17.797,17.808,19.391,19.438,19.767,19.146,19.479,18.971,19.154,18.379,19.767,19.071,
232,19.796,18.338,18.553,17.403,18.595,19.602,19.516,19.278,19.449,7.913,19.589,17.697,18.699,18.042,17.819,19.286,19.393,19.800,19.154,19.600,18.971,18.933,18.450,19.654,19.179,
233,19.829,18.331,18.498,17.741,18.616,19.590,19.641,19.225,19.513,7.932,19.273,17.718,18.766,18.009,17.988,19.228,19.406,19.839,19.288,19.646,18.947,18.792,18.494,19.475,19.296,
234,19.894,18.485,18.556,17.760,18.764,19.546,19.685,19.255,19.684,7.952,19.023,18.262,18.920,17.972,17.963,19.150,19.447,19.513,19.258,19.592,18.921,18.521,18.700,19.663,19.500,
235,20.021,18.503,18.763,17.746,18.938,19.218,19.500,19.201,19.713,7.972,18.782,18.574,18.928,18.023,18.012,19.266,19.355,19.442,19.083,19.438,18.963,18.713,18.700,19.550,19.363,
236,20.101,18.508,18.829,17.694,19.014,19.211,19.569,19.150,19.581,7.991,18.891,18.833,18.685,18.321,18.035,19.190,19.355,19.270,18.870,19.317,19.033,19.025,18.763,19.567,19.271,
237,20.260,18.322,18.600,17.325,19.086,19.444,19.592,19.206,19.664,8.011,19.025,18.965,18.720,18.502,18.016,19.131,19.306,19.038,18.857,19.100,19.204,19.063,18.954,19.625,19.354,
238,20.289,18.305,18.141,17.588,19.155,19.572,19.535,19.204,19.792,8.031,18.812,18.758,18.509,18.540,17.995,19.273,19.318,19.229,18.854,19.133,19.200,18.838,19.017,19.475,19.617,
239,20.303,18.454,18.336,17.600,19.065,19.528,19.333,19.125,19.736,8.051,18.600,18.641,17.958,18.613,17.961,19.414,19.315,19.454,18.609,19.333,19.175,18.900,18.883,19.504,19.642,
240,20.264,18.410,18.534,17.794,19.056,19.616,19.007,19.123,19.773,8.070,18.549,18.519,18.183,18.762,17.919,19.550,19.259,19.729,18.480,19.467,19.317,18.833,18.667,19.638,19.529,
241,20.630,18.398,18.367,17.997,19.056,19.792,19.375,19.259,19.741,8.090,18.787,18.623,18.345,18.727,17.900,19.588,19.541,19.804,18.453,19.333,19.250,18.692,18.746,19.763,19.617,
242,20.754,18.374,18.520,18.245,19.056,19.868,19.469,19.271,19.535,8.110,18.951,18.910,18.451,18.713,17.905,19.726,19.467,19.629,18.517,19.146,19.138,18.708,18.754,19.663,19.600,
243,20.774,18.037,18.406,18.329,19.056,19.907,19.625,19.345,19.370,8.129,19.000,19.035,18.507,18.546,17.917,19.851,19.580,19.283,18.683,19.217,19.171,18.975,18.833,19.633,19.450,
244,20.778,18.100,18.129,18.361,19.185,19.889,19.931,19.451,19.551,8.149,18.873,19.213,18.190,18.433,18.125,19.965,19.471,18.979,18.730,19.546,19.363,19.317,18.846,19.346,19.317,
245,,17.994,18.130,18.324,19.370,19.824,19.787,19.470,19.639,8.169,18.725,19.259,18.143,18.488,18.046,20.067,19.381,18.988,18.404,19.825,19.550,19.475,19.079,19.375,19.471,
246,,17.808,18.157,18.239,19.428,19.912,19.500,19.421,19.606,8.189,18.627,19.229,18.234,18.491,18.150,20.074,19.275,18.917,18.188,19.988,19.521,19.492,19.100,19.433,19.642,
247,,17.801,18.319,18.285,19.338,19.993,19.546,19.211,19.500,8.209,18.720,19.256,18.252,18.491,18.289,20.059,19.100,18.721,18.167,20.113,19.379,19.554,19.075,19.304,19.629,
248,,17.798,18.347,18.394,19.269,19.947,19.558,19.153,19.567,8.228,18.857,19.014,18.215,18.495,18.352,20.085,19.044,18.675,18.275,20.108,19.279,19.483,18.979,19.288,19.571,
249,,17.741,18.468,18.152,19.035,19.956,19.604,19.118,19.764,8.248,18.768,18.729,18.384,18.477,18.229,20.044,19.133,18.721,18.371,19.833,19.279,19.458,18.921,19.375,19.663,
250,,17.780,18.492,17.961,18.785,19.852,19.655,19.153,19.787,8.268,18.750,18.600,18.271,18.444,18.095,19.800,19.033,18.738,18.454,19.733,19.263,19.313,19.154,19.475,19.467,
251,,17.642,18.417,17.813,18.613,19.773,19.641,19.147,19.806,8.287,18.743,18.537,18.275,18.417,18.106,19.652,19.109,18.742,18.442,19.696,19.208,19.213,18.979,19.533,19.033,
252,,17.927,18.259,17.898,18.553,19.708,19.572,19.118,19.701,8.307,18.874,18.426,18.169,18.442,18.241,19.739,19.086,18.657,18.321,19.479,19.250,19.183,18.638,19.554,19.056,
253,,17.827,17.970,18.086,18.532,19.424,19.438,18.954,19.604,8.327,18.995,18.556,18.118,18.531,18.317,20.100,18.853,18.717,18.154,19.438,19.171,19.067,18.446,19.421,19.250,
254,,17.703,17.898,18.137,18.748,19.338,19.208,18.803,19.644,8.347,18.984,18.676,18.139,18.850,18.262,20.119,18.625,18.925,18.129,19.467,19.204,18.917,18.533,19.317,19.417,
255,,17.817,18.028,18.143,18.838,19.363,19.231,18.745,19.713,8.366,18.959,18.660,18.197,18.973,18.053,19.978,18.527,19.087,18.150,19.567,19.158,18.925,18.675,19.125,19.178,
256,,17.962,18.331,18.121,18.903,19.250,19.347,18.831,19.623,8.386,18.965,18.667,18.125,19.007,17.882,20.019,18.556,19.109,18.104,19.552,19.050,18.975,18.567,19.183,19.028,
257,,18.038,18.517,18.053,18.838,19.104,19.266,18.942,19.285,8.406,18.859,18.667,18.206,18.902,18.050,20.151,18.605,19.025,18.383,19.179,19.000,18.854,18.350,19.279,18.878,
258,,17.941,18.578,18.144,18.940,18.998,19.104,19.000,18.887,8.425,18.856,18.574,18.329,18.783,17.809,20.158,18.700,18.700,18.525,19.063,18.829,18.588,18.346,19.046,19.094,
259,,17.900,18.790,18.576,18.882,18.755,19.025,19.000,18.655,8.445,18.978,18.817,18.500,,17.660,20.087,18.777,18.567,18.625,18.971,18.729,18.488,18.467,18.758,19.089,
260,,,18.892,18.794,18.794,18.660,19.009,,18.699,8.458,19.022,18.917,18.560,,17.819,20.027,18.860,18.467,18.642,18.946,18.438,18.350,18.688,18.546,18.900,
261,,,19.073,18.833,,18.553,,,18.743,,,18.808,18.498,,17.739,20.068,18.874,18.383,18.421,18.625,18.242,18.250,18.642,18.304,18.788,
262,,,19.072,,,18.487,,,,,,18.745,18.500,,18.000,19.809,18.933,18.288,18.229,18.342,18.263,18.179,18.458,17.996,18.900,
263,,,18.981,,,,,,,,,18.570,18.451,,17.935,19.626,19.061,18.188,18.313,18.217,18.246,18.108,18.358,17.796,18.700,
264,,,,,,,,,,,,18.428,18.521,,,19.650,19.267,18.158,18.309,18.283,18.192,18.254,18.517,17.842,18.628,
265,,,,,,,,,,,,18.440,18.317,,,19.568,19.337,18.192,18.313,18.283,18.092,18.383,18.778,17.896,18.539,
266,,,,,,,,,,,,18.701,18.157,,,19.269,19.244,18.133,18.492,18.179,17.963,18.358,18.983,17.750,18.517,
267,,,,,,,,,,,,18.757,18.102,,,18.757,19.081,18.054,18.404,18.046,17.988,18.188,18.892,17.746,18.589,
268,,,,,,,,,,,,18.921,18.083,,,18.672,18.978,17.838,18.154,18.096,18.029,18.063,18.658,17.925,18.683,
269,,,,,,,,,,,,18.734,18.104,,,18.713,18.839,17.775,18.058,18.250,18.017,18.100,18.296,17.904,18.828,
270,,,,,,,,,,,,18.606,18.303,,,18.596,18.769,17.588,18.254,18.371,17.975,18.004,17.992,17.879,18.828,
271,,,,,,,,,,,,17.556,18.558,,,18.352,18.800,17.425,18.475,18.450,18.004,17.758,17.821,17.579,18.833,
272,,,,,,,,,,,,16.944,18.613,,,18.081,18.819,17.352,18.450,18.524,17.904,17.325,17.888,17.446,18.878,
273,,,,,,,,,,,,16.944,18.481,,,17.593,18.712,17.213,18.413,,17.825,17.083,18.158,17.371,18.844,
274,,,,,,,,,,,,16.944,18.500,,,17.222,18.552,17.117,18.413,,17.667,17.063,18.179,17.408,18.917,
275,,,,,,,,,,,,16.944,,,,17.114,18.376,16.946,18.129,17.985,17.521,17.233,18.179,17.317,19.050,
276,,,,,,,,,,,,16.944,,,,17.118,18.413,16.833,18.225,17.858,17.329,17.348,18.267,17.317,19.078,
277,,,,,,,,,,,,16.944,,,,17.295,18.310,16.773,18.063,17.733,17.196,17.288,18.408,17.317,19.044,
278,,,,,,,,,,,,16.944,,,,17.258,18.160,16.717,17.950,17.608,16.925,17.171,18.521,17.413,18.889,
279,,,,,,,,,,,,16.944,,,,17.288,18.192,16.686,17.879,17.413,16.958,17.071,18.508,17.217,18.828,
280,,,,,,,,,,,,16.944,,,,17.247,18.288,16.641,17.725,17.175,16.742,17.221,18.525,17.071,18.800,
281,,,,,,,,,,,,16.944,,,,17.130,18.353,16.570,17.658,16.992,16.700,17.138,18.529,16.954,18.683,
282,,,,,,,,,,,,16.944,,,,17.119,18.340,16.538,17.517,16.908,16.667,16.771,18.521,16.829,18.600,
283,,,,,,,,,,,,16.944,,,,17.174,18.305,16.492,17.338,16.938,16.629,16.633,18.458,16.646,18.428,
284,,,,,,,,,,,,16.944,,,,17.169,18.177,16.375,17.042,16.742,16.692,16.558,18.204,16.479,18.361,
285,,,,,,,,,,,,16.944,,,,17.016,18.044,16.463,16.821,16.329,16.746,16.554,17.729,16.325,18.144,
286,,,,,,,,,,,,16.944,,,,16.957,17.933,16.458,16.763,16.175,16.546,16.450,17.358,16.271,18.089,
287,,,,,,,,,,,,16.944,,,,16.921,17.820,16.383,16.700,16.017,16.333,16.242,17.100,16.229,17.956,
288,,,,,,,,,,,,16.944,,,,16.819,17.758,16.263,16.517,15.813,16.229,16.113,16.988,16.025,17.817,
289,,,,,,,,,,,,16.944,,,,16.947,17.500,16.063,16.408,15.817,16.238,16.238,17.200,16.067,17.650,
290,,,,,,,,,,,,16.944,,,,16.959,17.277,15.954,16.208,15.825,16.129,16.222,16.708,16.113,17.522,
291,,,,,,,,,,,,16.944,,,,16.847,17.127,15.979,16.229,15.708,16.038,16.038,16.521,16.050,17.378,
292,,,,,,,,,,,,16.944,,,,16.783,17.190,15.996,16.252,15.571,15.938,15.871,16.267,16.000,17.350,
293,,,,,,,,,,,,16.944,,,,16.737,17.217,15.913,16.263,15.421,15.821,15.742,16.042,16.029,17.217,
294,,,,,,,,,,,,16.944,,,,16.636,17.148,15.800,16.171,15.208,15.763,15.658,15.896,16.025,17.050,
295,,,,,,,,,,,,16.944,,,,16.589,16.900,15.688,16.148,15.179,15.867,15.608,15.746,15.996,16.744,
296,,,,,,,,,,,,16.944,,,,16.477,16.627,15.471,15.983,15.108,15.792,15.542,15.625,15.979,16.422,
297,,,,,,,,,,,,16.944,,,,16.368,16.455,15.167,15.971,15.000,15.704,15.571,15.650,15.779,16.167,
298,,,,,,,,,,,,16.944,,,,16.118,16.413,14.979,15.921,15.121,15.496,15.654,15.279,15.571,16.089,
299,,,,,,,,,,,,16.944,,,,15.952,16.229,14.929,15.992,15.104,15.375,15.467,14.658,15.363,15.883,
300,,,,,,,,,,,,16.944,,,,15.799,16.017,14.958,15.943,15.030,15.371,15.063,14.214,15.113,15.844,
301,,,,,,,,,,,,,,,,15.489,15.808,14.957,15.815,14.958,15.296,14.763,14.200,15.004,15.700,
302,,,,,,,,,,,,,,,,15.106,15.865,14.813,15.692,14.900,15.158,14.463,14.296,14.950,15.617,
303,,,,,,,,,,,,,,,,14.848,15.870,14.679,15.608,14.679,14.992,14.092,14.433,14.796,15.563,
304,,,,,,,,,,,,,,,,14.781,15.878,14.650,15.443,14.517,14.925,13.825,14.483,14.579,15.506,
305,,,,,,,,,,,,,,,,14.653,15.805,14.558,15.214,14.346,14.888,13.696,14.729,14.500,15.753,
306,,,,,,,,,,,,,,,,14.652,15.610,14.433,15.114,14.254,14.654,13.608,14.738,14.429,15.741,
307,,,,,,,,,,,,,,,,14.498,15.400,14.217,15.000,13.933,14.483,13.461,14.738,14.367,15.658,
308,,,,,,,,,,,,,,,,14.225,15.455,14.279,14.982,13.592,14.379,13.392,14.683,14.250,15.388,
309,,,,,,,,,,,,,,,,13.998,15.427,13.988,14.925,13.054,14.258,13.467,14.621,14.188,15.035,
310,,,,,,,,,,,,,,,,13.998,15.383,13.842,14.800,12.650,13.908,13.442,14.625,13.942,14.778,
311,,,,,,,,,,,,,,,,13.878,15.319,13.752,14.664,12.671,13.746,13.304,14.463,13.775,14.544,
312,,,,,,,,,,,,,,,,13.649,15.141,13.883,14.562,12.800,13.371,13.375,14.208,13.600,14.417,
313,,,,,,,,,,,,,,,,13.356,15.123,13.900,14.438,12.842,13.163,13.246,13.496,13.479,13.789,
314,,,,,,,,,,,,,,,,13.336,14.792,13.792,14.300,12.867,12.883,13.138,12.633,13.229,13.731,
315,,,,,,,,,,,,,,,,13.285,14.422,13.654,14.167,12.946,12.875,13.046,13.154,13.071,13.717,
316,,,,,,,,,,,,,,,,13.286,14.017,13.446,14.043,12.942,12.654,12.913,12.996,13.171,13.472,
317,,,,,,,,,,,,,,,,13.287,13.739,13.350,13.950,12.863,12.371,12.863,13.021,13.088,13.383,
318,,,,,,,,,,,,,,,,13.167,13.496,13.329,13.800,12.913,12.346,12.650,13.008,13.000,13.400,
319,,,,,,,,,,,,,,,,13.008,13.108,13.308,13.517,12.867,12.113,12.563,12.867,12.883,12.689,
320,,,,,,,,,,,,,,,,12.758,13.114,13.071,13.436,12.758,12.133,12.463,12.529,12.404,13.217,
321,,,,,,,,,,,,,,,,12.566,12.925,12.825,13.200,12.696,12.125,12.354,12.529,11.975,13.283,
322,,,,,,,,,,,,,,,,12.323,12.948,12.729,12.921,12.446,11.900,12.271,12.404,11.338,13.178,
323,,,,,,,,,,,,,,,,12.169,13.033,12.367,12.725,12.388,11.792,12.163,12.158,10.754,12.906,
324,,,,,,,,,,,,,,,,11.815,12.910,12.338,12.533,12.183,11.650,11.913,12.129,10.642,12.594,
325,,,,,,,,,,,,,,,,11.452,12.822,11.996,12.320,12.004,11.613,11.692,11.913,10.892,12.400,
326,,,,,,,,,,,,,,,,11.176,12.573,11.877,12.262,11.908,11.529,11.358,11.846,11.279,12.233,
327,,,,,,,,,,,,,,,,11.002,12.235,11.754,12.160,11.883,11.492,11.129,11.629,11.258,12.000,
328,,,,,,,,,,,,,,,,10.886,12.186,11.545,12.005,11.667,11.204,10.858,11.546,11.150,11.956,
329,,,,,,,,,,,,,,,,10.778,12.270,11.191,11.896,11.350,11.163,10.621,11.408,11.171,11.856,
330,,,,,,,,,,,,,,,,10.792,12.120,10.924,11.742,11.233,11.170,10.571,11.217,11.175,11.500,
331,,,,,,,,,,,,,,,,10.675,11.847,10.892,11.675,10.846,11.200,10.179,10.904,10.992,11.256,
332,,,,,,,,,,,,,,,,10.586,11.658,10.743,11.625,10.450,11.120,9.838,10.800,10.971,11.089,
333,,,,,,,,,,,,,,,,10.569,11.100,10.704,11.338,10.346,11.000,9.692,10.633,10.954,10.583,
334,,,,,,,,,,,,,,,,10.495,10.468,10.495,11.257,10.329,10.958,9.556,10.475,11.092,9.983,
335,,,,,,,,,,,,,,,,10.447,9.957,10.435,11.209,10.096,10.892,9.408,10.117,10.879,9.822,
336,,,,,,,,,,,,,,,,10.288,9.717,10.408,11.071,9.908,10.875,9.342,9.971,10.717,9.411,
337,,,,,,,,,,,,,,,,9.854,9.589,10.296,10.888,9.779,10.533,9.196,9.783,10.538,9.178,
338,,,,,,,,,,,,,,,,9.399,9.515,10.130,10.648,9.704,10.167,9.192,9.550,10.221,8.978,
339,,,,,,,,,,,,,,,,9.023,9.710,10.158,10.479,9.692,9.850,9.121,9.383,9.921,8.989,
340,,,,,,,,,,,,,,,,8.902,9.800,10.175,10.300,9.483,9.600,9.167,9.075,9.425,8.756,
341,,,,,,,,,,,,,,,,8.616,9.776,10.017,9.996,9.192,9.429,9.167,8.804,9.467,8.494,
342,,,,,,,,,,,,,,,,8.419,9.700,9.971,9.671,9.187,9.367,9.025,8.721,9.400,8.228,
343,,,,,,,,,,,,,,,,8.269,9.585,10.008,9.267,9.050,9.204,8.950,8.633,9.350,8.261,
344,,,,,,,,,,,,,,,,8.167,9.529,9.788,9.242,9.042,9.117,8.742,8.542,9.267,7.894,
345,,,,,,,,,,,,,,,,8.194,9.338,9.625,9.171,8.829,9.021,8.608,8.358,9.075,7.950,
346,,,,,,,,,,,,,,,,8.263,9.183,9.513,9.008,8.708,8.850,8.400,8.400,8.871,7.939,
347,,,,,,,,,,,,,,,,8.238,8.948,9.238,8.929,8.633,8.671,8.100,8.358,8.692,7.817,
348,,,,,,,,,,,,,,,,8.081,8.792,9.035,8.687,8.658,8.758,7.879,8.113,8.658,7.833,
349,,,,,,,,,,,,,,,,8.018,8.627,8.867,8.396,8.675,8.583,7.700,7.933,8.396,7.661,
350,,,,,,,,,,,,,,,,8.031,8.450,8.663,8.388,8.600,8.450,7.533,7.771,8.367,7.322,
351,,,,,,,,,,,,,,,,7.948,8.229,8.467,7.958,8.250,8.496,7.392,7.538,8.196,6.994,
352,,,,,,,,,,,,,,,,7.840,7.924,8.242,7.637,8.208,8.417,7.238,7.400,7.896,6.683,
353,,,,,,,,,,,,,,,,7.475,7.850,8.021,7.546,8.187,8.363,7.083,7.367,7.571,6.128,
354,,,,,,,,,,,,,,,,7.136,7.670,7.817,7.554,8.146,8.271,6.938,7.438,7.179,5.811,
355,,,,,,,,,,,,,,,,6.902,7.565,7.624,7.492,7.692,8.083,6.771,7.254,7.000,5.233,
356,,,,,,,,,,,,,,,,6.611,7.527,7.454,7.408,7.558,7.825,6.779,7.238,6.921,4.806,
357,,,,,,,,,,,,,,,,6.476,7.500,7.492,7.463,7.313,7.758,6.921,7.050,6.637,4.872,
358,,,,,,,,,,,,,,,,6.336,7.455,7.517,7.238,6.808,7.533,7.021,6.779,6.500,4.933,
359,,,,,,,,,,,,,,,,6.197,7.277,7.329,7.071,6.667,7.200,6.992,6.504,6.346,4.944,
360,,,,,,,,,,,,,,,,6.183,6.764,7.046,6.813,6.508,6.971,6.783,6.246,5.888,5.133,
361,,,,,,,,,,,,,,,,6.066,6.429,6.833,6.471,6.361,6.800,6.538,6.146,5.438,5.200,
362,,,,,,,,,,,,,,,,5.939,6.524,6.788,6.346,6.296,6.696,6.425,5.992,5.021,5.250,
363,,,,,,,,,,,,,,,,5.730,6.248,6.721,6.217,6.183,6.600,6.179,5.979,4.821,5.100,
364,,,,,,,,,,,,,,,,5.615,5.764,6.583,6.183,6.067,6.396,6.029,6.025,4.800,5.028,
365,,,,,,,,,,,,,,,,5.511,5.576,6.229,6.158,5.875,6.250,6.000,5.963,4.696,5.006,
366,,,,,,,,,,,,,,,,,,,5.975,,,,5.954,,,
Notes:
1998-2023 Wells Daily Average Tailrace Temperature (C)
Generated 03 Apr 2023 10:36:10 PDT. DART Columbia Basin Conditions All Years www.cbr.washington.edu/dart/query/basin_conditions_hist.

"DART Data Citation. Columbia River DART, Columbia Basin Research, University of Washington. (2023). Columbia Basin Conditions All Years. Available from https://www.cbr.washington.edu/dart/query/basin_conditions_hist."
