day,1995,1996,1997,1998,1999,2000,2001,2002,2003,2004,2005,2006,2007,2008,2009,2010,2011,2012,2013,2014,2015,2016,2017,2018,2019,2020,2021,2022
1,,,,,,6.0420,,,,,,,,,,,,,,,,,,,0.6417,,,9.7583
2,,,,,,,,0.1250,,,,,,,,,,,,,,,,20.0000,1.8750,,,7.0792
3,,,,,,,,,,,,,0.4600,,,,,,,0.2583,,,,,,,,
4,,,,,,,,,,,,,,,0.2830,,,,2.8250,,,,0.0833,4.1000,,0.1083,,6.6792
5,,,,,,,,,,,,,,,,,,,1.7542,,,,,3.9000,,,,4.9292
6,,,,,,14.7540,,,,7.8790,,,,,,,,,,,,,,,,,,
7,,,,,,0.7670,,,,,,,,,,,,,,0.2458,,,,,,,,
8,,,,,,,,,,,,,14.3200,,,,,,,,,,,,,,,0.0500
9,,,11.8460,,,,,,,,,,,,,,,,,,,,,1.3000,,,,
10,,,9.9920,,,,,,,,,,,,,,,,,,,,,11.4000,,,1.3833,
11,,,,,,,,,,,,,,,,,,,,0.8083,,,,,,,,
12,,,17.5000,,,,,,,,,,,,,,,,,,,,,,,,,
13,,,16.1420,,,14.6500,,,,,,,,,,,,,,,,,,,3.7167,,,54.7458
14,,,26.4210,,,1.6460,,,,,,,,,,,,,,0.1917,,,,,1.9000,,1.0708,1.8708
15,,9.8750,17.0000,,,,,,,,,,,0.0300,1.7670,,,,,,,,,,,,,0.6083
16,,,20.4290,,,,,,,,,20.5800,,,0.1960,,,,,,,,,,,,,
17,,,8.5580,,,,,,,,,18.7200,,,0.1580,,,,,,,,,,,,2.1625,
18,,3.4620,0.1330,,,,,,,,,9.8900,,,,,,,,,1.1500,,,17.9000,,,,
19,,0.6130,,,,,,,,,,4.2800,,,,,,,,,0.2120,,,,,,,3.1500
20,,4.8420,,,,,,,,,,,,,,,,,,,,,,,,,,
21,,,,,,,,,,,,,,,,,0.0417,,3.9167,,,,,,,,,
22,,2.6960,,,,,,,,,,,,,0.0710,,,,10.5125,,,,,1.1000,,,,1.2500
23,,5.8540,,,,,,,,,,,,,,,,,4.1417,,,,,,0.3208,,,
24,,3.6920,11.3830,,,6.8210,,,,,0.0920,,,,,,,,2.3913,,,,,,,,,9.5750
25,,,6.3670,,,5.2330,,,,,,,,,,,,,0.8042,,,,,30.2000,,,,24.2167
26,,3.5580,1.2170,,,3.3420,,,,,,,,,1.6040,,8.9583,,,,,,,20.1000,,,3.2042,3.6792
27,,,,,,1.0710,,,,,,,,,0.1960,,16.5208,,,1.9833,,,,,,,3.8042,19.2167
28,,,0.4580,,,2.5420,,,,,,,,,,,1.1750,,,0.3958,0.2170,,,12.6000,,,5.8333,12.9667
29,,,11.2750,,,,,,,,,,,,,,3.2917,,,0.2958,,,,,2.6125,,,12.2708
30,,,,,,1.7580,,,,,,,,,,,0.6792,,,,,,,,2.6375,0.3708,,5.4083
31,,15.2170,,,,13.1000,,,,,,,,,,,,,,,,,,11.2000,0.8083,,0.8625,
32,,19.4500,,,,7.7880,,,,,,,,3.8500,,,,,,,,,,,,,,
33,,15.6000,,,,,,,,,,,,1.3700,,,0.6417,,,,,,,1.3000,,,,
34,,1.1080,,,,,,,,,,,,,,,0.3708,,,,,,,,,,4.5708,2.1667
35,,,,,,3.9000,,,,,,,,,,,,,,,,,,,,,5.0667,16.1750
36,,,,,,1.6670,,,,,,,,,,,,,,,0.5375,,,6.4000,,,,
37,,,,,,,,,,,,,,,,,,,4.1792,,5.3125,,,,,,,
38,,,,,,,,,,,,,,,,,,,1.8958,,9.4917,,,26.1000,0.2167,,5.1542,
39,,,1.1710,,,,,,,,,,,,,,,,,,2.8875,,,15.1000,,,4.8042,
40,,,,,,11.9210,,,,,,,,,0.2210,,,,,,0.0583,,,25.0000,,,0.9208,
41,,,,,,8.8120,,,,,,,,0.3400,0.0210,,0.7458,,,,1.9083,,,40.0000,,,4.4167,3.1292
42,,2.0830,,,,3.2920,,,,,,4.9000,,,,,11.7542,,,,,,,35.0000,,,,6.4792
43,,9.9040,,,,,,,,,,,0.3300,,,,0.8458,,,,,,,34.8000,,,6.3333,12.4292
44,,,,,,,,,,,,,,,,,1.6292,,,,8.8625,,,35.6000,,,11.6792,1.3792
45,,1.4710,,,,13.2130,,,,,,,,,,,2.6208,,,,7.5417,,,45.0000,,,7.4542,
46,,27.6250,,,,1.1130,,,,,,,,0.0700,,,,,,,2.6750,,,20.5000,0.4125,,1.1542,
47,,48.2130,,,,,,,,,,0.8000,,,,,,,,,8.3083,,,23.5000,,4.5458,2.0208,
48,,46.2000,,,,,,,,,,1.3200,,,,,,1.2800,,,3.4792,,,,,,6.5042,1.1333
49,,29.3920,,,,,,,,,,,,,,,,0.4800,,,19.9458,,,20.1000,,,4.5458,
50,,19.5120,,,,,,,,,,,,,,,,,,,6.6458,,,28.3000,,,0.7292,
51,,7.5330,,,,,,,,,,,,0.0100,0.3370,,,,,,1.4083,,,18.6000,3.3333,,,
52,,21.6750,,,,,,,,,,,,,,,,,,,22.4500,,,10.0000,4.1667,,,
53,,23.8370,,,0.5900,1.5120,,,,,,,,,,,,,,,14.0042,,,21.8000,0.2625,,,
54,,58.3920,,,,,,,,,,,1.6200,,,,,,,,9.9292,,,15.0000,,,,3.2167
55,,89.1250,,,,,,,,,,,0.9700,,,,,,,,4.6750,,,,,,,0.4333
56,,57.1210,0.1420,,,,,,,,,,,,,,2.1167,,0.4625,0.9667,,,,14.5000,,5.5542,,9.9625
57,,102.5290,,,,,,,,,,,,,,,8.4000,,,,3.8833,,,14.5000,,,,
58,,97.8500,,,,,,,,,,,,,,,3.3833,,,,10.5042,,,34.8000,,,,2.2958
59,,110.3210,,,,,,,,,,,,,,,,,,,,,,25.2000,,4.7667,,
60,,94.4000,,,,,,,,,,,,,,,,,,,,,,23.9000,,,,
61,,74.2920,,,,,,,,,,,,,,,,,,,2.0500,,9.2000,31.7000,0.0417,,,
62,,27.1670,,,,,,,,,,,,,,,1.9667,,,,0.7917,,,6.4000,,,,
63,,29.0130,,,,,,,,6.2040,,,,0.7100,,,,,,,2.1667,,,,,,7.5667,7.4625
64,,33.0380,,,,,,,,,,,,0.0100,,,,,,,1.3958,,,,1.4000,,,
65,,51.4080,,,,,,,,,,,,,,,,,,,,,,,1.5261,,,
66,,39.6290,,,,4.9750,,,,,,,2.2800,,,,,,,,,,,,,,,
67,,32.4460,,,,0.1370,,,,,,,0.2300,,,,,,,,0.7130,,,1.3000,,,,
68,,39.6960,,,2.9120,,,,,,,,,,,,,,,,5.6375,,,25.3000,,,,
69,,32.2040,,,,,,,,,,,,,,,,,2.1478,,,,,,0.4739,1.2333,,
70,,19.0120,,,,,,,,,,,0.1000,,,,,,2.2125,,,,,1.2455,,,0.5417,
71,,36.9920,,,,,,,,,,,,,,,0.1042,,1.0000,,,,,,,,,
72,,31.3380,,,,,,,,,,,,,,,,,,2.2000,,,,,,,,
73,,34.6040,,,,,,,6.7170,,4.7830,,,,,,,,,11.0250,,,,,,,,
74,,53.2250,,,,0.3040,,,,,,,0.0900,,,,,,,0.4000,2.9917,0.1000,,13.5000,1.4667,,,
75,,35.3880,,,,0.6880,,,,,14.5920,,4.7800,,,,,0.0400,,14.2125,,,,10.9000,0.5125,0.4917,,
76,,37.9830,,,,,,,,,4.0300,,0.3300,,,,,0.1700,1.1750,20.1000,,,,,,0.7208,,
77,,13.1250,,,,,0.1830,,,,,,,,,,,,,17.8500,,,14.5000,,,,,
78,,11.2500,,,,,,,,,,,,,,,,,,18.8750,,,6.9000,,,,,
79,0.6040,22.1790,,,,,,,,,,6.6200,0.8500,,,,,,,19.0833,,,39.2000,,,4.2000,,
80,,12.2830,,,,,,,,,,,,,,,,,,5.3167,6.1875,,33.3000,,,,,
81,,11.2500,,,,,,,,,,,0.6400,,,0.0580,,0.5100,,,2.1375,,58.8000,,7.0417,,,
82,,11.2500,,,,,,,,,,,14.6100,,,,,11.1100,,4.1042,5.1292,,105.3000,,,,,
83,,14.7790,,,,,,,,,,,25.5000,,,,,11.3000,,,7.5833,,38.2000,,,,,
84,,16.8750,4.0420,0.5370,,,,,,,,,0.4100,,,,,7.5600,,,,,72.9000,,,,,
85,,11.2500,22.6290,12.5000,,,,,,,,,6.6000,,,,,6.8600,,,,,23.3000,38.6000,,,,
86,,1.7620,46.7000,,,,,,,,,,10.1000,,,,,15.6800,,,,,67.5000,,,,,
87,,13.6170,33.7040,,,,,,,,,,56.0800,,,,,4.9000,7.3167,,2.6167,,65.5000,,,,,
88,0.4330,,9.5620,7.5000,,0.5000,,,,,,,44.1400,,,,0.0333,10.1700,,,,,60.1625,,,,,
89,,,25.8000,,,,,,,,,,38.3300,,,,7.9522,7.2100,,,6.2542,,70.4913,,,0.4125,0.5042,
90,,,23.6000,,,,,,,,,,42.4800,,6.3400,,8.3826,27.8700,,3.0875,0.2000,,75.0850,,,3.2167,,
91,,,29.0960,,,,,,,,,,23.6800,,,,8.4833,16.0500,,6.9250,2.5792,,63.1652,,0.4167,,,
92,,,6.8670,,,,,,,,,,41.9200,,,,6.2167,,,14.2417,0.5500,,68.8708,20.1000,,,,
93,,,9.9420,,,,,,,,,0.1600,49.8200,,,,13.3667,3.3300,0.0417,7.9792,,,66.9500,,,,,
94,0.4330,,,,,,,,,,,,40.6600,,,,8.5333,14.8600,4.6333,2.1667,,,65.9125,,,,,
95,,,,,,,,,,,,,31.9300,,,,0.4625,4.3500,3.9625,,,15.1000,62.5000,,,,0.5458,
96,0.0830,3.7500,,,,,,,2.4960,,,,10.5200,,,,1.2750,15.7600,1.0625,,,12.6000,62.9522,,,,,
97,,17.6750,1.5670,,,0.5670,,,2.1540,,,,2.1600,,,,17.4333,14.5200,0.9708,,,,83.6000,25.7000,,,2.4333,
98,1.2580,22.5570,9.4000,,1.7420,1.5580,,,,,,13.0500,0.5700,,,,2.8042,11.0800,22.1917,,,,72.6000,,,,0.2625,
99,1.7210,20.5290,10.1920,,6.2750,1.7000,,,,,,0.3600,,,,,7.1292,6.6200,31.1292,9.6458,9.1875,,66.6000,7.8000,6.6792,,7.3917,
100,2.4580,18.8580,10.3830,,6.1750,2.9290,,0.3830,,,,,,,,,,11.7600,40.4250,9.8333,10.0000,4.4000,93.1000,10.0000,6.0000,7.0750,6.2583,
101,1.8040,8.6380,10.4500,,6.7710,1.7000,,19.3040,,,,23.8600,13.1900,,,,,12.5700,52.3375,8.4167,10.0000,10.0000,77.7000,10.0000,5.1375,6.9250,7.3417,
102,1.8370,8.7790,11.8000,,9.3080,1.6620,,8.8170,6.2830,,8.8100,16.0600,23.3600,,8.1200,5.6790,9.9750,13.2400,31.8625,8.4625,9.8792,10.0000,28.4000,10.0000,4.8542,7.1417,7.6333,
103,2.3500,20.0880,11.8580,0.1580,11.2750,8.5500,,7.6670,5.1250,8.3920,7.3400,33.2000,19.9400,5.8300,7.5900,4.6380,10.6542,17.3600,32.4083,9.0542,9.0083,10.0000,62.7000,36.2000,5.1250,6.0542,6.3292,
104,5.4120,20.4630,11.7500,,11.2710,9.4040,,8.7250,6.9170,9.0420,6.8300,36.2800,41.8500,4.3400,15.0600,5.6380,10.0000,15.9600,39.2625,10.0000,6.6542,38.4000,54.3000,10.0000,4.8625,7.1000,6.9625,
105,5.0080,28.7080,10.2000,0.8790,10.9630,9.3750,,20.8460,8.8630,9.1000,6.7900,34.8500,9.7200,6.9100,8.3000,5.3750,10.0000,11.5200,36.4833,10.3042,7.9833,51.8000,54.3000,23.4000,7.6625,6.5750,10.5625,
106,4.1210,25.2120,9.0710,4.5750,11.5500,7.8000,5.3120,44.8710,7.8080,9.7710,5.8200,67.2000,17.1200,7.4000,8.6500,4.4580,10.0000,15.7000,44.6375,10.0000,9.2292,45.0000,62.7000,33.1000,7.1000,7.5125,7.9583,
107,5.6210,31.8960,8.8960,6.3540,11.6420,8.0210,5.9170,50.0170,9.0500,11.1370,4.5700,42.9700,13.3600,6.1900,9.3000,4.0920,10.0000,22.3000,34.8375,10.0000,8.8458,45.0000,40.2000,31.8000,6.9542,9.4500,5.7958,
108,6.2000,51.6710,9.8080,5.9830,11.1080,14.0960,5.5170,62.7080,7.9210,10.5210,6.3700,41.7700,31.9500,5.3900,9.4600,4.3330,9.9042,26.0000,25.8792,17.6625,6.9500,70.0000,24.5000,40.3000,7.0917,10.0625,4.7583,
109,6.4790,41.8330,9.1330,4.1830,12.2290,26.4250,4.4710,31.6290,7.8460,10.1170,7.1200,20.3100,15.7700,5.7000,8.4900,5.8210,10.0000,16.6300,17.8458,16.4625,7.7083,16.5000,25.0000,10.0000,5.9417,7.6792,4.6250,
110,5.9830,27.9880,14.3130,6.1830,11.7080,38.4830,5.3750,42.4420,5.1790,12.4000,8.5600,35.5000,13.6000,5.6700,9.2500,6.6000,9.9833,29.8400,10.0000,10.5417,8.3333,35.2000,23.5000,39.4000,5.3458,8.4958,6.1583,
111,5.6750,28.3670,25.0210,8.2960,13.0960,23.3370,4.2330,16.0290,8.5130,12.4120,8.5100,43.6700,10.0000,5.3200,8.8200,7.1710,9.6833,40.0200,10.0000,17.9208,7.2167,10.0000,20.6000,36.9000,5.5833,8.6375,11.8542,
112,4.8500,30.1330,29.2370,8.0580,13.2000,22.2500,3.6500,19.4130,8.9080,12.2290,8.3800,32.5700,9.2100,8.1200,8.7300,6.5880,9.8750,21.4000,12.8667,20.8125,7.8583,66.0000,10.0000,46.3000,8.1167,7.8792,9.1208,
113,6.3460,30.2580,9.4000,7.5620,13.2000,38.8080,5.7210,9.3630,8.5880,11.1540,7.7700,25.7700,23.1300,8.1900,9.8600,7.3290,10.0000,31.6300,15.1292,15.2417,7.3083,53.1000,10.0000,32.1000,8.4833,9.1333,9.3875,
114,7.9750,59.8670,11.8830,7.6460,13.2000,14.5460,5.6920,9.5040,9.3000,11.4750,6.5100,28.7700,15.8800,8.2400,12.6000,6.0250,10.0000,32.6500,17.5125,13.9708,8.7833,45.0000,10.0000,19.7000,14.7833,9.3000,8.6208,
115,8.1130,46.7750,30.3330,7.0370,13.0620,41.4210,5.2540,9.4500,9.5080,11.3170,8.3600,32.5400,15.3500,8.5100,9.4700,6.5460,10.0000,41.6400,14.5000,25.2333,7.5667,20.9000,10.0000,26.7000,15.2042,9.2792,7.7083,
116,8.3790,51.1420,31.1710,5.3250,13.2000,71.3080,6.5580,9.4130,7.6170,10.5040,8.3300,10.3400,10.0000,7.7900,9.3100,8.0460,10.0000,27.5600,10.0000,25.3292,6.0542,35.2250,10.0000,26.4000,12.1583,7.5750,8.9500,
117,8.7670,59.3290,22.8420,7.6170,13.9960,16.4580,4.9920,8.5830,6.9130,11.8120,8.5600,10.0000,25.4100,8.3800,10.0200,7.1920,9.8708,13.0600,10.0000,15.9708,7.3583,40.0000,10.0000,26.2000,9.5917,9.1208,12.2292,
118,7.8580,31.8580,53.5920,9.7210,20.1750,22.9460,3.1040,7.4670,9.4460,11.5500,8.4100,14.3900,10.0900,8.0900,9.5700,7.1330,10.0000,27.0900,9.7042,12.7750,7.8208,41.3000,10.0000,38.6000,10.0625,10.0000,8.9708,
119,7.7920,31.4830,60.8460,10.2920,10.8830,12.0420,3.5880,9.3130,9.6670,11.0620,8.2400,12.2400,10.4400,7.9200,9.9900,7.0420,9.7500,18.6100,9.4917,17.7667,5.4542,11.0000,10.0000,38.6000,13.4000,9.8833,8.7292,
120,7.5620,22.7830,71.9710,9.4580,10.4000,10.0000,4.9790,9.0670,9.2170,11.0000,6.8000,10.0000,16.2000,7.8800,10.0000,6.6330,10.0000,33.3000,9.8792,18.6875,8.2750,13.2000,10.0000,30.0000,20.3500,10.0000,7.9708,
121,8.4670,42.9420,64.5210,10.5500,10.4000,10.0000,4.9000,8.9330,8.1460,10.8870,7.3800,19.6700,12.9600,6.4700,8.6200,6.2920,10.0000,67.1800,10.0000,19.9750,8.4417,23.8000,10.0000,50.0000,8.3125,10.0083,8.0250,
122,8.7710,50.3880,65.2750,9.9000,10.4000,16.8170,5.2290,8.1500,8.6460,10.8330,9.3500,15.1200,10.2700,6.7200,7.5200,6.0420,10.0000,68.0400,10.0000,22.6292,7.9792,13.2000,16.2000,56.4000,7.4500,10.0000,8.8333,
123,8.1710,21.2500,55.4580,9.0500,10.4000,10.7790,5.0120,8.5080,8.0580,10.2870,8.8500,14.2200,15.6100,7.4600,4.8300,8.2540,10.0000,90.7100,10.0000,25.0542,8.0042,13.2000,30.1000,46.3000,8.7958,10.0000,11.3583,
124,8.3460,42.4040,59.3580,10.5250,10.4000,13.5460,5.6420,7.7250,8.5330,11.8870,8.5100,10.0000,36.9300,7.2900,8.6300,7.9670,10.0000,78.0900,10.0000,30.1000,7.9833,13.2000,10.0000,61.8000,8.5458,10.0000,10.4375,
125,8.2420,50.9500,50.8960,11.5920,10.0000,13.6000,4.9040,7.8330,9.2370,11.7540,8.1000,27.4300,17.3200,6.0500,6.7100,8.5880,9.2917,88.9600,9.3042,36.2708,7.0750,14.7000,30.1000,68.0000,7.3625,26.7875,21.0042,
126,5.5580,42.3460,39.1210,11.9870,10.0000,10.0000,3.8380,9.3750,8.3580,10.6710,13.5200,23.0100,9.8300,7.9200,5.5300,8.0670,10.0000,75.2300,9.9250,23.6208,6.9292,28.2000,30.0000,77.4000,9.2250,39.8958,12.0333,
127,5.4710,26.8170,31.6250,11.8670,10.0000,9.3870,6.4500,9.4330,8.1670,8.9330,7.9500,9.4300,39.5000,7.9500,6.1500,8.0420,9.8667,66.8500,14.0792,33.4417,6.9458,13.2000,30.0000,55.6000,7.8208,10.8250,17.6875,
128,6.7830,10.5960,38.7670,11.9000,9.2460,10.0000,7.1670,9.5040,8.3000,7.9290,8.0200,29.2300,60.7700,8.2800,8.2300,7.6250,9.6625,59.9300,23.0208,39.4208,6.2458,13.2000,56.0000,86.0000,9.0292,10.0000,30.9125,
129,7.3880,12.7120,60.3250,12.1000,9.6790,10.0000,8.0540,9.2210,8.3000,7.6000,9.1700,22.9300,10.0100,8.6600,8.2300,6.5500,9.9833,63.1300,20.7917,18.2708,6.5250,57.9000,70.0000,77.5375,21.8000,17.4792,21.8500,
130,7.1080,10.4000,52.7790,11.4040,9.9080,10.0000,7.1830,9.1420,7.6540,7.0290,9.2100,10.4700,10.9000,8.8700,7.0400,8.1000,10.0000,77.7900,41.9792,10.6167,6.2125,13.2000,90.0000,88.9000,19.1708,26.5708,36.9958,
131,7.7790,10.4000,64.7580,14.2370,9.7920,10.0000,5.1750,7.7500,7.4710,8.9580,8.8100,13.6100,12.9500,8.6300,8.3400,8.4790,17.7667,79.2600,35.4500,19.9000,8.0792,23.8000,30.1000,127.9000,10.3958,28.8792,36.0250,
132,7.6880,10.0000,51.9750,12.4170,10.4250,10.0000,2.9040,7.3000,14.0000,8.1750,9.6900,10.0300,20.1700,8.7400,8.5900,8.7870,26.7167,56.7900,28.0000,10.0000,8.8250,13.2000,64.5000,137.8000,10.0000,22.8500,32.4667,
133,5.7000,10.0000,65.4250,12.1000,11.7790,10.0000,2.9330,7.9960,12.6080,8.0330,9.1100,10.0000,33.7600,10.0000,8.6700,8.6880,25.8083,34.2300,25.9042,10.0000,8.5583,13.2000,52.7000,180.8000,9.7417,27.6167,14.6917,
134,6.0790,10.0000,61.1250,12.1000,12.1000,10.0000,4.6750,9.2000,8.6170,8.4170,8.8700,19.8700,13.1500,10.0000,9.0400,8.6080,32.8792,27.4300,10.0000,20.5417,9.0375,13.2000,54.0000,185.1000,10.0000,30.7708,10.0000,
135,8.2380,10.0000,67.7830,12.1000,12.1000,9.3290,3.3790,10.0000,9.0620,8.4880,7.4800,11.6000,16.4200,9.9900,8.8500,7.1880,35.8458,45.9700,11.0875,26.0125,9.1083,13.2000,70.0000,162.4000,28.5167,34.1667,9.2458,
136,9.0880,10.0000,70.7210,11.9960,12.1000,10.0000,3.3500,8.9960,9.1040,8.3170,8.5000,20.3800,18.6500,10.0000,7.6100,8.1500,23.0542,60.3700,21.8292,29.4542,6.9958,13.2000,96.0000,147.8000,42.0708,49.5708,9.1083,
137,9.9380,10.0000,92.1040,11.5250,12.9670,10.0000,3.9500,8.6080,8.7960,8.4000,8.6700,29.1800,14.9600,10.0000,7.7000,8.7420,23.4542,57.7500,40.5958,35.8583,7.9417,13.2000,116.0000,185.0000,29.2708,38.7583,8.8667,
138,9.2460,11.1620,97.6330,12.1000,13.8000,10.0000,3.0080,8.0710,6.3750,8.5670,8.7500,70.6300,19.7100,8.7600,8.2600,7.4960,43.6375,81.6000,34.9958,29.8875,7.6000,24.1000,92.3000,147.4000,43.0292,30.3458,9.3458,
139,9.0380,38.8750,98.5170,12.1000,13.8000,10.0000,3.6670,8.5000,9.1080,8.5790,8.6100,30.1500,12.5100,8.3600,8.7300,7.9920,63.5087,61.3800,43.7417,31.7708,7.7000,6.7000,96.4000,152.9000,42.5958,28.8125,10.1083,
140,6.2580,74.8750,80.0170,12.1000,13.8000,10.0000,3.2790,7.8460,9.1670,8.8420,8.7400,15.0100,12.2700,9.9600,8.0100,8.4250,71.7042,72.7600,35.0000,39.1250,9.5000,6.1000,83.3000,141.0000,33.0250,43.0583,10.2000,
141,6.3460,45.1290,99.7540,11.1540,11.2540,9.3580,5.0710,7.4170,8.7370,7.9670,7.7700,11.7800,22.4300,10.4700,8.8100,8.7920,100.5292,60.8100,31.3208,32.8083,8.7000,6.8000,91.4000,161.2000,36.3792,40.0500,11.9500,
142,8.3960,57.8710,100.4420,10.5330,11.0540,10.1880,5.9290,8.4330,9.8000,7.9540,7.8900,12.0700,14.6100,10.4500,8.0300,7.6290,112.6750,66.3500,35.8875,43.0792,7.8000,5.2000,55.8000,177.8000,17.9583,27.0375,10.0000,
143,7.3330,59.0370,108.6370,9.0920,26.3630,16.7420,5.6080,8.9750,9.5540,7.8870,16.2600,14.0900,13.5900,10.9800,8.4000,7.7540,94.0458,62.0800,20.0375,47.3208,10.0000,8.3000,46.3000,162.6000,9.5958,28.2458,8.9833,
144,9.1750,58.9580,113.0130,8.9920,14.1580,8.9460,5.9210,9.1290,8.0880,6.4750,11.4600,15.6800,23.5900,19.7700,8.6400,8.9210,83.9208,55.3400,35.9750,47.9542,10.0000,10.0000,46.3000,126.0000,9.5500,33.4917,9.4083,
145,9.3830,59.0750,111.6750,10.0580,13.3380,8.6460,4.7120,8.3380,6.6330,7.6000,17.3700,27.7700,20.6000,47.1800,8.5400,8.6620,71.8625,60.1300,37.3875,30.2375,10.0000,10.0000,57.8000,135.4000,10.4875,34.4917,18.2500,
146,8.8330,46.2120,115.3710,11.0250,11.4420,8.3380,3.0880,10.3210,7.0000,7.8210,24.3900,72.7800,30.2100,59.0800,8.7600,8.5000,80.3917,63.5100,38.2833,40.3917,9.8000,10.0000,62.0000,121.0000,15.6500,29.1500,27.2042,
147,7.1290,89.0750,119.4920,11.0040,11.4580,8.2130,3.0960,14.8460,7.9290,8.4040,26.7800,93.0600,17.8600,36.4700,10.0000,8.4960,119.0417,65.7200,38.5292,31.8708,9.2000,10.0000,52.3000,85.7000,10.4875,33.6833,11.2083,
148,5.6750,66.0960,120.5580,23.8920,12.6380,7.4750,3.0210,16.1500,11.9830,8.5370,10.8600,119.0600,15.8100,75.5200,10.0000,8.2540,131.6417,25.9100,28.7417,24.8167,10.0000,10.0000,56.8000,127.5000,9.4583,40.6250,22.7458,
149,7.6750,81.2120,123.1870,42.2130,13.0250,6.6960,5.0580,14.9330,14.5630,8.1250,8.3400,115.0800,16.3600,68.5500,9.4700,8.1290,142.4708,28.0700,19.1917,53.4125,10.0000,10.0000,66.6000,105.3000,9.5208,48.9042,13.9083,
150,9.1500,71.6290,118.0920,42.2500,12.0830,7.0000,6.1040,10.6870,8.9580,7.0790,9.4400,105.0200,24.0900,66.0700,9.4600,7.0750,141.8000,37.1100,10.0000,77.1875,18.4000,7.8000,77.1000,78.3000,10.0000,55.6667,12.4542,
151,8.2330,77.5580,131.3540,65.6170,12.5250,8.8210,6.3670,17.4540,7.7790,7.9250,11.4000,29.8400,14.1200,59.0300,8.6000,7.4710,133.0333,27.6200,10.0000,29.1625,22.9000,7.2000,36.0000,98.3000,10.0000,59.7545,16.1583,
152,8.8000,82.2500,117.2000,62.4330,12.5380,8.7420,5.5790,21.4040,6.3790,7.4040,16.5900,44.9200,16.6300,52.8700,8.9600,8.5170,129.9250,30.7600,10.0000,56.9042,7.8000,10.0000,46.9917,95.0000,9.6167,52.3417,32.3042,
153,3.6210,79.6540,125.0170,72.8120,13.8000,8.4330,4.8670,16.9370,7.6000,8.2540,12.3700,59.7500,12.8200,45.9600,9.0500,8.8080,129.6250,25.3500,13.2542,33.3750,5.2000,10.0000,46.0292,84.2333,8.6917,49.4375,18.9792,
154,2.3000,93.6960,137.3040,47.9420,15.5290,7.8330,4.8960,41.4420,7.8170,8.1960,9.7800,71.9600,10.8700,54.2000,10.0000,7.9250,133.6625,10.0000,11.3417,25.1708,7.8000,10.0000,50.9000,83.1000,8.3083,71.6833,39.2042,
155,2.1420,74.3080,128.5790,25.8330,39.6750,8.6290,6.3620,75.5460,8.0040,8.8960,10.7400,66.9600,13.6800,90.5500,10.3800,6.9580,131.9542,18.5000,15.9750,16.0458,10.0000,10.0000,47.0292,69.5000,8.0583,63.9000,49.6125,
156,2.7750,60.5670,146.9210,66.1210,30.4250,8.3000,6.2420,75.1750,8.3500,8.8960,7.0400,60.3200,16.2900,89.6200,10.0000,6.1210,149.8667,14.3000,11.3875,19.5750,10.0000,10.0000,53.4792,65.0000,9.1792,79.9250,43.1500,
157,2.5710,57.1830,151.1670,32.3370,14.0040,8.4580,6.6420,66.5920,8.9330,7.6380,8.4700,63.8900,10.0000,40.3800,10.0000,7.3670,146.3208,11.2400,10.0000,10.0000,9.9000,10.0000,59.0208,55.0000,9.7167,67.3261,33.8792,
158,2.9080,33.3460,131.2920,45.9880,33.3630,8.3500,8.5040,76.5330,12.4380,7.0330,8.4700,73.6400,13.0600,42.2200,9.2000,7.4960,137.2375,49.5600,10.0000,10.0000,9.4000,9.9833,64.1083,33.5000,7.4708,80.1167,42.6500,
159,1.3420,43.6250,145.9120,19.5870,39.2000,7.8170,7.1290,73.5920,8.1330,7.5040,8.7500,49.5300,29.2400,39.9300,10.0000,9.6370,127.9292,56.7600,10.0000,12.3250,10.0000,9.0000,70.0125,65.0000,8.5000,85.6458,32.3833,
160,,75.0460,141.6500,13.2000,36.3170,7.3290,6.0250,33.1210,8.8670,7.7170,9.0300,52.7000,14.5700,15.6600,10.0000,15.0790,96.8458,68.1500,10.0000,11.2500,7.8000,7.8000,81.9417,33.1000,10.1333,57.5708,24.5042,
161,,91.6040,152.0420,3.3000,28.7580,6.8790,4.4250,65.4920,10.0000,7.7580,8.8200,58.3500,10.7900,60.6200,10.0000,18.1080,109.4708,45.4900,10.0000,10.0000,9.1000,7.8000,55.3958,35.2000,10.0000,49.9375,29.9458,
162,,83.3380,182.6920,,24.8380,6.1250,7.8870,30.6330,10.0000,8.6580,8.2200,80.9700,12.2000,81.8700,9.4200,21.0500,137.6167,40.8600,10.0000,10.0000,7.7000,5.6000,67.5000,14.0042,9.9167,51.3250,11.4375,
163,,68.7290,192.3380,,14.8250,6.8290,6.4250,61.5880,10.0000,9.3880,7.0200,81.1000,10.0000,85.6100,9.2100,10.0000,127.4167,42.9000,18.9167,10.0000,7.8000,10.0000,52.5417,18.6917,10.0000,43.2625,10.0000,
164,,86.0580,189.2750,,12.8670,15.8290,5.5710,53.9170,10.0000,9.3380,8.4700,66.3500,10.0000,66.9400,9.4500,10.0000,113.7250,54.1700,10.0000,10.0000,6.7000,10.0000,66.2913,19.0522,9.6292,38.3792,9.7708,
165,,98.0380,176.0620,,31.3460,18.0380,6.4080,47.3040,9.1250,9.0670,8.9600,72.3400,10.0000,50.1700,7.4100,10.0000,144.9000,50.4300,10.0000,10.0000,6.8000,9.6000,58.5375,40.7000,8.1750,46.4333,22.9250,
166,,99.3710,181.8750,,15.9960,14.6880,7.5080,19.0460,8.2460,10.0000,8.7700,75.2600,23.5900,14.9900,7.0700,24.9170,137.6917,45.7200,10.0000,10.0000,4.1000,10.0000,51.2750,10.0000,8.3250,46.0208,9.8792,
167,,108.7710,171.6880,5.8330,36.1960,8.5330,5.4830,12.2210,10.0000,10.0000,9.1900,87.0800,11.4300,22.2200,7.7000,32.2330,135.3250,52.6100,10.0000,10.0000,5.6000,9.0000,24.7708,41.5000,6.4083,26.2708,21.9208,
168,,154.7040,174.3620,8.4420,13.2670,6.0540,4.0620,31.5670,9.5710,8.1210,9.6800,69.8200,9.5700,40.2400,7.7200,33.1790,120.0000,48.9900,13.0750,10.0000,7.7000,10.0000,16.7375,21.4000,9.0542,20.2167,26.7375,
169,,102.4580,175.9290,9.8170,12.2290,14.5710,7.3830,52.2290,9.3290,8.6210,7.9900,37.7300,10.0000,45.1800,9.4700,20.9500,119.3875,41.3000,10.0000,11.1750,4.7000,7.7000,46.3000,26.4000,8.5083,32.0708,27.8167,
170,,87.4960,164.5000,11.3750,10.3630,10.0790,7.4250,69.4460,7.9040,8.3620,6.7200,50.2300,10.0000,41.1900,10.0000,21.3000,117.7833,46.2000,10.0000,28.6875,5.6000,5.6000,10.0000,10.0000,11.5250,32.7333,14.7792,
171,,72.1920,164.1920,10.9620,9.5580,10.0250,7.5580,101.1960,8.6080,8.4500,9.6000,49.9800,10.3100,31.4100,9.3700,10.0000,114.3167,37.4200,10.0000,21.3708,4.7000,7.8000,10.0000,23.9000,15.0125,36.9167,17.9458,
172,1.1460,62.3460,163.8080,7.6130,14.5080,13.9080,7.9500,76.0210,6.8330,8.9920,10.1000,41.3100,12.1400,24.1700,9.2500,40.5460,87.7667,70.8800,23.5542,19.3417,5.6000,7.8000,10.0000,10.0000,8.7917,27.7917,10.1042,
173,7.0830,50.4420,163.1630,11.1830,15.6830,8.1920,6.8130,27.9170,5.6500,9.3920,10.0000,88.7100,9.2100,16.6300,14.9300,54.5500,92.7917,66.3400,19.7042,16.0917,3.4000,10.0000,22.0000,10.0000,6.7000,28.3167,9.9625,
174,10.0000,42.7880,166.2080,11.6960,16.3000,9.3580,5.0210,13.2000,8.3250,9.0620,10.0000,21.8900,7.9100,14.7500,10.5500,48.0620,104.8833,89.4800,22.3250,21.3500,5.6000,8.2000,20.6000,22.4000,6.2375,41.3250,19.6792,
175,9.9250,55.4000,136.3500,12.1000,21.1250,7.7330,3.4040,14.0120,8.5040,7.8120,10.0000,38.0400,7.8800,21.2600,10.0000,47.6620,74.3583,54.4700,18.5125,10.0000,7.8000,10.0000,10.0000,58.7000,9.8833,49.2542,20.1333,
176,10.0000,34.2790,118.8830,12.1000,18.2670,7.7500,7.0830,37.7290,27.8750,7.5580,9.9300,20.2700,10.0000,21.4400,10.0000,43.6670,66.3458,81.9700,19.3583,23.2542,7.3000,10.0000,26.4000,26.0000,11.2667,58.3167,17.9000,
177,10.0000,17.3330,93.3960,12.1000,13.2000,7.2750,7.4170,50.5500,20.3080,7.8960,8.9200,11.1900,16.3400,41.5600,9.0900,47.6540,77.7958,133.1200,27.3000,30.1792,10.0000,10.0000,20.6000,83.9000,10.0000,58.9417,18.4750,
178,10.0000,56.1170,93.8830,10.9080,13.2000,11.7040,7.6250,94.4790,8.9960,7.8330,10.0000,18.8500,8.3700,58.1200,7.5100,38.1080,77.4833,141.6100,23.7200,29.8458,10.0000,10.0000,10.0000,55.3000,9.5125,79.5167,24.7875,
179,10.0000,54.4620,76.9540,10.0870,15.4250,29.9920,6.4790,105.6670,8.7580,7.6420,10.0000,16.4900,8.6700,55.2600,8.5800,32.7750,78.1250,135.0100,40.2600,26.7792,7.8000,10.0000,10.0000,38.0000,10.0000,77.3696,28.1875,
180,10.0000,31.8170,32.5920,12.1000,29.2380,13.5790,6.5040,90.7540,6.8670,8.6080,10.0000,10.1200,9.2900,36.4700,9.8800,47.9170,83.8583,144.8000,38.5500,29.9542,7.8000,10.0000,10.0000,10.0000,9.7958,85.0364,18.7870,
181,10.0000,26.3460,23.0790,12.1000,15.4210,8.7170,6.0540,50.8000,7.8830,10.0000,14.1700,15.9000,8.0500,24.6100,7.6300,29.6830,65.2833,135.0300,50.5000,18.4208,9.6000,10.0000,10.0000,10.0000,10.0000,81.1208,19.9696,
182,8.0630,3.5710,13.0540,12.2080,16.0330,7.3210,5.0370,118.3080,11.1710,10.0000,10.6920,9.7500,7.8800,37.8600,6.9300,38.6750,71.7792,135.6800,42.5583,35.3333,10.0000,10.0000,13.5000,10.0000,9.5375,80.8583,15.1042,
183,6.4250,,18.1290,10.9000,13.2000,6.5080,6.8170,139.4960,7.4370,7.5040,8.6920,7.2400,8.0900,34.3700,7.7200,16.8380,100.1917,120.7100,45.0750,25.0750,10.0000,10.0000,43.7000,10.0000,8.9000,69.8500,10.4667,
184,8.2130,0.3960,38.2120,10.9040,13.2000,5.3420,6.6920,121.1750,7.8830,8.0790,7.4830,7.8000,8.1700,25.0800,6.0900,10.0000,98.9667,124.5200,50.5000,30.2917,9.7000,6.8000,11.5000,9.7000,8.5042,71.5625,12.3083,
185,7.8040,27.3500,31.6120,9.7620,13.2000,7.6630,3.9210,50.1580,4.8500,7.4250,7.7300,7.6600,8.2000,34.3100,5.7900,8.1880,80.5000,132.0100,25.5417,12.6667,10.0000,10.0000,10.0000,10.0000,8.4083,60.8750,12.6583,
186,8.6040,32.6670,21.7380,8.9380,13.2000,6.9290,4.4710,22.2620,6.4380,6.2250,9.9000,8.9900,15.9900,41.9200,5.4100,8.4960,81.9875,123.5600,24.0042,10.2542,9.6000,7.8000,8.8000,7.8000,8.8292,46.5125,10.9500,
187,8.6080,36.7120,8.4460,10.4170,14.9750,8.4250,4.4420,20.7420,6.0120,7.7210,10.0000,10.0000,8.8100,24.9200,7.5600,8.0040,91.1292,130.1300,34.1333,14.5750,5.6000,6.6000,10.0000,37.0000,8.7667,40.6958,9.7625,
188,8.2130,39.9960,10.0000,11.1290,13.2000,9.1580,3.9790,10.9120,7.7750,7.7420,10.2500,10.0000,7.9400,21.6300,9.0200,6.7500,88.3333,103.9900,20.2000,14.1125,7.0000,10.0000,8.8000,30.1000,9.1042,36.3667,10.4542,
189,8.3380,35.3750,10.0000,12.1210,13.2000,9.5960,3.7120,10.0000,7.0380,8.0750,10.0000,9.4100,6.6600,25.8800,8.2600,7.0040,80.7292,70.3300,10.0000,10.0000,5.8000,10.0000,8.8750,7.9000,8.2542,18.3208,15.1625,
190,6.1040,29.9580,10.0000,12.0580,13.2000,8.8920,5.2670,16.9380,7.7960,7.9000,9.9700,8.8700,9.8000,35.0000,8.4800,13.9290,72.3458,80.6600,10.0000,10.0000,5.6000,7.8000,7.8000,10.0000,8.8667,38.9167,10.8500,
191,8.1250,29.9580,10.0000,12.3670,13.2000,6.3620,3.9620,29.8250,7.8500,7.6670,9.0300,10.0000,10.0000,30.0100,8.9300,7.0580,78.8583,98.5900,10.0000,10.0000,5.1000,7.8000,38.3000,10.0000,8.9458,28.8875,9.1042,
192,7.9630,29.9580,10.0000,11.2750,13.2000,8.3750,3.3420,25.1210,7.8580,7.7830,10.0000,10.0000,10.0000,22.6000,8.6200,7.3500,65.4625,101.2500,10.5417,10.0000,3.4000,8.8000,10.0000,16.8000,9.4375,33.5000,16.1417,
193,6.5750,31.2250,10.0000,11.2370,12.2000,7.9960,4.0710,37.2500,7.4960,7.5370,10.0000,10.0000,10.0000,14.4000,7.9200,8.4250,63.4250,100.1700,10.0000,16.5250,7.8000,18.8000,10.0000,19.7000,9.3958,28.9000,13.6125,
194,7.1170,34.3580,10.0000,12.4370,50.6120,8.5580,5.1460,31.4750,6.2790,8.1750,10.0000,8.4900,10.0000,13.8000,8.6400,7.7830,74.1958,91.1700,10.0000,10.0000,7.1000,5.6000,10.0000,20.6000,7.4292,19.7750,30.1792,
195,8.2040,40.2620,18.9790,12.5120,54.3000,8.6710,4.0290,11.2500,8.1040,7.6540,10.0600,8.5300,10.0000,12.7400,7.2600,22.8330,64.6083,99.6100,10.0000,10.2208,7.8000,10.0000,21.2000,10.0000,8.1125,29.9083,9.9000,
196,8.1080,13.5040,56.8080,12.3290,10.9330,8.4540,2.3210,32.7000,22.1960,7.2790,10.0000,22.2500,8.9000,10.5000,7.8100,10.2710,46.5542,89.4300,10.1458,13.1458,7.8000,6.5000,10.0000,50.5000,10.4696,26.7458,21.8292,
197,7.1960,20.6330,30.0830,12.1000,15.1000,8.0080,4.1830,57.7960,7.0170,7.0710,9.4100,7.3300,10.0000,9.7700,7.0500,8.6080,39.5042,87.4000,11.5375,12.2458,7.8000,10.0000,10.0000,9.6000,10.0667,30.7042,19.0208,
198,8.6330,13.3170,45.2040,12.1000,10.7000,7.4540,4.8420,30.4290,7.5000,6.6580,8.2100,8.3400,10.0000,9.4300,7.6100,8.5920,33.2667,88.5400,10.6875,10.0000,7.8000,6.6000,10.0000,10.0000,7.5000,34.6000,13.7917,
199,8.1620,11.0000,41.8250,10.6620,10.7000,8.5000,4.4250,10.4870,6.9750,6.3290,18.7500,9.9500,11.6500,9.2800,7.4400,7.3330,35.0833,85.8900,10.5208,10.0000,7.8000,10.0000,10.0000,14.1000,10.9478,10.9917,11.2625,
200,8.1620,11.0000,27.6500,9.6420,11.6000,8.3460,4.6330,12.4960,6.9620,6.8920,9.4500,9.9200,7.7500,9.6800,7.7900,8.5460,44.9792,76.6900,10.0917,10.0000,7.8000,10.0000,10.0000,30.3000,8.0000,15.2125,13.2333,
201,7.9580,11.0000,11.6500,10.4670,11.6000,8.1370,4.1960,14.1330,6.1540,6.6540,10.0000,8.5400,10.8100,9.2000,7.6800,8.1540,49.3250,84.4300,9.4250,9.4375,10.0000,7.7000,10.0000,10.0000,5.9375,18.1625,13.1708,
202,6.8960,11.2210,17.8000,12.1000,11.6000,8.1460,3.5790,9.7170,7.9080,5.9210,8.8700,7.9800,8.3400,8.5300,7.7500,8.2630,21.3917,91.2800,8.4917,9.3667,5.6000,10.0000,10.0000,13.5000,8.7167,17.7875,9.8708,
203,7.5750,11.0000,9.9250,10.5830,11.6000,7.5750,3.9920,10.0000,14.0580,6.7210,8.4100,8.3000,7.8500,9.0700,6.6300,7.1460,27.6875,85.5100,10.0000,10.0000,7.6000,10.0000,10.0000,24.5000,10.0000,21.9458,9.7292,
204,6.2880,10.4500,11.1380,9.8170,11.6000,6.3870,5.1540,10.0000,7.8790,6.6630,7.8300,7.9100,9.4600,8.6100,6.9700,7.8370,27.1667,87.2900,9.8042,10.0000,7.8000,8.9000,10.0000,10.0000,7.8000,20.9000,11.9042,
205,7.6000,9.9750,16.2830,12.1870,11.6000,6.3080,5.3380,10.0000,6.9120,6.8750,7.5800,8.7900,8.4500,8.7800,7.3200,7.1540,29.9250,86.8800,9.1958,12.7458,7.8000,10.0000,10.0000,10.0000,7.1000,10.0000,13.9542,
206,8.0880,9.8000,14.3750,9.6460,10.6750,7.4210,6.7960,10.0000,7.2170,6.0920,9.8400,9.1500,12.8200,13.0600,6.4200,6.3580,18.2000,80.1000,9.4500,16.6000,6.9000,10.0000,8.5000,15.9000,7.2500,10.1167,7.8500,
207,8.3040,9.8000,10.0000,8.7460,11.6000,7.7330,5.3790,8.9290,6.3920,4.8460,8.9800,7.4500,10.0000,10.1500,7.4700,7.8290,12.4917,69.9200,10.0000,10.0000,5.6000,7.8000,10.0000,22.9000,13.9417,9.6292,11.0500,
208,8.3500,9.8000,10.0000,10.3580,11.6000,7.2540,3.9210,7.9250,4.9540,6.8750,9.6300,8.4400,9.0400,9.0600,8.7800,8.4250,16.0708,45.7000,9.7917,10.0000,5.6000,6.6000,10.0000,10.0000,5.7583,19.7583,13.4583,
209,7.8540,8.7960,10.0000,9.5330,11.6000,6.8290,2.8420,7.7460,7.6620,7.0460,9.3900,12.3700,7.5700,7.7200,8.3800,5.9380,11.6667,44.0800,9.5458,10.0000,9.8000,10.0000,7.8000,19.8000,6.1292,17.7417,7.8375,
210,7.3500,6.9040,10.0000,9.3250,11.6000,7.7460,2.7540,13.0250,8.1120,7.2630,8.9100,8.0000,7.7200,9.8900,7.6900,8.1420,28.0333,44.5100,9.8458,10.0000,5.6000,10.0000,7.8000,10.0000,9.8875,20.2542,13.5167,
211,8.0580,9.8000,8.7870,9.6460,10.2000,7.9620,5.3000,16.4330,7.8290,7.5460,9.0300,5.9300,10.2700,10.0100,8.2800,7.6250,10.0000,33.9200,9.4417,10.0000,7.8000,10.0000,7.8000,10.3000,10.5167,19.5583,12.6417,
212,7.9580,9.8000,8.7710,9.1250,10.0040,7.4130,5.2710,16.2580,7.6460,7.2460,9.1200,8.6100,9.2700,9.4000,8.1600,6.0920,10.4458,34.0000,10.0000,10.0000,7.8000,7.2000,7.8000,14.3000,7.5625,23.5208,14.1625,
213,8.0040,10.0000,8.3380,7.2880,9.2960,8.0620,4.5710,8.8620,7.7130,7.0750,10.0000,7.8000,8.6000,9.3500,6.8000,5.6000,14.7042,25.3400,10.0000,10.0000,10.0000,10.0000,5.6000,9.3000,8.4167,28.7500,8.9208,
214,6.5000,10.0000,7.6500,7.0790,11.6000,8.0420,4.2250,8.9580,5.0830,6.3080,7.6100,9.4200,8.2600,7.8700,6.2400,7.3130,10.0000,20.9600,9.9667,8.9083,7.0000,10.0000,5.3000,23.5000,8.6167,10.2042,7.8792,
215,6.4960,10.0000,40.1370,10.0420,11.8960,8.0040,4.1670,8.1170,4.9120,6.3170,7.8200,9.6500,8.4700,8.9200,7.2400,8.0540,13.7000,16.3100,10.0000,8.7292,7.3000,10.0000,5.6000,52.6000,9.9042,12.0625,7.9417,
216,6.0500,6.7170,12.8420,9.5540,11.6000,7.5750,3.1670,7.0080,7.2540,6.5620,8.1900,6.4800,8.2100,7.4000,7.1200,7.6120,9.8125,10.0000,10.3375,9.0917,7.8000,10.0000,8.5000,11.7000,8.7292,16.6042,9.7125,
217,5.8710,9.0750,10.0000,9.8790,11.6000,8.0290,3.6040,7.7500,7.4120,7.0290,8.3900,6.9000,6.4100,8.6900,7.8000,7.0460,10.0000,13.2500,9.0292,8.8292,10.0000,10.0000,6.4000,9.1000,10.6625,14.4250,9.3375,
218,5.4000,10.0000,10.0000,9.3500,11.6000,7.0880,6.3750,8.1460,6.4290,6.0290,8.4500,6.4600,7.2000,11.0300,7.3500,7.1420,18.4083,13.8400,9.5000,10.0000,6.6000,5.6000,7.8000,10.0000,11.1958,11.1708,7.5667,
219,6.8920,10.0000,10.0000,8.5330,11.6000,6.9290,7.3040,8.7790,6.8620,5.7960,7.4000,8.3100,8.1500,13.6300,5.9900,5.5540,10.0000,10.0000,9.4167,9.5833,5.6000,6.2000,7.8000,16.4000,8.7500,15.5500,11.3125,
220,6.4710,10.0000,10.0000,8.4210,9.9040,7.7290,6.3000,10.3500,7.0330,5.3880,7.7800,7.6500,8.1300,11.1000,4.5100,5.0040,10.0000,10.5400,9.5292,9.5833,7.8000,5.6000,9.1000,19.9000,8.7167,13.4250,9.5833,
221,7.1330,10.0000,10.0000,8.6130,11.6000,7.7210,5.3460,8.3540,6.1710,5.2920,8.2500,7.6200,8.8700,12.2800,5.2300,6.5330,10.0000,10.5700,8.8458,9.2583,7.8000,5.6000,10.0000,61.2000,6.9375,10.0000,9.7208,
222,7.5420,8.7370,8.2170,16.5920,11.6000,8.7790,5.9630,8.4080,6.0000,7.2540,7.9900,6.9300,8.5700,16.7500,6.3100,6.4870,10.0000,14.5400,7.7500,11.9583,3.4000,5.6000,10.0000,22.2000,6.5522,9.6417,2.4292,
223,8.2460,9.1500,10.0540,13.1790,11.6000,9.7790,5.1000,7.0370,7.4670,7.6460,8.0000,7.1100,7.9300,11.9600,7.3700,7.6420,10.1667,11.4700,8.4500,9.0375,3.4000,7.8000,17.5000,10.0000,6.0583,9.2917,6.8333,
224,6.4960,8.6880,10.4000,17.8500,29.3920,10.0000,4.4370,8.4540,7.1920,7.5290,8.0300,6.5000,7.3800,10.6200,6.4600,6.7040,10.6375,10.0000,8.2167,8.4958,5.6000,7.8000,10.0000,15.7000,8.7333,9.1917,9.8458,
225,5.3080,9.8750,10.4000,13.2540,12.9000,8.1290,6.8580,8.1290,7.4290,7.4830,6.9700,6.7300,8.3600,8.4200,6.2400,7.2710,9.2000,10.0000,9.2250,7.8375,7.9000,7.9000,8.9000,10.0000,10.3667,13.2792,1.7333,
226,7.2500,10.0000,10.6880,6.4040,11.6000,7.1880,6.4830,7.9870,7.0080,7.2710,6.5600,8.2900,8.9800,8.3400,4.9500,6.4000,10.7042,10.0000,9.5208,8.7042,10.0000,7.5000,8.3417,10.0000,13.5833,17.6417,3.4917,
227,3.3960,10.0000,6.4880,,11.6000,8.2210,7.3670,8.1040,44.9500,6.6120,7.8400,7.0000,7.9200,8.8700,4.6100,5.0540,10.0000,10.0000,9.7792,8.8000,5.6000,7.8000,9.0792,10.0000,8.0417,13.4083,2.2417,
228,,10.0000,,,11.6000,8.4750,7.6670,7.5670,21.2710,6.4000,8.1700,6.9100,6.8300,8.5200,3.8500,7.3290,10.0000,10.0000,9.0083,7.5750,10.0000,7.8000,9.0522,9.8000,7.4667,10.0000,,
229,4.2170,10.0000,,,28.9920,7.8170,6.6080,6.5710,4.7580,7.1790,8.1500,7.1900,7.4500,8.1400,6.7500,8.2540,10.5500,13.4000,7.7167,8.9417,10.0000,7.8000,8.4375,38.1000,7.3208,11.9750,2.0208,
230,3.4580,9.6960,,,25.1960,8.1790,5.2210,6.5420,6.7750,7.4330,8.1200,6.4300,6.2100,6.9400,6.2700,7.7080,13.6000,10.0000,7.6750,8.3958,10.0000,10.0000,9.5000,36.9000,8.8542,13.7417,2.3667,
231,3.8670,8.9460,,,22.6330,7.6370,4.5920,7.3620,6.7960,7.4790,8.0800,6.6100,5.5500,8.1000,7.6000,5.8500,10.9000,13.7700,9.1125,9.4625,7.7000,8.5957,5.6000,22.5000,16.8167,14.8167,,
232,3.5210,16.8500,0.4580,,16.9710,3.4920,5.6040,7.5960,7.5130,7.7870,7.2400,5.5700,8.6500,8.7900,5.8100,6.0040,9.3292,15.2600,0.0042,0.0042,,7.1000,,22.6000,0.0042,16.8750,,
233,3.8670,10.9420,,1.9870,11.6000,5.1330,5.3210,7.7670,10.3080,7.8960,6.6200,7.3600,8.0500,8.8700,5.9500,4.5080,9.4625,25.3000,,,,,,,,11.8292,2.0250,
234,3.7580,10.4000,3.0330,0.1790,12.4830,5.9380,6.0540,8.1540,9.1130,5.6580,8.1400,7.9100,7.5400,8.7600,4.9400,4.2750,12.2833,39.8400,,,,,,30.0000,,10.8333,,
235,3.8920,4.6960,,,26.2500,6.0540,7.0710,7.7630,7.2830,3.6460,7.3900,8.4700,8.1200,8.6400,4.6000,6.4130,10.9250,37.8100,,,,,,28.6000,,8.7958,,
236,3.6750,,0.6420,0.6250,23.3920,6.5170,6.7500,7.3500,6.7250,6.5620,7.9600,8.3900,7.8300,7.9700,7.1500,6.0120,9.2000,24.4300,,,,,,18.9000,,,0.8750,
237,3.7120,,,,18.2920,8.1620,5.5330,5.4670,8.6290,6.4500,8.1400,7.1900,5.1600,6.6200,6.5300,7.1830,8.8042,1.9400,,,,,,,,,10.2458,
238,3.7580,0.2960,,,15.7750,8.3290,5.7880,3.9620,7.9960,7.7580,8.0400,7.2900,5.5000,8.1400,6.9800,6.7210,9.6833,,,,,,,,,,2.6000,
239,2.9080,,,,12.3210,5.2170,7.6920,,,7.9130,0.0900,0.0100,0.0200,7.7600,,0.0210,,,,,,,,,0.6333,1.3000,,
240,3.8670,,2.2670,,,5.8080,8.6830,,,,,,,1.3300,,,,,,,,,,14.6000,4.8083,4.9500,,
241,1.8000,,14.1580,,,7.2580,7.1380,,0.2250,,,,,,,,,,,,,,,,3.9167,5.0708,,
242,,,,,3.7040,6.9630,6.7750,,0.1460,,0.3200,,,,,,,5.6500,,,,,17.6000,3.5000,,6.3708,,
243,,,,,,7.6250,6.6670,,,,3.9500,,0.4900,,,0.3710,0.0708,12.5800,,,,,30.2000,,,,,
244,,,,,,7.3540,,,,8.7170,,,0.5100,0.3300,,,0.5167,7.5500,,,,,,,,4.4667,0.2875,
245,,,,,,7.1790,,,,6.7130,,,,,,,,,,,,,3.3000,,,0.5375,,
246,,,,,,1.6290,,,,,,,,,,,,,,,,,6.9000,,,0.6875,,
247,,0.1750,,,,1.7000,,,,,,,,,,,,0.7100,,,,,,,,1.2333,,
248,,,,,,1.7000,,,,,,,,,,,,9.2100,,,,,,,4.1375,4.2333,,
249,,,,,,1.6290,,,,,,,,,,,,,,,,,,,,,,
250,,,,,,0.7790,,,,,,,,,,,,,,,,,,,,,,
251,,,,,,0.3960,,,,,,,,,,,,0.5700,,,,,,,,0.4000,,
252,,,,,,,,,,,,,,,,,,0.1100,0.6083,,,,,,,,,
253,,,,,,,,,,,,,,,,,,,,,,,,,2.6000,0.6292,,
254,0.1210,,,,,,,,,,,,,,,,,,,,,,,,,2.6125,,
255,,,,,,,,,,,,,,,,,,,,,,,,,,1.0000,,
256,,,,,,,,3.2420,,,,,,,,,,,,,,,,,0.2500,1.4417,,
257,,,,,,,,,,,,,,,,,,0.8000,,,,,,,0.6217,1.0000,,
258,,,,,,,,,,,,,,0.1200,,,,,1.1333,,,,,,1.7083,0.4500,,
259,,,,,,,,,,,,,,,,,,,,,,,,,,,,
260,,,,,,,,,,,,,,,,,,,,,,,,,,,,
261,,,,,,,,,,,,,,,,,0.9417,,,,,,,,,,,
262,,,0.1960,,,,,2.8750,,,,,,,,,,,,,,,,,,,,
263,,,,,9.1920,,,1.6130,,,,,,,,,,,,,,,,,,,,
264,,,,,0.1290,,,0.4500,,,,,,,,,,,,,,,,,2.1478,,,
265,,,,,,,,,,,,,,,,,,,,,,,,,1.0208,,,
266,,,,,,,,,,,,,,,,,,,,,,,,,2.6042,,0.3625,
267,,1.3870,,0.6250,,,,,,,,,,,,,,,,,,,,,,,,
268,,,,,,,,,,,,,,,,,,,,,,,,,,,,
269,,,,,,,,,,,,,,,,,,,,,,,,,,,,
270,,,,,,,,,,,,,,,,,,,,,,,,,,0.4167,,
271,0.2750,,,,,,,,,,,,,,,,,,,,,,,,,2.2708,,
272,,,,,,,,,,,,0.2600,,,,,,,,,,,,,0.8667,,,
273,,,,,,,,,,,,,,,,,,,,,,,,,0.3000,,,
274,,,,,,,,,,,,,,,,,,,,,,,,,,,,
275,49.4000,,,,,,,,,,,,,,,,,,,,,,,,,,,
276,,,,,1.2790,,,,,,,,,,,,,,,,,,,,,,,
277,,,,,,,,,,,,,,,,,,,,,,,,,,,,
278,,,,,,,,,,,,,,,,,,,,,,,,,,,1.4792,
279,,,,,,,,,,,,,,,,,,,,,,,,,,0.1500,,
280,,,,,,,,,,,,,,,,,,,,,,,,0.2000,,,2.1292,
281,,,,,,,,,,,,,,,,,,,,,,,,,,,,
282,,,,,,,,,0.1130,,,,,,,,,,,,,,,,,,,
283,,,2.8870,,,,,,,,,,,,,,,,,,,,,,1.6083,,,
284,1.3920,,,,,,,,,,,,,,,,,,,,,,,,1.1833,,,
285,0.5500,,,,,,,,,15.0330,,,0.1000,,,,,,,,,,,,,,0.4042,
286,,,,,,,,,,25.5330,2.3000,,,0.7200,,,,,,,,,,,,,,
287,,,,,,,,,,0.1420,,,,,,,,,,,,,,,,,,
288,3.4290,,,,,,,,,,,,,,,,,,,,,,,,0.2875,,,
289,1.9000,,,,,,,,,,,,,,,,,,,,,,,,,4.6375,,
290,,,,,,,,,,,,,,1.4300,,,,,,,,,,,,0.0250,,
291,,,,,,,,,,,,,,,,,,,,,,,,,,,,
292,,,,,,,,,,,2.9700,,,,,,,,,,,,,,,,,
293,,,,,,,,,,,,,,,,,,,,,,,,,,,,
294,,,,,,,,,,,,,,,,,,0.1000,,,,,,,,,1.0708,
295,,,,,,,,,0.1920,,,,4.0800,,,,,,,,,,,,,,,
296,,,,,,,,,,,,,,,,,,,,,,,,,,1.0125,,
297,,,,,,,,,7.8960,,0.6800,,0.0500,,,,,,,,,,,,,,,
298,,,,,,,,,,,,,,,,,,,,,,,,6.2000,,,,
299,,,,,,,,,,,,,,,,,,,,,,,,,,,,
300,,,,,,,,,,,,,,,,,,,,,,,,,,1.6727,,
301,,,,,,,,,,,,,,,,,,,,,,,,,0.5167,0.3625,,
302,,,,,,,,,1.5000,,,,,,,,,,,,,,,14.5000,,,,
303,,,,,,,,,,,,,,,,,,,,,,,,,,,,
304,,,,,,,,,,,,,,,,,,,,,,,,,,,,
305,,,,,,,,,,,5.5800,,,,,,,,,,,,,,,,,
306,,,,,,,,,,,,0.0800,,,,0.1250,,,,,,,,,,,0.6125,
307,,,,,,,,,,,0.1600,,,,,0.1080,,,,0.8458,,,,,,,2.7958,
308,,,,0.0750,,,,,,,,,,,,,,,,,,,,,,,,
309,,,,,1.2870,,,,,,6.4200,,,,,,0.2375,,,,,,,,,,,
310,,,,,0.1420,,,,,,,,,,,,1.8826,,,,,,,,,,,
311,,,,,,,,4.5500,,,,,,,,,,,,,,,,,0.9500,,,
312,,,,,,,,,,,,,,,,,,,,,,,14.8000,,3.2375,5.0083,,
313,,,,,,,,,,,,1.0000,0.0700,,,,,,,,,,,,,,,
314,,,,,,,,,,,,1.0000,,,,,,,,,,,,,,6.8500,,
315,,,,,,,,,,,,,,,,,,,,,,,,,,6.8125,,
316,,,,,,,,,,,0.0500,,0.2500,,,,,,,,,,,,,9.0542,,
317,,,,,,,,,,,,,,0.2300,,,,,,,,,,,,5.2375,,
318,,,,,,,,,,,0.1000,0.0900,0.1800,,,,,,,,,,,,,0.0500,,
319,,,,,,,,,,,,,,,,,,,,,,,,,0.3708,,,
320,,,,,,,,,,,2.4200,,,,,,,,,,,,,,,,8.1708,
321,,,,,,,,,,,2.5500,,,,,,,,,,,,,,,6.3250,7.8042,
322,,,,,,,,,,,0.3000,,,,,,,0.4600,,,,,,,,,3.3542,
323,,,,,,,,,,,,,,,,,,,,,,,,,,,,
324,,,,,,,,,,,,,0.1100,,,,,,,,,,,,,,2.1667,
325,,,,,,,,,,,10.0100,,,,,,,,,,,,,,,,0.1333,
326,,,,,13.3420,,,,,,6.2500,,,,,,,,,,,,,,,,,
327,,,,,,,,,,,,,,,,,,,,,,,,,0.5500,,,
328,,,,,0.2460,,,,,,,,,,,,,,,,,,,,,,,
329,0.9000,,,,,,,,,,,,2.0200,0.0900,,,,,0.0292,,,,,,,2.0042,,
330,,,,,,,,,,,,,0.0600,,,,,,,,,,,,,,,
331,,,,,,,,,,,,,,,,,,,,,,,,,,,,
332,,,,,,,,,,,13.4500,,,,,,,,,,,,,,,,,
333,,,,,,,,,,,0.4200,,,,,,,,,,,,,,1.7250,,3.1292,
334,,,,,,,,,,,,,,,,,,0.2700,,,,,,,2.3043,1.0708,,
335,,,,,,,,,,,,,,0.4100,,,,0.3300,,,,,,,1.6565,,,
336,1.1370,,,,0.3920,,,,,,,,,,,,,0.2700,,,,,,,,,5.6875,
337,,,,,1.4170,,,,,,,,,,,,,,,,,,,,,9.4417,,
338,43.7540,,,,5.0880,,,,,,,,,,,,,,,,,,,,,24.9625,1.3708,
339,,,,,0.2460,,,,,,,,,,,,,,,,,,,,,1.8583,,
340,,,,,,,,,,,,,0.2600,,,,,,,,,,,,,,,
341,9.5250,,,,5.7580,,,,,,,,1.2500,,,,,,,,,,,,,,,
342,23.3330,,,,2.6290,,,,,,,,0.9400,,,,,,,,,,,,,,6.3875,
343,,,,,,,,,,,,,1.4100,,,,,,,,,,,,,,150.8792,
344,,,,,,,0.3500,,,,,,0.8300,,,,,,,,,,,,,,149.8708,
345,,,,,,,,,,,,,,0.2300,,,,3.5500,,,,,,,,5.2417,122.7167,
346,6.8170,,,,,,,,,,1.2400,,,0.1000,,,,5.5600,,,,,,,,,,
347,36.9960,,,,,,,,,,0.7800,,,,,,,1.3300,,,,,,,,,,
348,0.8330,,,,5.5130,,,,,,0.0600,,,,0.0500,,,,,,,,,,,,,
349,3.3330,,,,5.3880,,,,,,0.7300,,,0.1400,,,,,,,,,,,,,,
350,1.6670,,,,,,,,,10.9120,,,,,,,,0.3800,,,,,,,,,0.3833,
351,,,,,11.2960,,,,,7.7370,,,,,,,,,,,,,,,,,,
352,,,,,1.6670,,,,,8.7000,,,0.0800,,,,,3.8300,,,,,,,,,,
353,,,,,,,,,,,,,0.3100,,,,,,,,,,,,,0.0333,4.0167,
354,,2.3210,,,6.8540,,,,,,,,,,,0.7210,,,,,,,,,,2.7792,5.6500,
355,,1.1370,,,17.7380,,,,,5.9210,,,,,0.0200,,,,,,,,,,,,134.6667,
356,,,,,11.8460,,,,,10.6290,,,,,,,,,,,,,,,,,120.1875,
357,,,,,14.9250,,,,,,,,,,,0.8830,,,,,,,,,,,100.5917,
358,,,,,21.3670,,,,,,,,,,,0.1460,,,,0.5250,,,,,,,,
359,,,,,5.4250,,,,,,,,,,,,,,,,,,,,,,,
360,,,,,,,,,,,,,0.1100,,,,,,,,,,,,,,,
361,,,,,,,,,,,,,0.5800,,,,,0.4100,,,,,,,,,11.2375,
362,,,,,,,,,,,,,0.0400,,,,,,,,,,,,,,6.3708,
363,,,,,1.0620,,,,,,,,,,,,,5.3700,,,,,,,,3.0792,0.3708,
364,,,,,6.6370,,,,,,,,,,,,,,,,,,,,,,6.9792,
365,,,,,,,,,,,,,,,,,,,,,,,13.6000,,,,,
366,,,,,,,,,,,,,,,,,,,,,,,,,,,,
Notes:
1995-2022 Wells Daily Average Spill (KCFS)
Generated 07 Mar 2022 18:38:42 PST. DART Columbia Basin Conditions All Years www.cbr.washington.edu/dart/query/basin_conditions_hist.

"DART Data Citation. Columbia River DART, Columbia Basin Research, University of Washington. (2022). Columbia Basin Conditions All Years. Available from http://www.cbr.washington.edu/dart/query/basin_conditions_hist."
