day,1995,1996,1997,1998,1999,2000,2001,2002,2003,2004,2005,2006,2007,2008,2009,2010,2011,2012,2013,2014,2015,2016,2017,2018,2019,2020,2021,2022,2023
1,97.583,107.563,68.983,82.213,83.183,166.013,71.100,92.750,75.571,94.979,91.129,75.000,72.913,98.829,72.771,76.763,110.350,83.138,157.404,90.221,147.425,110.642,134.371,89.633,86.113,71.650,105.571,147.096,64.189
2,106.196,134.238,69.192,110.383,110.683,138.279,110.933,89.258,74.513,98.383,90.283,81.746,75.854,101.021,64.163,68.838,109.496,81.279,147.183,78.313,140.392,111.879,141.975,122.071,103.313,76.867,82.983,164.842,93.411
3,127.338,136.958,77.904,121.983,137.429,145.988,140.063,122.763,73.979,109.071,124.388,87.583,77.621,127.579,118.117,68.446,125.167,100.892,144.342,75.967,158.513,118.675,138.575,130.338,105.100,70.017,92.771,166.696,91.944
4,130.325,139.683,109.292,102.146,141.388,158.067,120.604,125.017,74.579,101.975,136.879,105.367,112.813,131.925,94.708,82.146,129.338,97.967,152.888,113.025,150.442,126.579,154.746,129.154,97.679,69.167,121.329,142.342,68.317
5,122.054,143.846,124.275,129.546,147.188,150.558,115.042,103.613,73.783,137.158,141.208,98.254,106.408,104.225,141.708,89.175,132.733,69.000,160.375,113.954,126.350,110.638,143.854,130.963,97.163,77.279,121.913,160.975,115.706
6,119.929,161.917,156.213,153.946,164.367,165.025,114.913,93.983,80.633,137.321,141.492,114.825,101.688,87.238,113.879,91.129,130.588,85.821,157.471,104.000,131.879,112.467,148.679,102.446,87.121,88.742,114.308,160.371,96.800
7,114.458,151.983,163.400,130.333,146.729,170.250,116.992,81.317,94.942,150.621,137.250,86.875,84.213,133.525,101.117,94.363,91.121,86.917,150.754,112.592,144.225,120.625,148.775,127.592,89.746,116.921,130.692,140.667,89.244
8,95.271,141.817,166.217,143.613,133.879,161.658,135.396,79.275,98.513,124.713,115.321,91.842,102.858,134.196,89.296,97.704,98.846,115.500,145.750,132.917,125.188,114.108,154.088,135.154,105.100,95.346,132.379,145.917,74.167
9,103.100,142.471,156.313,158.350,151.633,131.729,131.267,89.071,91.871,120.996,110.179,79.108,97.375,121.379,96.642,67.154,70.075,106.538,127.846,119.892,135.592,113.433,145.150,113.688,120.633,103.367,140.671,118.813,95.500
10,93.950,167.263,177.808,158.758,126.263,146.000,135.117,78.104,85.463,98.392,122.954,92.879,99.371,126.083,98.192,73.750,104.779,95.833,124.346,96.763,143.083,95.146,161.108,120.750,130.629,121.675,139.075,140.783,100.244
11,103.679,172.358,164.550,133.283,137.438,168.600,123.567,74.471,74.667,87.858,120.775,98.433,128.579,95.750,64.533,93.688,128.746,116.479,148.208,88.208,138.996,91.413,151.317,161.300,125.158,85.488,128.658,138.608,100.750
12,94.238,179.767,169.608,149.688,149.971,154.288,101.388,87.571,73.679,94.671,127.129,102.138,134.292,88.408,99.829,93.646,142.296,114.717,147.271,119.321,143.571,125.917,143.588,138.750,110.713,80.400,120.675,132.763,81.506
13,80.538,166.742,198.629,160.567,155.350,161.471,104.571,71.833,73.975,125.875,134.808,112.029,146.196,69.758,107.138,82.475,120.358,115.333,143.696,70.450,145.592,110.233,142.983,127.600,81.767,118.021,138.983,125.708,89.206
14,67.788,172.692,200.188,138.267,148.425,166.413,84.054,96.146,75.275,104.888,125.321,97.804,156.558,97.663,123.271,73.000,92.800,100.529,144.163,86.908,139.771,102.004,139.683,133.621,134.363,110.392,131.038,138.229,83.589
15,64.017,173.383,194.863,120.967,146.308,166.258,96.479,132.063,99.279,98.688,109.279,104.021,128.029,118.883,132.675,64.908,84.213,95.092,139.746,99.988,156.204,130.113,140.250,139.558,127.654,117.929,143.163,167.417,72.656
16,70.475,186.767,198.150,129.396,145.188,109.713,115.583,118.617,109.950,96.871,134.946,135.096,135.350,137.883,142.800,68.596,68.971,102.838,141.663,91.496,148.046,104.471,155.654,140.363,99.750,125.613,150.200,152.613,80.628
17,93.538,165.550,179.321,99.167,137.825,135.033,119.071,106.925,101.700,83.596,102.833,142.467,153.779,111.617,140.188,63.804,68.850,120.179,156.858,91.400,153.446,80.888,152.696,135.292,103.892,120.088,133.013,159.638,75.933
18,83.375,191.929,171.342,73.742,139.333,151.175,103.354,124.767,93.104,75.058,101.488,148.583,136.467,122.550,125.304,62.438,74.458,128.471,159.204,113.283,121.967,83.775,147.200,134.033,74.138,113.704,123.188,156.646,84.471
19,97.442,190.233,152.658,114.533,147.383,150.971,92.692,99.813,73.813,81.904,100.046,154.467,137.367,106.329,114.938,62.504,129.300,121.400,152.329,84.792,138.908,77.971,136.479,146.829,85.350,94.054,127.113,134.530,114.420
20,89.817,197.321,150.579,130.767,149.396,156.233,104.913,105.567,86.292,95.700,94.050,121.079,129.700,63.100,143.288,62.963,127.921,122.375,163.550,119.683,155.550,74.425,137.538,136.967,76.075,114.421,123.433,166.483,97.333
21,88.833,185.329,166.633,123.008,143.079,154.700,70.196,92.458,111.883,91.725,95.779,108.088,122.663,107.129,126.925,69.258,144.604,83.200,140.846,114.763,143.004,74.208,128.113,128.688,78.404,106.250,125.254,133.967,101.656
22,86.021,189.138,155.725,118.654,149.254,120.992,119.917,124.163,103.983,114.329,86.896,105.121,140.321,149.150,126.558,72.338,153.104,85.842,160.429,111.779,147.475,78.596,108.029,131.775,109.721,121.079,133.304,139.188,94.156
23,108.054,210.979,153.379,107.179,130.567,132.504,81.946,130.525,83.358,118.325,80.654,100.663,129.346,129.638,139.804,64.096,147.933,98.263,157.975,111.071,144.504,88.458,134.263,133.188,87.688,135.667,139.304,168.521,103.472
24,114.438,195.192,162.221,96.992,103.133,148.142,89.633,107.300,78.571,83.392,86.758,117.554,131.683,125.471,105.721,62.013,141.483,105.279,142.221,98.263,123.333,75.979,127.946,131.142,84.504,120.438,139.146,152.550,85.261
25,114.575,195.583,176.771,73.529,134.850,169.963,105.888,97.750,73.188,77.583,114.779,114.954,142.454,125.646,95.954,96.292,139.558,102.546,140.613,85.483,129.825,95.238,123.433,127.033,94.938,112.067,136.992,176.463,97.411
26,101.988,185.700,174.171,106.192,164.258,163.958,97.092,102.458,73.433,107.767,118.496,129.983,150.188,113.846,152.408,79.500,161.071,94.121,125.775,75.796,141.408,101.758,117.196,137.438,74.271,116.342,130.679,157.188,72.122
27,106.258,195.146,163.246,121.317,161.996,159.488,90.204,82.413,73.550,110.125,99.171,116.854,139.142,103.458,130.929,88.321,177.467,112.142,124.796,107.221,136.713,116.996,117.525,140.992,74.125,106.921,131.483,140.908,75.267
28,107.979,167.204,160.158,125.446,159.900,157.363,76.513,105.729,75.700,96.504,111.863,104.571,132.571,95.254,127.888,79.608,164.063,115.379,79.263,121.529,138.046,124.404,94.583,142.996,89.263,104.642,142.167,151.138,102.956
29,74.879,178.817,179.596,111.917,149.888,157.750,82.221,127.208,74.721,96.133,97.083,105.817,148.671,101.175,128.688,77.233,161.783,75.558,119.138,121.296,161.217,115.908,91.725,125.588,95.325,115.650,154.658,166.108,102.250
30,109.258,192.013,168.721,118.433,143.338,173.079,103.371,128.308,73.204,88.929,88.629,112.671,154.863,98.454,119.479,85.813,154.579,69.279,116.479,84.954,152.929,131.525,119.488,136.108,115.438,122.442,140.067,134.746,118.689
31,111.496,193.325,149.638,107.992,133.975,167.338,86.417,141.358,73.588,78.629,99.167,133.079,133.642,87.433,108.808,62.179,150.800,78.746,98.083,108.458,164.783,100.421,110.817,139.783,121.646,100.496,120.433,147.633,118.189
32,88.250,221.929,132.963,111.196,134.054,161.500,75.663,131.142,73.358,88.083,110.196,106.158,116.079,75.175,88.538,63.196,155.408,77.921,95.246,74.738,158.717,102.996,108.379,138.625,114.704,80.283,115.354,140.008,101.567
33,85.183,218.350,117.021,141.792,164.517,167.733,71.108,96.804,72.654,88.896,99.567,102.392,125.608,130.088,70.688,68.900,147.604,92.125,95.679,68.975,151.358,123.775,124.821,127.388,90.546,92.900,113.300,145.463,105.394
34,75.608,203.771,145.896,147.342,176.208,127.225,70.829,90.071,72.371,101.717,122.904,99.792,109.092,86.829,99.613,70.629,146.258,92.842,94.650,69.913,150.008,129.754,117.958,132.942,77.054,113.938,131.333,138.067,100.278
35,69.138,165.117,160.975,161.738,178.521,112.100,70.217,110.458,72.171,98.667,130.238,82.638,75.383,95.004,105.850,65.742,144.879,81.221,76.117,91.833,166.079,88.904,127.308,144.725,103.221,125.800,121.379,132.025,92.556
36,72.792,157.621,163.642,159.904,171.429,166.600,76.921,117.292,72.442,97.654,113.046,81.138,101.200,94.854,75.913,70.525,106.088,73.067,80.313,79.571,166.554,85.900,107.933,128.167,118.642,123.588,141.221,140.092,78.356
37,117.496,148.046,166.096,155.971,170.750,97.375,104.663,109.592,84.250,110.892,102.421,101.683,92.375,101.263,70.692,62.588,103.650,92.433,99.133,123.013,157.108,73.654,122.617,121.429,81.025,126.325,123.442,141.225,71.844
38,114.100,137.354,173.692,129.779,161.908,115.933,106.792,111.654,104.138,101.463,121.871,105.346,121.558,97.358,65.713,62.242,132.067,95.079,130.213,125.292,171.375,98.154,130.017,143.629,74.413,135.671,98.613,126.117,80.928
39,111.154,79.504,177.558,118.471,156.613,115.471,121.875,114.979,73.938,73.721,123.746,119.883,101.596,102.496,69.354,62.283,153.554,119.100,136.321,115.979,162.058,93.704,131.888,169.258,102.396,114.171,108.458,117.613,93.850
40,109.804,70.950,162.304,144.592,147.125,124.254,110.600,103.825,72.600,72.933,154.488,115.529,111.963,85.338,93.092,91.950,155.850,101.329,130.725,76.892,155.667,104.096,140.008,174.842,103.679,113.483,137.404,118.221,97.761
41,126.308,78.575,147.254,163.496,164.642,164.488,111.029,91.496,73.350,97.850,119.513,108.604,127.158,59.079,111.333,105.742,155.313,101.650,95.146,73.558,136.783,115.817,113.704,194.525,85.342,138.033,141.496,118.375,102.078
42,91.896,125.479,160.654,155.025,168.050,161.283,77.642,112.383,79.979,106.850,129.350,112.479,92.988,90.213,132.042,91.354,188.129,85.550,95.675,68.425,136.204,139.821,135.958,180.004,99.942,123.296,123.975,132.879,81.567
43,108.846,178.838,161.358,150.179,169.279,149.042,97.850,127.629,73.958,98.975,115.875,117.654,110.704,104.225,104.567,67.525,156.942,88.175,85.813,68.933,151.446,112.883,133.488,168.350,105.546,128.288,128.992,138.067,79.833
44,128.454,195.071,161.929,153.046,154.479,111.383,118.825,136.450,73.300,117.188,89.025,107.654,125.913,97.521,77.929,64.863,139.358,96.508,75.988,68.571,143.396,99.933,130.788,186.138,103.517,117.354,158.817,151.763,84.506
45,131.071,201.325,157.354,135.263,139.229,131.675,104.133,99.725,71.892,78.000,121.767,117.692,131.092,109.575,83.454,62.821,167.996,107.433,94.629,68.521,160.063,110.317,115.883,176.233,93.675,119.654,165.796,128.933,92.556
46,141.329,235.358,139.383,118.492,119.208,160.738,91.571,116.333,71.788,72.083,132.392,129.946,95.592,111.183,66.471,70.108,153.013,105.158,126.146,79.208,160.542,100.538,120.883,180.913,82.550,138.579,154.354,129.746,93.567
47,140.642,250.054,132.133,133.063,156.408,134.683,110.904,109.717,71.554,78.375,132.363,113.429,73.517,99.525,69.838,75.471,158.188,103.246,97.758,69.392,166.708,113.013,92.083,171.042,102.158,123.396,153.729,145.029,101.661
48,124.379,250.742,129.558,160.563,150.796,114.667,81.263,83.788,72.375,81.563,148.608,130.233,72.558,77.125,69.550,81.196,154.858,99.971,82.346,68.221,163.421,119.250,122.271,184.513,107.004,147.554,140.788,139.142,88.222
49,91.779,246.804,154.429,153.013,157.038,119.892,71.821,97.246,72.371,86.621,123.913,146.783,73.496,112.571,69.733,90.683,140.642,95.496,114.800,68.721,182.975,85.521,134.633,159.021,90.379,142.471,133.667,157.704,77.767
50,74.875,226.050,180.367,156.517,158.271,97.071,71.200,112.879,72.650,82.533,101.188,129.088,73.733,116.879,81.871,79.308,151.400,74.625,124.796,68.321,185.875,83.517,129.488,177.983,91.146,147.608,157.204,122.600,78.011
51,80.592,202.250,184.317,148.738,127.821,101.063,71.342,97.279,73.583,78.267,71.242,115.200,74.671,91.625,84.988,75.321,131.913,95.738,118.296,68.967,171.633,115.629,130.129,170.004,83.900,139.363,129.596,127.083,113.172
52,128.604,204.613,162.033,141.242,118.046,102.583,81.513,100.492,72.567,72.346,88.275,122.150,75.338,107.054,108.754,70.142,141.008,91.200,106.367,68.613,162.596,140.646,146.033,159.554,112.154,136.758,102.917,137.117,95.178
53,143.029,213.904,165.075,119.171,162.958,115.171,118.692,85.833,72.075,72.008,107.683,102.804,73.367,94.754,73.479,101.775,131.213,93.921,97.967,68.629,178.000,97.775,135.983,173.371,116.729,115.204,90.125,135.013,108.578
54,129.063,217.250,174.446,139.333,170.146,140.733,126.138,84.425,73.388,73.488,103.696,126.613,72.879,80.204,94.179,102.300,138.408,77.383,75.779,68.538,189.058,123.325,131.788,177.325,128.825,105.825,86.850,151.579,109.350
55,123.600,260.638,181.267,157.121,150.488,125.208,98.075,87.100,72.763,71.783,102.133,132.267,73.842,71.679,92.658,70.238,145.825,85.421,81.904,68.633,178.188,133.358,132.092,167.525,98.479,92.042,101.429,145.383,109.894
56,107.908,255.383,169.863,160.483,125.400,127.288,93.196,94.788,74.404,72.392,98.175,120.288,73.375,90.817,89.904,77.271,163.154,68.879,74.429,74.621,138.958,136.908,115.496,142.883,96.688,128.258,100.063,142.813,79.578
57,90.313,253.671,164.725,164.188,120.600,115.042,128.163,92.854,75.733,98.092,89.117,92.192,75.146,100.196,104.004,69.633,160.746,69.867,84.742,81.275,153.446,119.983,136.313,174.942,81.396,114.942,98.163,140.704,89.356
58,120.408,278.963,158.908,155.308,94.771,69.925,119.942,102.642,85.558,88.000,80.679,92.267,73.675,98.371,81.513,73.571,160.858,96.092,90.333,97.046,162.817,95.554,137.679,151.629,86.846,137.213,77.313,122.108,106.078
59,142.079,260.742,158.142,151.550,75.004,93.325,127.946,98.892,76.288,73.258,83.758,115.004,96.625,62.758,63.321,64.292,149.892,91.483,87.433,78.188,142.563,103.442,122.121,159.467,79.425,131.304,70.596,110.350,95.772
60,152.167,249.325,158.696,102.083,116.538,116.583,119.971,88.063,78.679,72.163,100.804,124.017,118.496,66.754,62.917,71.329,150.679,80.433,73.296,81.746,147.383,134.179,120.917,156.663,74.679,115.488,81.688,114.575,81.839
61,145.650,231.967,136.463,123.904,145.329,110.992,102.858,91.983,73.925,90.063,112.379,89.288,119.033,60.904,62.692,71.238,139.779,94.158,70.513,101.929,143.717,127.883,164.104,144.921,81.333,125.508,77.879,120.742,88.456
62,118.517,201.442,137.079,157.496,142.604,102.925,79.638,77.808,110.458,86.767,135.213,100.471,112.354,73.354,59.325,78.492,150.013,98.183,72.129,116.075,133.633,134.575,172.779,150.079,79.375,96.142,77.083,100.538,74.067
63,102.096,180.621,152.788,153.079,158.058,89.517,72.046,65.846,101.708,90.554,117.063,103.588,77.650,88.983,61.971,81.133,146.138,84.604,77.300,94.646,171.133,135.979,155.217,146.438,110.163,101.242,80.058,133.375,69.411
64,110.808,213.554,144.800,132.192,159.033,81.975,81.396,79.196,93.242,102.813,99.371,90.063,96.208,110.442,61.796,68.971,140.488,84.108,70.421,91.608,171.146,148.992,128.346,136.083,112.233,105.329,70.246,127.767,64.737
65,125.079,226.479,144.763,132.546,149.650,83.896,99.654,84.046,94.050,104.275,82.679,86.479,103.529,105.667,66.492,68.296,148.763,76.300,83.233,97.350,163.658,132.846,138.683,138.433,111.367,111.125,68.413,130.733,73.495
66,116.271,205.521,106.917,110.883,144.408,129.042,92.983,92.050,94.746,71.938,79.908,111.267,90.263,101.013,62.263,63.825,142.100,105.683,77.779,104.192,161.525,105.363,145.708,127.621,110.304,105.992,68.042,113.671,93.358
67,112.433,191.217,102.596,82.238,149.550,138.963,102.354,117.188,84.946,72.008,88.708,104.000,113.592,99.404,61.426,64.946,133.775,122.658,86.863,99.754,156.357,103.483,132.763,106.271,104.017,97.058,74.871,129.150,79.905
68,87.308,192.788,84.621,109.408,150.975,124.254,97.342,79.033,72.525,72.017,121.738,97.429,102.096,65.225,62.325,69.592,139.992,128.596,95.733,109.152,162.654,129.363,136.433,125.446,107.692,87.904,73.338,135.658,83.953
69,96.908,196.163,113.329,139.463,159.354,113.658,77.900,75.717,72.292,72.263,104.838,111.629,98.996,70.974,61.963,77.621,142.738,127.683,90.952,106.592,134.021,147.313,106.025,134.533,82.904,97.242,74.633,121.992,93.953
70,96.033,194.633,120.508,142.700,156.554,132.917,70.713,74.600,71.963,83.050,93.675,104.633,78.387,85.292,68.867,77.979,141.488,92.025,74.713,96.900,130.575,122.367,111.713,137.587,84.642,94.933,72.175,138.750,69.947
71,81.467,191.946,146.104,123.000,149.300,128.588,84.838,99.500,72.467,82.200,97.117,89.721,93.313,81.525,68.742,75.513,149.846,95.404,70.704,115.188,133.033,136.333,93.278,133.029,74.713,84.371,74.146,135.350,69.322
72,102.258,201.058,142.079,115.804,127.192,96.238,84.808,94.308,72.042,71.621,79.150,78.613,115.558,77.758,62.000,70.483,144.896,122.033,71.613,127.113,141.833,119.850,118.292,118.796,70.363,80.071,71.433,124.943,72.483
73,90.304,208.754,143.725,92.008,137.429,109.113,94.563,76.967,71.313,71.367,80.500,89.592,107.475,90.254,61.917,69.536,136.121,116.650,88.429,141.092,122.808,116.939,101.867,99.983,70.383,83.029,69.074,134.513,72.311
74,95.904,212.954,134.250,94.183,146.971,124.492,99.638,71.975,71.346,71.533,100.100,102.421,124.621,86.196,62.129,74.479,137.029,115.950,70.883,125.833,119.796,129.746,95.363,114.925,70.108,70.600,70.233,120.838,71.378
75,84.050,199.092,117.313,131.267,147.246,152.129,82.608,82.633,72.454,71.392,121.642,94.854,137.258,89.954,63.071,72.100,123.425,118.458,71.321,136.958,143.258,129.133,124.725,130.742,72.383,72.308,72.563,95.400,73.567
76,66.829,193.979,127.721,143.625,133.833,149.221,72.554,77.392,84.146,71.658,122.946,83.183,146.725,82.196,87.254,66.733,130.500,128.313,71.979,151.388,124.679,130.671,132.975,124.896,71.004,72.883,85.063,106.088,72.106
77,61.563,199.854,119.858,136.554,130.475,109.225,70.125,91.729,79.933,72.117,97.142,85.675,120.958,74.779,94.583,67.242,117.525,112.838,72.013,157.267,117.200,122.317,155.592,101.996,79.263,76.904,69.858,101.908,71.117
78,62.908,159.396,133.521,134.588,121.483,99.146,70.292,86.775,81.908,71.908,89.779,83.321,136.388,95.538,82.596,71.783,90.233,106.750,74.104,167.733,116.800,134.004,156.358,103.046,75.696,71.383,73.550,84.921,67.833
79,69.029,174.117,135.838,130.058,116.200,64.550,75.546,99.046,71.529,78.746,104.871,96.392,131.092,83.175,63.204,66.233,91.779,93.846,72.921,175.513,132.633,116.900,210.333,124.529,76.125,71.871,70.433,72.929,82.033
80,111.596,183.946,152.521,98.208,96.196,87.375,82.217,80.254,73.129,71.863,99.429,121.113,166.033,90.592,62.358,63.038,108.954,107.075,71.463,161.746,141.938,114.846,192.908,134.558,70.738,75.979,71.417,114.775,65.500
81,136.217,150.871,151.313,68.400,121.396,124.683,83.442,91.667,74.888,71.313,107.946,104.233,149.663,89.450,62.008,63.875,126.438,135.550,75.771,135.242,162.488,116.592,209.200,101.025,69.842,72.217,68.542,113.400,67.989
82,151.704,190.992,137.446,115.538,123.467,132.963,74.150,56.138,72.729,71.517,113.429,87.975,163.238,85.200,63.992,63.604,139.883,147.663,76.058,147.158,155.163,101.775,250.658,112.017,69.675,72.583,67.292,97.171,64.911
83,149.738,161.383,142.025,107.183,128.258,119.533,70.529,52.738,72.867,71.979,114.029,91.133,177.671,61.500,63.338,63.600,146.442,151.788,72.588,143.800,149.829,113.513,249.658,99.317,69.913,77.757,67.142,88.263,63.683
84,137.617,172.471,186.417,155.017,131.050,101.013,70.204,52.471,89.200,73.292,102.588,82.908,174.283,78.388,71.383,63.479,141.158,149.192,71.433,141.871,147.425,105.013,208.933,106.425,71.725,88.354,67.279,116.733,63.078
85,121.342,180.833,196.533,154.729,138.575,75.458,70.342,52.458,130.204,83.363,78.483,89.038,147.771,117.104,98.383,63.629,130.671,164.163,77.933,140.238,143.883,122.767,241.329,125.225,70.150,88.246,68.313,87.829,63.528
86,122.363,161.133,208.942,144.367,141.396,66.271,70.513,53.513,134.475,82.404,69.967,84.188,142.558,102.808,85.025,63.783,122.750,145.642,91.008,137.700,149.963,107.000,231.617,121.050,69.867,79.558,67.567,82.171,63.122
87,130.896,179.208,219.167,120.675,154.925,96.296,71.700,53.888,126.521,72.300,69.713,72.658,177.608,112.029,115.500,63.321,119.171,153.529,110.308,150.125,140.296,113.279,242.150,111.967,69.767,72.458,67.800,93.283,63.192
88,102.975,195.621,205.379,99.788,158.013,120.813,69.533,53.771,130.783,71.604,69.029,80.833,201.467,95.558,87.079,63.358,130.900,174.733,118.208,142.263,161.004,111.813,239.521,124.171,69.733,68.438,67.554,87.692,63.221
89,86.325,157.754,191.000,134.863,156.829,124.154,69.996,54.150,117.758,72.600,82.021,102.242,201.396,59.296,94.663,67.863,143.496,175.217,100.667,135.492,156.692,127.529,237.971,86.654,69.796,68.479,68.404,105.163,60.488
90,67.413,131.279,212.483,125.050,152.904,112.783,70.450,53.588,110.442,71.500,110.821,96.833,229.792,70.554,92.654,62.650,147.563,160.325,98.417,137.225,144.883,127.675,249.433,103.792,69.683,70.575,68.175,98.271,62.538
91,75.433,132.138,216.817,90.088,154.538,112.421,70.213,53.292,99.871,73.596,104.746,94.675,133.538,106.500,113.829,61.525,175.329,194.988,92.333,132.800,138.679,132.583,241.550,110.238,69.733,73.425,67.850,116.371,59.658
92,79.600,147.313,172.633,74.842,143.838,78.146,69.279,53.525,96.338,73.783,77.954,93.961,222.450,90.825,65.492,61.438,160.121,157.917,94.871,127.846,153.688,121.617,232.721,121.708,69.750,88.067,67.608,90.546,61.596
93,100.479,131.704,176.208,71.813,137.304,87.657,68.763,58.183,98.975,94.508,75.004,107.775,192.200,80.167,64.254,61.383,174.746,134.175,99.808,124.579,153.779,101.296,230.921,126.942,69.883,80.458,67.838,88.833,
94,117.225,143.167,187.458,77.667,138.457,110.125,68.483,65.263,105.846,83.546,99.050,115.925,206.129,81.300,63.617,61.446,199.833,173.550,130.925,133.346,157.804,85.675,235.463,136.246,69.129,71.825,67.996,113.567,
95,135.371,159.179,155.108,71.183,157.117,136.863,67.671,66.058,73.833,71.648,130.654,122.396,194.008,83.450,61.938,61.963,182.967,163.192,136.213,145.846,153.008,103.650,241.588,138.421,68.221,71.950,68.029,109.654,
96,133.388,157.879,154.996,69.146,152.279,120.179,68.029,55.413,73.065,71.429,102.458,123.225,194.517,102.775,61.788,62.038,167.233,165.950,138.750,133.338,146.604,143.508,226.550,136.083,67.617,70.788,68.379,114.950,
97,90.329,152.554,150.917,69.067,149.354,115.992,68.225,53.791,99.325,71.746,72.404,124.721,157.992,75.671,63.188,64.808,132.475,180.025,127.042,131.475,142.917,153.783,241.854,130.883,67.308,73.213,67.996,113.333,
98,69.463,153.235,164.183,75.121,148.933,111.771,68.058,54.213,119.046,71.842,69.104,113.808,138.000,66.567,65.742,67.625,179.475,176.050,139.971,131.542,118.608,154.433,232.658,115.892,67.438,70.083,68.058,89.308,
99,65.804,167.042,158.554,68.954,134.854,123.575,68.175,59.654,91.892,71.171,68.221,151.529,157.217,75.642,74.525,61.042,181.417,169.438,187.288,140.296,127.879,134.413,230.454,115.775,67.758,65.433,68.050,91.500,
100,101.708,179.458,157.942,78.221,104.104,124.413,66.979,83.079,104.571,71.563,67.692,139.213,158.404,58.646,106.921,61.013,182.471,182.617,195.996,141.858,143.175,134.533,233.213,128.492,67.908,67.371,68.229,96.783,
101,77.063,157.421,158.429,70.917,112.946,150.233,84.000,76.633,114.188,72.875,69.092,135.521,141.813,63.354,112.529,61.429,174.808,202.388,215.079,132.950,117.213,130.221,241.421,135.250,67.854,66.825,68.208,111.800,
102,79.350,179.079,135.654,69.929,118.758,143.983,95.513,138.350,91.350,71.963,67.675,152.367,161.483,102.779,105.054,61.663,167.321,174.817,196.538,121.221,115.946,143.450,217.904,139.271,67.796,66.000,69.317,120.996,
103,93.021,175.992,120.288,70.325,134.404,154.525,81.683,115.563,84.708,73.646,93.908,163.338,156.492,88.142,121.196,61.475,168.550,170.233,192.925,118.108,135.204,137.433,229.538,142.621,67.817,65.808,68.292,106.825,
104,94.813,182.188,144.688,72.233,127.417,152.454,71.513,108.550,97.529,77.996,95.058,174.604,183.450,70.896,110.742,61.488,154.821,186.521,204.208,144.571,116.258,153.954,236.008,139.263,67.754,66.650,79.083,97.346,
105,87.783,184.663,164.817,96.400,112.375,159.871,68.283,149.104,106.913,104.546,85.567,183.175,165.771,73.263,142.183,61.471,144.163,175.183,199.729,149.071,101.104,194.529,226.658,146.333,68.546,66.379,80.133,95.783,
106,68.696,201.246,148.729,74.650,97.279,135.879,69.146,187.600,131.633,101.638,67.367,173.146,160.192,97.433,131.946,61.338,154.838,169.804,206.079,158.842,113.225,207.413,223.938,143.746,84.479,67.167,83.446,76.058,
107,94.000,205.708,132.425,69.713,99.213,134.717,67.746,202.483,148.742,104.438,67.092,180.096,161.046,89.896,140.813,61.738,145.796,170.150,193.046,167.542,114.863,211.763,220.596,167.321,73.188,85.429,82.317,75.313,
108,109.367,244.713,124.721,92.383,124.171,161.163,67.579,218.642,114.963,92.513,69.550,175.113,164.158,75.354,137.725,62.163,149.642,188.163,180.338,175.267,111.150,219.488,210.396,179.146,83.417,94.550,77.396,86.821,
109,113.283,231.142,146.229,89.821,131.883,181.350,69.175,182.279,116.863,98.433,70.825,198.288,173.217,70.079,136.329,66.038,137.454,181.213,161.525,170.158,105.854,213.992,196.267,175.550,76.492,88.692,72.421,89.025,
110,96.779,223.629,117.096,75.046,129.792,200.121,68.688,197.538,99.633,121.692,83.929,174.679,181.254,78.817,126.442,85.358,143.692,178.263,163.067,162.183,99.788,197.029,207.204,172.842,70.417,99.621,84.567,89.754,
111,91.875,228.863,170.063,98.592,127.383,183.175,68.188,178.246,112.471,149.375,113.133,171.842,166.821,71.933,126.221,90.592,146.629,208.842,153.100,166.821,118.008,207.742,208.321,175.963,72.583,110.029,118.092,82.996,
112,78.042,211.450,232.467,100.063,169.875,186.679,68.083,204.633,158.363,129.017,103.592,191.342,157.942,84.808,130.867,96.896,150.158,188.838,149.029,166.038,92.988,189.879,214.642,185.400,87.854,94.054,102.258,84.288,
113,76.983,203.229,196.096,134.892,177.629,230.817,67.917,192.271,148.850,106.004,85.313,185.700,158.938,117.967,139.558,113.363,155.342,204.467,151.746,176.054,100.521,237.613,212.158,178.783,107.842,96.613,109.717,67.138,
114,123.913,234.858,224.946,75.033,172.050,206.996,73.475,172.154,141.738,105.096,80.263,175.358,157.079,111.892,165.596,86.146,153.375,207.050,169.158,167.546,105.367,199.671,205.942,169.813,137.004,108.721,115.654,80.233,
115,137.358,230.583,211.492,86.742,170.342,202.929,67.592,173.083,162.254,106.875,99.229,182.208,173.075,124.108,145.788,88.963,135.992,215.392,153.300,159.642,100.133,210.058,216.229,178.383,123.421,110.713,110.917,78.921,
116,146.975,232.204,236.679,80.058,167.463,238.158,67.650,166.071,130.400,105.792,120.596,180.583,177.013,149.579,144.742,113.696,148.196,198.888,165.567,178.721,102.621,196.729,213.625,188.692,114.504,100.558,108.879,77.913,
117,149.642,244.467,243.854,107.871,179.746,200.396,66.467,120.525,112.242,102.183,126.379,172.192,168.167,122.817,146.400,128.779,156.992,188.275,157.892,169.875,106.296,190.363,214.758,198.413,124.325,90.629,109.242,87.825,
118,120.517,211.342,245.546,113.004,188.217,195.925,66.208,121.646,128.088,114.004,120.233,164.896,164.788,118.646,160.283,100.254,142.829,202.583,149.138,183.938,108.458,193.233,214.396,195.083,115.804,104.713,108.213,98.154,
119,120.758,209.300,255.300,129.446,201.683,206.325,66.671,154.888,150.446,127.042,100.033,171.142,154.263,121.617,152.783,104.367,148.604,179.117,145.371,171.417,83.258,196.425,207.954,216.229,125.983,140.209,120.454,90.158,
120,123.650,220.717,284.775,134.675,198.746,175.138,67.896,177.013,149.354,118.271,110.821,182.358,155.867,120.371,140.913,106.767,149.388,207.375,150.746,174.529,89.392,176.908,202.179,192.071,126.246,144.721,107.283,87.904,
121,155.013,224.675,270.096,120.592,180.967,187.483,73.317,144.800,130.933,95.875,107.842,183.638,159.713,107.721,143.542,101.138,149.463,239.504,164.813,187.975,117.996,171.921,209.075,223.971,126.867,117.708,108.963,95.563,
122,148.242,262.904,274.400,131.563,181.604,190.642,71.196,145.433,123.113,105.813,112.054,194.504,173.450,115.733,118.550,99.346,152.317,252.654,166.208,174.588,106.429,171.829,197.050,231.004,123.813,134.000,108.496,92.942,
123,126.850,203.963,254.200,159.688,187.308,195.754,68.950,156.167,132.308,107.783,126.742,196.746,160.550,104.863,107.975,90.938,156.163,269.558,158.129,188.329,119.313,155.142,204.188,219.392,117.754,135.825,125.871,85.121,
124,144.013,219.300,239.271,151.958,195.467,189.617,67.817,154.663,143.038,126.888,136.546,178.446,182.513,96.171,80.883,115.379,144.683,271.208,158.067,191.463,131.992,166.888,209.325,224.404,110.792,122.046,135.754,97.088,
125,146.667,224.521,237.383,173.879,183.142,185.692,68.096,104.546,153.450,137.546,125.983,155.592,195.438,96.183,107.575,121.304,148.058,262.054,149.025,202.975,112.675,159.450,218.500,266.142,110.479,142.896,134.429,120.104,
126,94.896,223.904,231.046,195.900,167.675,189.888,68.829,169.192,162.408,126.813,120.742,181.242,173.463,92.196,107.388,117.129,147.271,249.996,147.925,191.117,93.771,173.900,243.708,240.829,115.800,165.500,141.133,114.521,
127,96.875,214.792,240.138,212.183,169.546,170.050,65.683,174.138,145.767,107.346,118.454,173.871,176.288,93.500,65.563,118.800,150.842,241.142,163.204,171.142,103.242,171.838,265.450,279.638,111.229,168.938,131.483,89.458,
128,107.646,204.175,230.054,208.108,152.779,163.963,61.267,149.313,162.525,123.217,114.446,154.604,222.404,128.275,95.625,108.813,159.913,228.829,199.500,195.458,88.400,164.250,251.563,274.394,106.550,153.338,128.738,89.463,
129,111.800,221.467,260.583,216.471,175.708,183.442,56.704,147.267,140.767,119.313,140.483,170.446,197.458,141.954,122.013,118.500,161.808,235.963,196.092,180.258,82.975,148.904,257.392,262.931,122.867,159.592,148.371,87.888,
130,126.513,192.700,222.288,158.946,152.813,188.146,54.792,156.233,120.975,107.000,154.367,157.733,175.958,146.029,119.546,122.475,128.788,255.804,240.500,172.375,83.613,160.046,271.279,288.767,136.904,177.142,150.004,136.592,
131,139.858,184.092,241.892,181.421,153.583,189.175,64.254,129.050,108.813,142.242,151.329,149.375,169.875,149.333,124.933,123.617,183.679,257.433,228.883,191.017,86.950,171.913,259.350,306.704,154.125,190.917,154.788,153.092,
132,123.346,194.675,253.125,206.763,145.563,177.942,53.667,121.833,129.229,159.150,138.596,175.204,173.079,147.083,131.238,132.596,214.188,237.846,186.992,183.392,119.571,173.496,243.192,344.529,131.571,183.242,162.650,150.542,
133,105.196,142.825,263.621,200.167,165.996,170.608,38.621,164.325,185.892,126.254,150.054,164.692,172.338,158.654,141.679,148.221,207.479,214.283,211.200,186.517,132.238,178.442,249.483,369.454,143.733,183.579,160.238,154.283,
134,102.592,171.633,269.554,198.958,166.304,178.075,41.842,147.654,148.763,128.142,147.871,161.092,154.125,157.621,129.567,136.588,210.683,192.929,190.358,181.938,141.825,175.729,259.033,387.621,156.579,199.625,153.138,157.079,
135,142.629,166.350,268.329,201.258,180.879,165.575,52.921,126.138,164.521,149.621,128.988,132.671,162.763,176.163,126.392,113.713,216.096,219.896,203.817,199.013,146.967,157.150,258.863,376.388,165.325,204.383,150.954,160.425,
136,170.596,158.500,278.933,191.879,166.288,165.717,42.404,141.983,160.563,130.342,133.188,122.383,175.029,151.017,125.583,112.325,217.250,213.675,198.483,197.550,89.292,147.979,282.563,366.092,182.150,212.900,128.383,145.829,
137,185.813,166.204,289.900,164.833,181.375,181.154,53.908,143.938,137.042,138.388,125.029,137.171,177.221,125.958,112.125,134.142,214.025,203.029,214.808,221.554,101.033,152.933,300.188,329.379,172.804,195.642,107.783,144.021,
138,164.142,182.796,312.188,161.908,161.854,161.517,47.938,126.308,132.504,133.200,135.108,191.592,168.458,141.663,128.729,135.754,222.758,227.379,225.771,214.767,135.958,143.117,291.108,359.954,172.913,209.638,114.175,139.626,
139,150.942,215.742,299.025,187.117,174.513,176.042,46.667,135.983,128.275,140.492,142.229,192.050,163.804,162.725,119.700,125.471,232.288,239.083,223.488,205.817,120.558,149.700,277.038,337.258,174.350,197.858,125.042,145.383,
140,117.542,216.475,312.763,184.129,177.925,172.808,39.483,145.742,157.233,143.983,133.471,151.100,155.621,179.488,128.313,130.992,251.196,235.388,217.163,216.308,137.921,138.050,272.733,352.242,173.638,213.642,132.613,161.775,
141,102.783,226.954,298.575,177.054,154.071,169.004,60.400,149.433,158.800,136.417,123.988,145.329,163.658,180.792,133.250,150.233,282.658,252.783,206.313,203.117,139.475,138.038,278.704,342.704,181.233,230.575,141.150,160.625,
142,141.079,231.638,313.458,120.675,126.671,136.463,106.308,140.229,191.496,121.579,124.138,153.663,177.579,171.721,126.296,127.142,291.213,243.717,219.504,213.333,134.988,119.221,278.450,352.396,162.575,184.854,131.425,164.063,
143,143.333,253.900,307.242,128.925,111.038,185.583,78.467,169.946,182.821,125.900,115.533,164.592,175.667,175.279,141.621,118.025,295.829,247.313,223.750,212.438,137.663,92.546,276.225,352.067,147.750,189.763,130.796,164.583,
144,150.063,245.113,300.579,128.067,133.263,182.533,90.008,159.850,124.567,123.558,116.821,175.450,171.908,186.446,145.763,146.738,273.121,217.517,216.658,225.488,141.596,121.263,265.658,347.758,145.183,198.925,129.921,170.571,
145,162.592,246.708,310.096,108.425,135.333,170.046,84.821,149.421,88.971,95.483,141.421,174.363,186.983,256.308,143.108,142.463,266.054,237.050,228.108,212.208,142.721,138.267,262.025,316.008,148.279,207.175,124.538,183.283,
146,151.663,239.163,293.975,163.558,162.488,142.417,59.342,138.942,118.338,137.617,160.088,228.929,174.283,231.142,140.546,126.579,261.896,232.971,220.375,225.600,139.542,150.300,273.429,314.321,141.142,200.729,129.054,170.233,
147,123.325,224.996,313.946,166.254,177.858,123.192,51.779,176.892,133.954,134.058,187.646,241.779,184.033,240.733,164.683,127.325,298.617,248.550,220.508,219.738,148.025,136.475,272.275,301.600,149.125,189.688,130.446,174.288,
148,95.150,235.088,306.921,173.017,172.079,113.558,49.275,184.621,143.829,143.229,132.979,279.033,178.488,237.213,180.529,108.067,315.188,221.650,219.458,200.125,129.008,123.121,278.888,294.904,159.850,212.963,126.617,171.913,
149,128.021,251.779,316.958,207.454,179.596,112.371,74.950,160.904,180.308,140.067,97.333,266.775,176.396,237.375,172.071,116.975,329.238,195.100,208.154,224.083,133.375,139.217,277.400,308.975,152.443,213.971,144.333,167.258,
150,183.733,274.308,314.475,241.163,155.896,115.267,93.513,184.738,164.842,111.850,98.067,266.963,183.854,222.146,161.413,112.446,342.533,217.158,160.067,201.900,122.917,151.121,286.458,274.354,175.225,226.500,144.175,158.367,
151,186.083,254.975,324.963,214.158,162.729,146.621,97.929,170.054,126.896,124.408,143.225,199.246,176.304,237.063,152.567,111.783,324.808,215.992,147.400,191.446,125.104,128.913,285.338,241.867,178.867,248.042,139.367,187.004,
152,151.625,252.929,328.829,211.863,175.496,160.950,91.229,198.542,107.938,118.154,147.704,183.838,172.525,229.125,166.092,130.496,336.967,210.317,149.783,235.292,142.896,139.150,277.188,267.404,160.546,223.017,150.596,196.092,
153,120.088,248.213,331.450,259.275,188.458,131.346,79.071,142.175,127.792,138.104,121.150,209.813,168.363,215.850,148.042,159.213,313.833,193.954,186.150,231.571,125.017,146.000,267.217,261.079,140.008,222.504,173.496,160.788,
154,121.867,262.029,333.821,250.488,191.679,104.908,71.329,198.538,153.517,109.892,122.263,231.804,158.008,207.192,191.296,129.508,328.721,177.838,182.863,202.933,102.475,133.229,269.492,254.079,152.167,240.629,183.421,191.888,
155,98.521,249.071,326.038,214.904,204.896,132.233,88.033,258.242,142.046,145.467,117.846,218.513,152.683,258.850,191.208,121.133,331.779,168.983,185.983,216.296,115.604,137.558,265.354,237.904,123.354,256.279,204.467,183.913,
156,109.275,237.433,338.196,235.292,222.638,127.388,106.917,260.475,151.104,158.017,112.242,226.046,180.846,258.388,182.283,112.483,342.233,206.208,199.333,211.613,107.588,153.442,263.229,241.658,130.042,260.204,200.142,209.413,
157,129.521,227.483,340.946,227.375,189.579,149.125,88.108,244.879,165.550,130.833,101.267,230.158,171.188,224.938,174.725,101.146,332.650,162.288,176.217,213.083,125.783,154.846,259.858,229.388,131.058,261.279,191.158,185.945,
158,123.117,217.433,335.508,171.250,208.229,145.821,114.450,254.329,171.929,119.863,107.963,234.550,168.908,220.917,162.833,111.279,301.754,188.042,163.600,183.179,133.050,150.788,278.313,213.900,130.383,260.650,195.133,229.448,
159,124.396,220.563,328.438,218.333,203.179,142.404,127.729,262.892,152.821,121.342,138.142,218.988,202.792,214.233,183.417,144.521,315.313,256.092,169.071,183.321,127.592,152.050,284.438,205.929,112.629,260.033,188.133,246.950,
160,149.971,260.404,327.021,209.763,218.425,123.538,85.604,214.958,150.088,114.033,150.929,220.521,195.804,209.025,184.958,192.113,290.950,259.021,162.683,191.592,143.742,141.371,288.833,208.538,120.992,216.904,178.421,259.822,
161,167.346,271.329,350.488,174.442,192.754,90.304,69.854,237.554,180.621,123.208,140.029,211.496,182.075,215.371,175.533,209.033,274.017,251.704,154.696,183.179,121.275,130.854,272.313,203.863,146.838,219.979,144.750,278.887,
162,162.888,265.004,387.533,198.225,206.688,110.142,103.675,231.054,176.821,148.813,119.492,237.196,182.717,255.183,161.242,221.388,312.200,240.717,153.346,171.942,113.954,132.971,265.229,206.767,123.796,218.492,163.042,268.267,
163,175.350,245.075,414.900,171.704,210.467,108.229,112.388,237.333,175.608,171.850,115.454,245.758,189.933,251.158,156.592,181.388,327.025,245.638,196.300,158.158,96.071,127.904,252.850,179.458,132.192,218.179,147.192,234.329,
164,179.417,255.504,369.371,169.446,167.671,135.154,79.521,205.900,186.483,148.479,129.283,231.883,177.329,230.763,131.371,178.733,291.021,250.417,188.958,142.138,121.954,131.333,267.521,164.396,134.733,217.013,131.350,177.530,
165,179.354,283.546,369.863,174.850,180.754,146.796,86.892,202.708,160.804,146.050,109.029,248.525,174.896,229.404,128.071,189.650,318.738,251.133,168.767,139.779,118.333,141.038,259.508,164.517,119.904,196.950,133.508,234.991,
166,165.508,250.825,368.742,117.767,193.796,149.704,105.167,214.175,139.975,170.833,133.696,234.638,172.921,190.633,139.100,209.579,322.838,238.929,161.258,123.033,131.108,116.596,252.096,174.475,120.642,197.238,140.383,280.174,
167,156.892,276.050,366.829,106.663,189.850,156.054,73.046,198.613,181.658,170.425,148.308,248.629,188.113,178.217,99.658,218.313,314.896,244.288,162.450,133.675,142.471,138.721,233.525,165.013,114.213,183.971,138.171,293.105,
168,122.021,275.333,355.521,144.513,184.742,105.388,63.517,206.004,180.054,140.588,147.325,230.613,166.525,223.283,121.800,216.625,291.783,239.567,166.104,165.367,96.400,138.463,211.296,144.067,92.004,181.163,125.842,297.624,
169,124.071,274.183,360.671,149.063,174.950,111.871,90.442,227.350,175.638,141.821,112.108,204.446,153.675,220.554,154.258,219.708,302.867,256.133,166.213,167.783,83.279,148.179,213.988,153.158,101.808,195.296,154.271,300.386,
170,136.825,263.996,339.858,162.329,157.892,117.088,120.717,257.046,117.400,149.154,68.408,220.129,145.208,224.925,168.304,219.254,308.650,246.746,165.817,201.704,81.321,113.425,211.983,154.008,86.863,199.071,160.058,298.042,
171,157.779,262.263,338.633,153.396,157.021,122.500,107.783,273.396,125.917,140.954,143.758,217.421,162.467,218.058,151.038,189.492,276.025,246.025,150.513,192.425,80.104,87.338,193.121,152.013,116.633,208.838,144.063,310.008,
172,158.342,235.733,337.625,122.204,151.333,158.746,117.329,256.963,117.517,139.913,162.625,189.879,167.808,205.713,141.954,206.300,285.988,294.413,171.604,207.238,82.354,133.492,188.638,139.596,138.575,182.063,131.854,303.888,
173,173.788,239.867,345.488,122.246,189.704,146.496,101.021,222.229,89.925,164.463,169.313,248.954,173.467,194.875,157.633,251.071,277.171,243.975,215.167,205.075,90.542,134.229,170.638,160.933,102.300,204.392,143.188,305.033,
174,184.008,181.258,340.600,168.783,199.192,146.696,90.129,216.054,127.525,157.742,164.633,211.546,154.429,150.654,183.763,236.463,288.717,284.638,207.804,214.204,119.879,149.292,196.575,151.592,84.308,194.150,142.663,306.742,
175,188.333,197.088,308.854,171.483,209.938,143.429,60.500,195.071,144.842,125.663,167.313,181.821,136.429,179.871,172.542,246.488,287.113,272.267,224.221,203.238,105.625,150.771,183.417,170.513,112.738,201.883,143.271,314.871,
176,172.117,214.996,278.871,169.842,215.729,127.983,90.804,193.283,171.788,112.417,153.767,201.425,133.267,199.613,143.017,232.175,254.883,298.746,213.383,198.283,105.821,146.100,172.083,182.458,108.167,213.171,163.758,327.875,
177,206.688,222.983,287.279,176.175,199.767,117.279,92.313,223.617,181.342,121.542,151.467,189.538,138.779,207.525,149.058,227.171,261.492,309.633,221.413,206.288,107.092,151.038,182.646,194.092,121.863,218.050,156.596,324.304,
178,184.275,230.488,283.167,150.483,181.163,136.446,109.350,250.529,156.967,131.833,147.450,184.325,146.508,235.183,150.788,225.108,241.625,353.513,226.588,203.533,121.783,155.229,190.354,205.333,116.979,244.279,157.792,333.783,
179,169.458,233.896,270.883,133.375,181.529,180.646,96.821,268.354,151.925,114.558,135.146,187.938,135.213,243.504,145.458,224.817,246.833,328.158,237.550,196.463,105.071,155.329,171.829,209.983,119.163,229.450,180.075,320.133,
180,175.500,231.204,192.013,150.263,209.400,166.513,97.842,248.754,123.104,146.550,168.404,174.838,158.271,223.483,159.771,229.138,269.150,336.675,229.979,222.533,135.258,139.675,176.417,184.908,107.413,241.421,179.233,294.825,
181,174.283,208.783,185.421,173.483,209.013,150.567,92.808,205.246,122.488,174.150,164.142,163.571,135.938,203.067,143.258,224.546,235.758,341.329,242.758,198.404,117.979,142.796,160.233,177.938,113.663,243.242,148.996,273.638,
182,150.425,201.242,185.079,166.075,209.133,140.063,88.604,256.688,141.971,160.613,165.354,162.158,104.846,208.700,93.958,208.646,272.054,338.821,236.296,215.267,111.658,133.242,146.179,143.917,96.325,246.746,165.233,239.358,
183,113.054,169.888,188.188,146.029,186.688,110.458,83.813,276.658,106.950,132.975,137.538,113.638,137.671,207.317,75.742,193.175,272.488,326.575,230.692,209.267,137.258,143.450,154.900,152.383,90.754,217.233,159.213,230.079,
184,139.325,187.400,206.508,153.575,188.263,87.288,101.921,264.333,92.788,104.446,132.613,154.242,113.579,206.663,74.204,160.488,279.850,298.117,243.071,209.063,108.283,137.617,165.400,121.729,96.283,226.425,144.642,187.354,
185,114.133,183.371,204.867,118.463,187.488,106.704,61.658,242.033,104.571,104.767,117.454,88.117,112.025,195.025,71.533,136.646,247.308,280.646,208.079,192.000,104.513,113.263,168.942,110.863,72.492,213.358,128.163,215.200,
186,146.121,191.513,205.533,107.638,177.250,126.150,56.088,200.925,65.083,97.521,113.213,155.442,142.946,179.671,83.579,136.208,242.246,328.563,214.417,159.154,127.196,132.225,145.258,117.542,108.183,202.779,135.929,215.521,
187,155.383,190.717,203.596,141.950,178.642,124.513,61.183,203.354,80.925,136.017,93.883,150.017,148.958,177.904,105.779,151.892,283.725,307.654,216.492,190.075,113.908,128.292,138.288,114.492,74.042,181.129,140.554,206.879,
188,151.267,202.458,181.267,159.779,187.392,168.329,50.354,213.679,115.150,117.496,152.729,161.458,107.679,172.192,140.467,138.088,272.846,282.775,206.446,183.729,102.608,137.617,146.117,123.042,95.858,187.850,121.754,209.517,
189,143.246,212.767,204.458,141.188,191.546,176.813,58.983,190.917,122.242,124.150,177.721,160.025,119.625,187.671,131.258,136.646,278.321,291.438,185.338,166.458,108.829,139.792,137.038,122.871,88.329,163.363,114.888,229.750,
190,115.975,196.600,204.858,134.283,176.192,158.279,63.675,137.746,127.800,138.417,120.742,137.358,142.771,193.054,128.129,165.946,258.504,281.525,172.192,157.788,113.813,145.033,133.042,101.808,89.400,147.879,122.867,219.850,
191,120.592,207.904,215.933,133.983,200.542,94.646,72.100,189.913,127.221,128.888,132.146,157.046,137.438,186.279,143.108,147.096,254.279,280.275,163.796,169.679,84.379,105.617,98.563,150.708,84.546,174.696,84.379,207.525,
192,138.154,211.908,213.513,95.588,192.792,118.708,51.017,238.733,135.846,100.967,142.842,148.004,148.125,159.504,118.975,138.617,256.850,293.833,161.125,165.142,71.858,85.150,135.396,146.233,95.225,164.663,104.121,238.408,
193,146.758,226.425,204.113,130.050,192.258,145.913,40.446,200.317,121.696,106.688,159.683,137.579,159.258,164.500,119.788,138.217,242.513,291.542,183.438,175.108,67.954,108.113,161.529,137.392,103.396,165.750,116.004,233.708,
194,126.529,229.725,204.475,131.063,224.154,139.954,60.792,225.108,99.425,133.621,154.979,127.888,160.450,150.533,120.254,128.346,246.021,275.129,168.571,159.008,110.992,110.108,159.375,138.242,107.075,153.433,124.875,209.604,
195,122.154,222.788,217.104,139.763,229.563,141.058,62.671,214.942,119.696,124.133,160.354,144.588,174.942,150.400,117.438,143.975,250.321,285.446,174.996,139.088,104.888,115.625,144.888,130.463,94.821,156.042,146.433,211.071,
196,118.950,214.429,248.246,158.046,190.733,135.738,47.296,156.317,124.542,120.829,162.813,152.488,151.883,137.358,111.817,151.958,235.233,301.425,160.396,168.158,108.646,110.425,136.971,127.175,87.600,167.013,129.192,210.300,
197,127.596,208.583,242.108,137.121,221.304,119.325,48.963,205.742,127.025,120.000,158.321,140.342,154.050,111.888,106.208,132.421,209.438,319.021,172.771,170.971,118.825,118.442,123.621,140.892,94.792,165.783,118.679,198.554,
198,140.667,209.146,230.238,168.433,196.533,88.267,70.729,231.021,109.854,83.188,130.729,123.942,144.338,130.467,114.358,117.279,211.958,283.025,150.671,152.246,119.371,129.133,146.635,140.808,102.488,175.588,129.529,187.375,
199,148.788,177.400,245.488,137.846,165.096,119.900,59.421,173.525,111.083,89.683,147.838,126.692,143.992,100.417,84.804,130.650,224.921,270.617,165.150,150.588,106.838,114.258,146.092,133.429,102.808,152.229,114.967,187.808,
200,136.213,190.675,232.804,122.542,185.296,143.217,61.038,200.996,104.108,87.750,138.250,147.325,118.338,120.054,85.158,117.929,207.108,258.700,171.800,144.296,113.867,132.071,136.683,125.050,107.208,132.975,104.779,180.133,
201,125.971,197.371,201.833,136.783,184.913,137.333,61.392,194.129,84.833,95.967,144.750,138.667,135.017,129.042,86.075,95.100,225.313,270.908,164.521,136.479,107.538,113.892,128.338,127.800,107.600,140.646,119.075,175.358,
202,134.788,191.425,201.133,135.454,196.467,136.642,48.679,193.817,102.467,78.479,147.104,121.579,131.492,121.338,109.638,110.275,198.308,289.379,155.296,151.463,103.163,121.654,112.596,134.746,84.108,143.246,111.204,192.929,
203,112.392,162.221,206.200,142.250,178.075,130.654,42.146,161.125,139.363,97.492,124.608,131.233,142.429,106.442,99.708,126.879,199.542,293.292,135.146,133.267,80.704,120.258,109.967,104.204,95.342,144.829,115.617,156.517,
204,110.804,194.942,209.363,126.950,185.396,112.142,70.463,187.967,127.229,78.942,118.704,121.350,133.038,98.171,75.021,121.642,189.158,284.688,138.963,153.275,103.563,98.629,101.346,147.379,90.246,151.708,116.654,178.579,
205,132.800,197.233,212.567,131.975,191.913,86.808,55.088,160.863,124.358,87.329,108.858,125.333,122.871,100.675,96.238,113.925,210.000,282.904,130.846,151.500,98.679,92.383,116.508,142.996,106.688,154.692,115.038,153.596,
206,109.279,198.408,209.796,118.638,154.350,131.388,57.767,165.454,109.629,79.925,151.704,139.175,134.038,125.875,82.696,83.346,194.933,266.692,145.800,180.142,99.121,100.275,125.583,132.275,113.358,128.025,108.113,156.667,
207,130.858,192.175,179.767,110.888,168.042,121.833,57.158,130.696,104.904,70.688,116.633,132.283,163.142,145.950,90.592,107.042,170.808,266.475,155.871,163.083,101.179,111.896,114.225,122.775,102.579,134.225,112.854,164.446,
208,162.325,182.417,174.608,142.000,179.433,127.604,67.783,107.354,66.417,88.879,155.971,133.608,154.838,134.867,112.358,99.671,191.900,252.342,120.700,155.642,93.629,112.842,91.388,133.738,80.829,125.825,103.383,154.296,
209,133.954,153.275,164.446,136.658,190.896,132.229,46.063,117.296,105.254,108.725,138.592,136.800,127.183,93.996,119.517,130.283,171.917,230.079,115.913,151.463,104.154,125.879,133.221,128.683,90.458,137.150,104.421,155.204,
210,114.508,131.346,154.067,110.675,160.733,124.492,40.146,150.542,111.217,114.067,163.242,130.396,104.946,106.775,117.333,111.717,186.946,237.313,123.554,146.871,118.679,132.271,112.842,132.771,89.450,140.825,100.571,164.238,
211,120.338,129.075,139.604,116.638,138.150,115.450,45.558,138.463,120.625,120.442,136.654,100.104,138.933,109.408,102.121,94.138,176.083,205.329,145.488,140.850,117.438,132.446,87.654,130.125,116.521,134.754,75.242,149.988,
212,135.846,144.642,158.888,115.763,135.258,116.279,55.221,167.450,125.392,110.429,146.825,81.829,146.296,128.046,117.992,80.508,150.058,222.763,150.696,142.008,111.742,108.629,118.392,126.963,137.854,141.004,96.642,149.963,
213,127.538,168.471,131.475,72.658,129.329,157.504,57.992,131.888,110.583,101.954,135.650,111.192,155.588,115.104,97.525,65.075,174.829,214.433,141.296,147.854,107.608,114.679,111.733,116.129,132.475,144.396,110.383,146.063,
214,105.533,172.321,113.867,72.988,135.688,158.275,67.508,152.288,100.646,80.104,76.396,104.621,143.458,85.092,69.163,90.650,163.671,215.888,124.692,128.925,68.200,135.867,114.308,85.838,112.733,139.717,118.150,149.200,
215,105.925,148.492,126.463,119.533,175.733,125.563,54.642,127.508,61.138,95.521,98.996,111.992,109.183,73.325,74.563,106.200,168.483,200.471,139.567,123.200,114.358,96.979,93.746,63.467,108.750,119.138,103.092,141.729,
216,95.713,110.488,167.529,132.025,184.142,134.317,53.921,100.029,73.088,95.967,129.371,118.188,123.479,84.208,94.088,113.200,160.446,187.221,144.663,117.992,105.888,105.179,100.346,117.775,97.704,116.279,105.038,132.125,
217,90.250,149.871,173.571,131.450,164.238,128.475,46.463,129.188,104.371,88.879,125.492,81.458,90.108,106.313,85.204,99.179,150.171,191.758,141.379,127.638,110.579,113.729,90.846,111.171,101.271,138.500,92.758,173.029,
218,68.138,169.929,155.492,120.767,165.000,117.254,61.663,109.275,96.904,87.338,103.179,91.096,105.792,83.842,98.517,99.642,145.800,203.183,126.863,139.617,127.496,108.942,93.429,110.021,113.525,131.454,86.521,136.913,
219,90.200,176.413,159.438,117.096,155.963,110.221,108.208,149.158,96.213,84.346,122.742,120.042,107.396,91.367,100.796,99.850,165.188,186.204,131.000,140.621,131.558,104.592,104.350,104.233,113.421,118.754,83.275,114.454,
220,134.354,202.688,165.288,126.021,138.588,127.500,92.521,158.271,93.646,46.813,113.758,115.642,134.404,103.463,60.504,67.700,148.588,191.883,136.350,125.325,108.475,95.200,103.579,123.854,106.763,137.121,110.263,141.217,
221,104.379,181.621,158.308,117.225,173.967,132.638,68.579,136.192,104.950,61.567,114.717,127.583,126.675,60.050,51.242,98.283,151.967,196.713,132.679,132.346,100.900,97.758,109.275,122.421,111.254,112.350,107.900,143.567,
222,103.983,143.700,127.596,138.708,163.658,159.533,77.392,132.271,76.896,84.779,126.721,91.854,141.700,65.408,75.392,94.013,159.117,166.208,110.508,126.308,112.025,107.113,108.829,122.779,84.096,128.196,97.429,148.071,
223,127.488,153.067,147.338,148.317,164.388,163.913,71.117,111.596,101.113,107.375,117.279,80.946,103.179,99.908,87.525,102.346,158.971,199.954,101.888,128.379,111.363,118.246,103.804,77.992,62.058,133.254,106.238,136.475,
224,101.713,147.588,156.458,154.363,187.196,141.150,66.058,106.963,106.450,123.646,96.492,74.858,112.450,102.475,88.883,92.400,172.008,168.958,133.121,111.675,104.392,116.029,107.554,91.829,106.792,116.038,119.050,132.896,
225,82.158,161.400,162.583,148.600,193.942,134.475,72.788,131.829,91.154,102.183,98.208,63.104,142.183,94.088,60.321,97.071,144.279,188.133,125.254,123.117,124.896,110.150,99.708,107.338,102.650,85.738,139.529,128.796,
226,117.563,158.354,158.692,132.142,189.033,108.625,96.263,125.275,103.779,101.017,70.146,101.400,137.517,88.521,50.983,87.867,145.933,169.592,121.192,116.158,121.083,108.667,99.763,117.167,104.763,104.521,115.392,147.042,
227,115.679,172.629,141.542,125.758,141.758,133.192,83.792,131.192,116.567,91.700,100.213,114.954,140.579,91.038,46.729,73.900,153.271,169.379,138.717,112.254,121.808,83.267,101.146,106.438,98.896,129.213,95.742,145.317,
228,101.992,185.375,131.542,69.488,168.475,150.367,84.800,112.354,92.633,92.383,123.158,98.321,116.858,87.479,47.092,93.342,153.229,160.775,141.758,93.533,121.971,93.325,98.229,95.013,97.783,126.213,107.025,143.875,
229,106.638,144.704,140.567,97.842,182.750,131.850,76.579,79.471,74.017,95.192,121.754,104.013,95.267,91.338,82.350,108.883,162.354,149.871,127.700,98.804,117.925,91.408,84.363,75.629,81.067,114.979,83.254,141.550,
230,89.479,136.271,155.750,106.708,175.613,138.596,72.883,83.417,85.675,107.688,123.329,110.621,110.713,92.988,80.533,117.117,155.383,168.338,113.129,115.742,120.521,91.179,75.783,87.629,69.346,129.467,103.013,154.808,
231,81.508,136.663,163.771,116.538,180.642,136.175,59.363,119.742,109.179,115.067,112.513,100.708,72.821,73.675,97.704,72.633,159.175,158.979,114.967,134.071,126.671,106.292,107.333,85.458,84.433,121.425,112.796,157.183,
232,80.958,149.167,184.238,108.821,169.342,81.442,63.813,124.508,107.442,116.625,110.788,75.558,86.488,62.700,91.808,94.504,149.504,182.254,121.367,117.454,136.725,125.867,75.113,120.350,119.804,140.971,104.092,158.288,
233,112.567,166.275,186.125,118.125,129.475,51.013,68.304,116.867,128.429,111.754,89.604,92.688,107.758,76.246,85.017,76.958,144.813,161.583,129.333,110.329,118.538,114.242,93.500,116.654,103.592,130.258,94.188,116.842,
234,123.125,161.696,169.263,114.296,136.175,86.963,68.958,124.213,139.017,95.096,110.121,117.413,123.358,83.546,64.904,44.658,136.463,162.771,123.050,111.175,132.463,71.063,97.771,121.692,87.304,137.979,114.746,115.742,
235,112.717,121.038,159.204,107.300,161.950,119.938,72.038,132.925,99.575,60.163,112.267,118.388,125.721,111.908,53.142,82.558,166.754,160.058,113.538,111.888,129.408,106.742,95.358,113.175,109.638,145.208,110.904,138.954,
236,98.388,101.283,123.796,103.583,160.750,72.958,70.808,110.971,84.279,68.633,104.508,119.929,106.583,98.046,94.279,96.267,152.204,159.133,90.217,89.325,115.671,112.971,67.492,99.817,53.725,131.108,113.317,131.058,
237,94.958,105.513,125.242,94.033,163.021,73.896,76.763,81.738,118.938,67.192,91.583,127.417,91.042,104.358,88.550,85.996,145.454,152.954,91.767,98.946,117.500,91.583,86.579,128.288,59.688,87.183,105.892,134.754,
238,70.625,134.417,141.271,102.067,159.258,97.908,65.954,98.975,125.713,96.517,107.800,109.704,72.808,102.508,83.054,104.388,131.408,146.483,107.333,128.708,124.850,92.000,61.233,80.354,98.925,96.717,100.850,129.033,
239,85.246,144.971,142.967,92.904,169.063,84.458,100.517,124.667,92.254,113.242,118.154,84.788,111.658,72.946,80.100,85.150,146.904,142.946,106.146,126.021,126.283,114.242,77.596,103.775,85.213,110.417,115.171,118.275,
240,106.425,124.838,156.454,117.863,156.538,49.933,108.283,115.013,84.258,126.554,83.825,115.904,100.529,76.213,79.317,63.121,117.458,137.888,109.279,114.225,109.433,75.333,112.042,120.100,103.454,114.579,119.150,110.767,
241,102.083,147.717,168.604,84.771,140.521,116.288,86.688,118.542,97.088,91.413,106.000,133.079,96.521,99.917,60.875,44.467,127.233,126.571,113.154,100.658,84.138,80.758,103.113,103.796,97.021,127.700,101.075,106.750,
242,102.425,136.554,163.933,107.142,138.863,103.233,85.300,88.704,101.967,109.992,90.288,116.521,117.117,109.263,56.250,76.154,113.417,132.358,112.979,99.200,91.742,113.596,75.513,66.050,109.858,98.617,70.208,94.942,
243,108.588,142.283,151.992,109.863,165.863,125.354,90.079,114.725,67.850,120.629,97.608,81.971,126.096,93.675,68.038,72.175,109.117,141.121,106.625,94.271,79.400,92.225,134.196,86.554,92.008,110.600,61.825,87.529,
244,86.825,110.654,113.088,131.933,144.646,94.233,61.917,57.400,57.354,135.513,103.838,65.046,93.717,59.046,49.479,73.875,136.733,153.683,88.088,77.417,96.808,60.596,127.496,68.288,55.163,67.821,92.046,105.392,
245,62.783,83.354,135.404,99.775,122.129,105.008,49.767,67.183,64.242,149.654,72.175,67.692,73.908,89.250,89.346,62.408,82.383,96.654,64.429,95.583,91.775,71.921,95.829,88.975,79.383,85.542,108.667,79.263,
246,48.696,90.671,106.604,84.825,141.067,67.983,71.879,90.646,80.888,71.108,39.896,66.408,75.046,86.713,42.354,58.954,63.346,61.117,80.333,78.983,91.588,70.788,84.208,72.458,89.108,81.817,76.829,79.225,
247,60.738,105.633,109.058,76.308,106.854,61.846,84.654,78.496,93.058,70.621,46.158,67.679,103.425,80.825,51.854,49.979,65.033,94.321,77.625,81.383,71.988,79.600,77.796,79.054,75.925,67.417,66.238,53.583,
248,75.321,116.208,114.000,66.625,82.296,74.729,89.038,85.625,83.854,52.233,51.921,93.425,89.513,74.042,40.692,40.200,68.854,110.779,77.096,70.863,63.358,67.929,89.142,86.575,62.067,74.883,50.038,81.929,
249,86.246,99.971,109.396,66.346,110.592,99.004,76.288,68.075,50.933,53.129,74.108,81.846,66.017,73.738,52.025,50.021,94.754,124.554,78.379,61.250,63.542,60.954,100.725,84.671,64.288,71.058,60.750,114.521,
250,69.800,84.188,72.058,72.458,142.838,103.471,44.758,64.088,47.913,71.229,86.629,54.329,40.354,49.163,50.417,73.900,97.254,102.583,53.363,52.000,73.950,87.967,111.200,70.563,46.050,78.125,71.671,117.033,
251,66.792,97.808,108.329,85.183,129.167,83.021,44.633,47.225,52.371,93.975,92.988,70.150,40.367,45.004,74.475,64.925,108.467,83.229,52.142,58.667,66.508,60.046,79.096,50.975,46.267,76.850,81.163,93.878,
252,54.288,98.396,102.358,81.446,119.771,76.775,48.013,80.688,60.733,93.250,61.979,70.796,40.217,68.904,62.342,46.633,81.983,93.625,81.113,56.908,78.925,42.579,70.588,68.063,45.742,81.750,68.596,125.367,
253,51.554,109.179,116.179,86.383,114.271,66.242,69.713,85.288,47.938,86.650,55.658,47.375,68.238,70.433,51.679,39.788,83.629,68.208,103.550,67.538,83.554,82.075,60.658,76.633,77.825,81.658,42.079,86.894,
254,82.454,114.450,103.133,93.683,80.004,62.475,101.963,66.217,57.463,90.317,45.163,58.938,76.904,66.642,56.913,38.367,75.617,74.417,81.704,63.233,85.638,76.642,85.946,60.850,60.954,89.958,55.088,63.950,
255,77.188,119.000,119.217,79.538,84.213,98.329,87.671,68.546,61.879,76.771,57.225,72.200,58.450,54.171,38.879,42.179,70.413,98.171,86.046,77.950,91.533,59.879,101.083,56.883,62.563,94.704,48.996,81.911,
256,85.317,144.646,91.279,86.600,111.088,104.646,80.679,69.396,57.267,57.454,63.692,97.700,80.008,67.204,38.867,58.854,68.592,85.600,80.788,62.829,52.471,71.488,79.721,77.125,49.804,95.767,65.500,82.578,
257,84.450,139.779,70.008,111.813,124.571,103.450,64.058,79.713,40.875,63.538,63.888,87.771,70.883,53.829,40.867,62.688,81.383,79.388,72.342,48.354,79.092,63.471,86.979,67.950,56.167,77.025,53.438,70.689,
258,85.638,87.500,116.167,126.225,116.029,108.863,49.321,51.717,55.796,58.525,67.408,61.267,58.613,52.254,56.729,54.471,76.746,103.567,64.813,70.521,75.271,68.500,91.004,64.975,57.467,82.096,54.542,61.500,
259,72.642,86.450,99.700,96.571,103.988,107.554,43.767,60.638,75.496,56.138,74.067,43.646,47.921,61.013,44.071,60.829,70.579,79.192,97.425,78.913,73.358,71.075,91.254,46.825,82.367,63.708,60.338,65.844,
260,67.663,98.583,104.413,88.313,103.717,73.200,56.221,80.008,67.571,66.071,74.413,44.183,59.871,98.508,63.100,53.183,68.892,74.271,82.342,76.583,59.113,74.446,56.425,76.492,45.346,77.750,66.850,68.067,
261,86.250,101.167,99.367,84.917,94.413,69.588,64.263,67.888,56.679,72.117,42.088,68.446,72.300,65.204,62.675,40.604,45.688,85.325,57.475,59.983,77.925,43.779,59.925,64.917,45.083,91.767,53.904,66.954,
262,79.192,96.146,107.029,81.033,93.671,98.683,68.675,102.192,54.050,61.913,63.579,79.304,66.917,58.800,43.029,38.567,82.163,105.533,84.442,45.346,50.450,63.646,56.800,58.458,55.504,85.708,49.079,71.622,
263,73.429,104.350,126.283,60.075,119.663,118.571,86.167,95.650,63.129,50.008,81.779,66.967,65.963,46.954,38.350,43.508,80.217,90.938,67.917,70.104,51.800,74.050,65.829,46.946,53.692,48.063,54.354,70.700,
264,78.779,106.450,119.725,69.979,146.217,114.021,81.004,98.967,53.942,61.533,82.254,66.996,61.325,51.754,46.967,67.308,69.650,77.033,69.433,69.579,78.392,87.288,69.204,56.763,43.004,48.525,60.225,63.217,
265,76.996,98.233,126.433,65.788,134.733,103.950,59.129,85.921,80.417,85.017,82.600,61.017,42.075,39.529,68.817,63.004,82.213,95.017,64.633,77.250,91.950,81.563,52.113,49.121,42.900,60.275,62.588,45.317,
266,64.521,116.342,133.858,72.821,131.658,94.700,62.729,91.163,66.138,96.350,80.117,52.246,40.638,54.242,66.879,65.471,83.242,74.450,77.458,78.521,89.842,65.725,45.700,55.017,45.192,57.313,78.046,53.967,
267,58.617,111.708,142.388,73.929,109.388,75.325,70.904,98.338,74.675,109.254,48.754,41.558,49.021,80.092,80.658,63.488,89.488,81.967,73.850,71.367,89.896,63.842,59.917,86.754,45.408,79.250,85.071,77.833,
268,80.563,115.863,143.546,77.671,81.683,52.908,84.117,108.450,82.283,96.104,52.583,54.683,69.400,70.254,68.796,55.813,58.167,87.704,74.075,73.633,88.492,82.775,79.904,83.946,50.304,54.425,67.629,68.717,
269,76.608,104.404,128.200,65.300,85.271,89.983,72.817,100.092,93.163,80.692,79.142,82.158,69.796,67.758,42.404,48.754,80.521,92.550,76.596,65.946,55.229,74.913,98.042,79.621,66.796,53.079,64.167,84.172,
270,84.813,102.842,113.363,55.379,117.358,82.788,69.592,67.350,74.188,68.921,62.292,73.825,63.942,73.988,47.929,75.121,79.300,90.867,82.413,72.592,72.200,87.321,78.042,68.025,54.400,42.146,76.729,90.961,
271,92.342,95.438,102.275,92.950,120.346,74.571,75.413,56.038,58.075,85.075,77.558,66.000,60.963,47.188,74.329,70.067,68.171,84.021,69.646,63.108,97.221,69.458,70.621,65.683,42.129,66.958,58.438,77.022,
272,87.204,79.246,128.479,83.004,130.713,85.592,54.283,56.400,84.883,89.046,80.792,74.283,41.596,39.492,59.471,75.233,85.150,97.279,48.138,73.521,89.442,73.208,75.604,53.788,48.883,80.492,58.575,66.933,
273,67.463,85.192,130.446,75.296,112.725,92.496,66.983,67.829,83.708,83.546,87.042,68.650,40.900,70.650,53.875,74.754,74.325,66.713,71.863,50.425,80.763,71.300,57.713,58.083,59.254,97.254,57.546,87.233,
274,63.150,94.483,110.708,69.342,90.846,78.783,81.171,90.992,88.408,89.483,61.183,55.842,66.992,47.058,62.008,61.133,58.700,41.779,81.413,52.942,87.138,73.992,62.013,67.800,63.608,81.392,73.321,54.278,
275,98.104,93.354,111.871,73.558,68.500,52.100,65.229,88.592,77.600,88.488,47.454,69.421,66.625,64.292,48.954,77.375,84.117,71.929,72.313,73.629,71.313,59.308,81.446,55.429,72.208,88.533,56.838,68.367,
276,99.896,89.567,97.133,60.350,83.358,103.571,57.142,84.208,66.704,83.396,91.104,68.558,79.021,71.183,55.092,46.033,62.113,73.933,77.667,83.079,83.296,81.654,77.613,78.588,67.896,103.008,48.742,54.228,
277,77.563,106.054,116.721,55.783,125.400,87.779,61.813,74.975,56.125,60.900,71.000,63.625,84.488,50.688,39.750,82.221,84.371,74.246,66.608,56.317,67.546,72.692,88.858,74.817,57.171,104.313,77.079,67.489,
278,84.867,106.796,115.233,87.638,100.708,79.458,62.196,50.750,51.279,83.121,77.563,66.246,72.267,40.608,49.929,76.500,84.021,72.625,70.638,72.654,83.271,80.971,91.071,43.263,52.854,72.208,71.242,71.211,
279,87.071,92.496,125.113,82.150,104.396,58.333,41.188,63.738,76.025,80.563,85.604,67.829,50.133,44.313,40.225,85.533,64.967,65.142,52.571,86.754,85.696,73.404,67.400,52.500,43.583,72.813,63.571,66.494,
280,81.846,66.254,137.729,72.917,96.208,85.308,44.496,83.954,74.179,97.213,95.871,66.517,38.858,58.133,70.775,76.492,56.667,64.142,62.863,89.338,70.533,59.608,47.158,41.529,50.929,85.308,70.242,68.967,
281,82.233,110.075,141.733,76.154,90.625,60.638,63.154,90.279,83.200,116.946,77.333,60.096,62.321,57.317,73.733,82.138,88.154,50.108,64.900,72.054,70.858,66.817,53.746,65.892,54.883,75.463,81.375,55.839,
282,98.429,119.538,142.867,76.204,65.175,54.338,68.592,128.446,84.083,90.050,57.871,66.496,83.425,66.067,57.525,81.967,75.871,73.538,87.725,80.863,67.033,68.946,69.892,60.263,63.267,70.658,53.146,59.906,
283,92.100,109.304,150.113,59.729,82.533,83.300,81.975,89.242,80.729,71.988,98.125,74.117,74.808,68.100,42.338,56.013,91.796,83.817,92.129,62.892,40.638,70.383,83.238,83.200,58.875,57.271,39.817,48.228,
284,76.096,114.871,170.525,62.888,109.208,91.475,65.696,73.921,69.192,60.296,84.767,95.900,88.321,63.046,51.508,88.400,61.971,74.108,64.171,61.733,44.279,88.200,84.713,77.329,53.929,45.821,60.075,58.861,
285,133.321,97.346,133.746,76.729,116.300,95.871,74.071,74.383,57.688,73.142,91.283,83.904,72.346,54.650,65.517,98.400,89.254,76.167,67.454,48.288,65.517,63.188,78.017,71.592,72.954,60.608,60.430,41.472,
286,144.388,126.725,158.854,84.671,101.621,109.592,48.888,55.592,82.596,79.608,107.458,56.196,66.688,42.154,74.654,109.604,109.871,61.533,57.529,84.604,77.754,95.408,61.204,75.713,60.354,52.150,83.363,77.733,
287,109.496,101.288,163.404,81.171,111.971,85.300,53.017,93.588,74.108,74.942,104.817,43.379,49.908,70.150,72.104,97.900,116.658,43.229,85.325,76.388,108.038,85.021,72.813,57.167,65.408,71.308,66.796,70.717,
288,48.679,115.150,163.950,92.725,108.246,80.254,71.067,76.783,93.821,95.383,70.921,49.671,63.104,87.463,50.296,65.542,70.742,41.092,81.196,73.754,79.938,80.438,57.258,66.425,59.425,54.746,65.104,50.772,
289,63.167,84.588,138.742,80.779,72.200,50.538,74.183,66.383,83.267,86.450,47.871,65.667,64.813,67.688,54.583,68.975,67.792,63.904,86.888,81.950,84.258,82.008,65.071,59.733,70.854,65.679,62.042,53.056,
290,83.075,100.725,127.175,64.438,72.279,75.550,103.542,85.750,78.779,54.821,95.163,69.038,81.900,87.433,53.742,67.683,77.767,56.142,101.950,66.963,81.946,75.900,61.775,55.079,70.133,71.704,60.167,61.689,
291,89.950,103.346,103.217,47.029,88.096,75.192,72.392,69.496,62.008,66.308,90.154,69.504,72.367,97.588,45.667,78.742,90.829,56.392,92.329,58.138,58.571,86.392,59.892,60.671,59.413,67.713,59.121,61.894,
292,97.242,106.408,98.133,81.179,102.213,77.263,48.879,57.292,63.854,76.188,87.554,66.129,64.933,62.700,59.138,77.221,97.779,56.138,91.567,50.496,68.525,81.688,51.200,63.175,67.313,55.367,62.654,62.178,
293,94.017,106.975,112.317,79.150,104.321,80.446,45.050,49.167,60.088,94.308,87.721,67.025,63.438,45.100,60.996,60.558,89.788,51.879,83.554,68.742,65.146,95.646,50.650,58.642,60.608,53.208,63.967,68.317,
294,89.442,98.496,112.504,86.788,117.246,94.988,44.038,70.808,63.788,105.858,87.642,63.475,52.342,70.579,70.900,50.942,75.167,51.208,90.158,84.783,77.554,90.867,51.850,57.442,58.946,55.408,68.338,70.500,
295,80.679,108.858,119.838,68.629,110.267,57.113,71.971,84.983,85.604,110.879,55.671,49.521,66.308,72.933,52.288,59.533,72.575,52.700,73.513,59.992,78.979,92.963,42.621,73.746,54.829,62.692,73.575,56.067,
296,85.963,106.333,115.042,74.521,109.283,44.283,85.775,81.946,109.158,98.863,47.704,81.096,67.979,77.858,56.550,52.550,59.596,73.475,74.846,71.904,80.304,88.125,51.950,86.896,51.363,63.325,78.983,58.794,
297,92.446,115.213,108.817,66.117,91.588,87.671,68.513,71.450,107.063,82.992,103.333,75.700,67.742,66.650,65.033,69.733,87.200,90.813,83.108,57.825,86.404,77.642,68.771,74.017,54.342,82.746,70.308,54.006,
298,93.213,110.067,101.646,62.383,93.296,81.367,62.783,105.663,110.258,61.075,97.208,73.892,66.913,75.208,65.488,65.917,81.850,101.833,76.854,81.708,68.250,70.979,64.225,73.217,59.126,105.321,60.996,51.622,
299,100.933,108.633,96.492,61.996,101.200,86.763,72.713,104.408,82.484,84.050,96.838,73.450,61.354,54.325,56.754,62.971,96.350,99.833,74.846,60.042,71.046,84.221,51.329,76.804,61.679,87.025,56.546,51.778,
300,99.621,102.325,98.746,74.775,104.538,87.871,63.479,97.858,88.829,102.458,107.404,71.829,75.733,52.413,68.471,80.058,100.171,98.188,74.550,70.538,77.346,101.417,52.533,76.488,64.371,76.171,63.329,59.422,
301,86.338,84.154,103.300,82.308,104.688,78.179,48.838,74.592,109.675,96.846,92.192,48.908,59.608,69.883,77.442,74.517,98.063,96.958,87.108,88.700,88.779,106.954,52.833,65.671,66.558,109.500,59.888,62.122,
302,78.996,96.971,110.600,91.158,99.933,87.713,65.821,91.000,107.388,87.392,68.625,44.884,64.617,68.717,63.683,61.596,79.654,77.025,94.050,81.342,84.713,97.942,54.388,63.179,65.658,101.221,57.967,75.733,
303,99.004,103.271,105.708,98.779,70.879,73.017,57.196,107.742,94.438,78.304,48.450,83.496,65.725,75.029,64.375,66.346,63.217,66.525,89.250,93.833,72.008,91.800,67.275,78.146,70.708,73.571,66.438,69.525,
304,106.671,103.458,85.954,88.296,52.579,81.492,74.517,112.646,95.967,75.896,82.050,95.088,72.129,83.638,56.067,61.021,72.733,81.342,73.475,93.100,73.229,94.017,59.267,84.404,69.950,69.063,77.525,68.547,
305,103.854,104.713,83.950,76.138,83.250,103.079,62.879,113.904,108.954,80.896,97.217,99.613,70.988,67.646,53.628,65.013,86.183,67.821,80.167,82.013,54.317,108.517,58.308,72.867,75.213,93.033,95.742,94.535,
306,103.108,104.792,90.933,81.029,95.288,104.963,55.296,104.050,111.733,83.488,85.946,93.125,82.721,62.583,74.829,80.338,97.621,90.533,74.000,61.780,77.892,132.792,61.108,73.904,81.729,105.567,103.233,94.959,
307,99.883,102.067,106.625,86.704,81.225,96.550,50.025,95.929,92.038,90.463,90.650,91.533,63.438,63.824,83.338,100.404,101.746,86.979,71.408,63.092,87.304,116.954,59.571,75.271,68.533,107.058,101.357,108.226,
308,98.508,95.067,118.913,83.154,104.079,109.558,44.579,87.221,90.538,85.250,90.963,92.538,60.560,70.796,94.113,96.063,71.479,100.571,88.179,92.563,85.075,100.029,92.754,94.004,84.525,96.304,107.163,71.212,
309,69.679,100.288,107.408,87.708,101.029,100.113,73.425,90.788,109.338,97.275,63.254,56.163,70.246,75.371,96.508,89.717,69.817,62.956,81.100,89.192,86.283,113.683,80.920,94.258,93.921,86.008,103.350,67.371,
310,87.204,97.946,113.283,74.604,126.067,74.929,77.963,105.567,118.850,93.663,104.192,50.913,72.154,92.388,67.246,87.363,103.228,80.150,94.417,90.667,87.317,106.242,60.525,81.354,94.350,84.246,76.750,62.850,
311,96.179,100.350,113.358,77.542,102.625,93.667,89.829,118.296,113.054,98.554,95.904,98.008,68.429,64.733,95.792,75.024,97.258,99.354,90.029,99.083,92.775,103.121,79.729,101.404,106.692,92.467,68.933,111.150,
312,96.908,103.713,109.608,95.367,93.900,104.263,88.346,102.729,109.563,66.546,106.888,76.575,73.779,77.254,76.125,81.125,98.038,103.104,81.988,92.050,86.758,108.433,85.083,105.738,111.058,108.921,91.292,111.256,
313,94.271,105.971,102.142,96.792,108.521,104.833,86.892,100.492,71.346,82.704,73.146,84.904,59.150,83.325,82.050,84.013,101.467,96.129,88.950,94.850,96.346,116.267,96.413,112.175,119.096,115.621,98.996,82.759,
314,94.713,104.238,106.704,102.479,111.213,104.742,48.179,89.554,89.538,92.738,65.096,102.333,75.396,72.442,76.608,90.517,104.196,89.446,88.608,90.067,96.625,113.171,109.775,117.179,115.925,116.329,87.533,120.155,
315,96.129,104.221,108.583,103.133,111.221,113.654,45.613,106.275,88.908,81.158,76.683,83.113,83.271,83.175,80.513,74.858,102.471,102.550,80.008,89.096,84.371,123.879,96.958,110.975,105.433,106.271,84.971,92.256,
316,95.708,105.663,111.904,110.517,117.717,94.708,69.358,94.804,103.554,91.550,74.771,96.175,87.929,81.904,95.179,82.779,97.154,97.858,89.867,90.121,89.733,120.025,84.721,108.533,104.538,127.192,73.421,87.994,
317,89.479,97.463,114.842,96.600,106.479,84.767,87.750,82.533,105.833,97.796,61.446,104.213,110.958,94.408,82.838,75.313,87.413,108.183,100.900,124.908,98.300,97.004,78.188,91.329,103.621,122.733,89.808,100.544,
318,100.704,100.100,109.138,75.563,97.083,94.583,72.429,83.288,96.663,105.313,79.192,97.542,108.813,113.317,79.204,51.246,100.775,97.025,83.725,123.017,96.325,105.975,78.504,100.846,102.675,118.075,75.238,85.872,
319,101.013,99.600,113.379,59.325,95.700,105.313,72.713,91.754,90.054,101.638,93.254,99.204,117.783,72.750,74.308,59.871,103.088,89.933,76.779,105.629,102.883,113.554,106.800,104.913,95.354,107.858,72.229,92.967,
320,102.483,112.325,113.800,68.983,118.175,117.592,87.217,100.138,83.375,89.567,103.754,95.658,88.675,57.658,76.992,78.933,110.654,97.704,95.671,123.275,99.063,101.633,97.700,95.929,95.867,93.017,84.600,105.894,
321,102.417,112.846,114.125,86.367,140.492,119.667,76.000,106.900,96.717,100.613,109.792,93.100,62.333,52.663,88.833,114.750,104.967,106.854,100.400,117.113,103.204,98.996,98.713,113.133,95.038,104.304,133.983,115.656,
322,103.996,106.204,116.450,94.675,130.567,111.725,72.208,101.308,92.558,94.533,116.854,65.921,55.817,70.163,115.913,106.158,92.388,114.025,94.179,120.454,116.129,111.471,100.621,108.079,94.054,114.942,129.946,102.783,
323,97.454,105.821,110.600,113.746,118.750,110.567,69.217,67.208,98.633,89.550,100.958,64.329,76.704,65.404,103.275,95.758,99.979,99.508,71.625,127.804,101.104,120.758,91.933,102.725,89.767,113.058,114.971,111.828,
324,130.467,111.017,107.679,108.967,110.550,70.688,94.038,108.583,117.075,100.896,82.308,75.600,71.175,101.675,96.788,100.433,105.546,107.179,88.067,112.871,99.638,116.517,84.088,118.804,83.142,126.075,98.967,92.772,
325,144.529,119.196,108.063,99.721,132.913,93.821,90.625,117.350,126.421,119.754,112.029,68.079,87.617,103.379,90.513,79.850,122.100,126.396,100.700,105.817,110.667,81.975,86.517,126.729,79.704,125.058,96.967,94.011,
326,133.583,111.158,99.371,75.021,120.317,94.971,83.833,99.538,123.550,91.600,108.358,77.200,70.117,93.183,63.792,102.017,95.488,76.654,101.104,104.196,103.592,123.288,74.125,100.392,110.188,126.304,114.133,90.383,
327,95.167,118.213,86.854,103.263,158.325,123.629,68.879,118.504,83.621,107.375,122.521,71.854,74.150,75.296,80.550,111.250,83.733,73.346,99.538,74.225,122.821,124.292,55.246,108.350,108.963,112.967,111.446,94.950,
328,103.183,131.596,117.879,104.971,141.342,107.858,90.038,99.967,92.554,102.488,95.954,61.850,81.196,80.508,75.967,126.446,88.492,81.750,85.154,98.033,103.142,116.858,76.050,94.167,91.188,127.367,106.009,106.467,
329,127.125,95.763,137.492,92.279,157.254,73.771,71.596,118.663,103.754,94.421,80.958,63.363,83.550,84.279,81.004,105.629,86.517,79.746,117.988,99.950,88.450,107.171,95.200,75.725,91.725,118.708,114.279,63.806,
330,138.546,105.900,137.771,57.588,125.242,83.854,98.650,133.038,105.171,74.242,104.754,67.813,125.683,115.842,75.329,107.258,97.942,100.917,115.533,90.858,106.854,99.333,68.900,102.088,105.475,99.896,93.350,95.878,
331,152.354,112.704,90.133,53.417,108.396,82.046,115.342,105.867,84.604,72.329,98.600,109.138,115.288,107.404,71.742,79.279,67.608,116.471,103.842,72.767,110.717,107.725,59.738,87.067,129.225,101.817,96.167,76.256,
332,149.221,116.133,95.171,47.933,112.800,103.642,118.229,96.742,72.700,68.633,125.425,130.129,98.042,89.850,82.875,97.271,99.108,106.500,93.675,73.713,96.646,113.863,75.758,82.388,114.404,125.579,79.383,88.389,
333,159.454,74.588,106.363,50.521,152.225,124.425,109.504,85.263,70.067,84.608,104.742,134.950,99.846,84.683,85.867,111.017,107.767,85.979,108.217,93.283,132.642,100.871,67.521,107.738,108.633,112.767,85.483,106.317,
334,189.950,94.396,97.704,93.954,146.650,120.492,97.967,91.567,71.729,126.992,104.867,99.546,97.563,67.467,87.617,120.692,101.900,113.592,89.138,124.563,105.658,118.833,92.833,77.104,109.567,111.463,127.533,94.311,
335,173.238,126.717,119.900,104.238,139.663,130.954,77.675,98.742,85.629,126.425,112.229,84.475,100.917,72.083,105.567,107.396,93.408,119.129,73.767,88.550,101.283,120.729,97.525,72.583,112.296,95.571,134.658,109.283,
336,170.408,124.983,139.638,97.492,139.492,115.858,56.963,118.838,91.221,130.096,112.317,120.067,75.521,112.908,100.592,105.917,100.808,102.158,96.667,87.433,90.746,114.746,101.592,92.196,118.721,109.942,109.058,104.994,
337,173.000,136.738,154.142,114.525,145.450,102.275,71.825,131.708,124.146,115.113,97.338,89.604,70.392,74.213,112.588,105.779,93.004,117.746,109.329,100.396,115.613,113.392,75.879,99.704,106.354,106.988,162.546,105.183,
338,160.033,144.050,145.750,74.463,163.425,80.842,115.275,121.104,122.021,124.771,84.546,102.842,60.708,120.446,113.696,98.858,108.975,102.846,78.538,124.708,73.113,91.346,98.913,104.792,104.292,111.321,144.071,78.567,
339,156.496,152.221,155.775,91.625,165.258,104.229,98.079,121.579,115.113,123.508,104.642,121.996,55.663,120.388,103.550,86.517,121.183,106.792,87.492,141.054,102.788,91.929,120.546,121.175,92.958,121.958,158.225,99.378,
340,170.129,152.654,155.925,81.221,168.850,130.604,90.842,110.083,98.925,107.092,96.138,128.775,84.350,120.333,65.746,101.613,105.717,104.821,104.583,126.863,102.113,122.700,118.713,124.138,94.758,119.279,137.304,94.400,
341,168.388,125.175,150.725,109.692,158.338,130.092,77.350,116.979,94.892,111.646,102.992,113.288,90.150,83.675,119.133,95.846,116.725,149.713,111.225,116.717,80.092,129.429,121.713,126.604,110.575,119.154,136.325,116.806,
342,185.908,117.667,136.633,105.658,168.688,131.000,70.488,84.404,88.000,145.108,118.263,112.175,114.617,63.396,130.767,103.663,120.725,120.888,125.167,126.954,80.563,132.504,102.383,121.583,91.908,112.025,124.517,107.567,
343,182.996,103.721,164.142,113.021,167.625,135.150,54.492,104.771,115.671,119.079,113.650,116.467,74.958,79.338,121.783,103.567,118.721,140.496,107.204,127.354,92.583,131.596,111.129,119.117,100.663,110.046,138.088,100.022,
344,177.017,133.071,157.692,112.267,159.933,111.433,90.892,116.508,130.667,108.538,96.854,79.596,141.883,99.171,120.171,106.375,107.713,138.563,113.050,122.679,102.429,130.129,118.417,110.400,103.513,83.188,159.779,97.306,
345,163.838,126.525,157.133,112.350,142.271,109.363,118.183,114.317,130.221,92.488,85.479,104.121,103.542,73.425,108.954,95.008,100.633,142.975,125.429,94.579,112.067,123.129,120.492,101.271,92.071,113.792,154.683,69.361,
346,138.104,109.113,160.092,108.988,121.446,123.121,96.279,96.396,111.913,81.983,107.238,105.358,85.192,108.138,108.504,69.888,110.100,153.229,115.071,110.442,95.642,104.142,110.513,91.229,94.575,113.500,157.079,90.150,
347,203.692,94.813,160.592,82.717,151.650,134.108,110.350,96.975,109.225,101.354,118.504,107.933,99.813,85.529,114.204,80.546,134.525,150.875,124.575,96.033,74.317,115.325,111.654,85.767,101.250,117.367,148.913,118.594,
348,185.017,106.417,121.371,86.383,141.750,131.171,92.683,90.029,121.458,114.838,118.704,105.683,105.904,70.858,101.121,69.192,133.133,158.196,99.075,112.079,85.567,119.725,109.629,92.229,95.425,115.833,142.504,115.200,
349,175.717,107.013,142.271,116.288,175.779,143.558,77.617,77.492,135.000,104.267,134.425,64.804,80.371,127.883,131.567,59.858,107.083,160.100,71.575,114.863,86.404,110.225,103.813,70.446,74.638,116.063,131.417,96.828,
350,159.850,99.317,151.921,123.242,151.508,122.058,74.825,88.079,128.096,111.650,113.525,58.192,59.492,96.638,104.233,58.963,67.329,141.792,106.979,120.017,112.113,122.983,90.633,79.796,97.079,101.388,125.017,128.372,
351,155.208,120.792,131.758,129.813,144.967,108.333,82.108,108.296,128.904,157.400,100.808,93.313,66.567,103.488,86.571,94.129,94.600,156.638,100.933,110.433,106.663,131.279,93.942,91.363,100.075,96.504,160.942,115.228,
352,168.567,152.575,150.883,114.833,160.646,89.271,97.617,105.883,121.638,150.454,99.117,122.600,87.213,103.288,78.946,98.942,78.963,141.683,93.004,133.663,117.317,132.521,87.700,82.517,72.667,82.242,164.813,102.650,
353,174.621,145.017,140.796,121.017,118.575,118.554,106.208,105.646,117.325,140.733,108.317,105.129,124.375,125.233,76.142,75.683,114.113,159.254,115.883,131.529,123.454,130.675,92.904,93.454,67.050,87.538,159.467,132.183,
354,165.538,158.988,144.642,154.967,153.313,132.408,123.638,92.367,115.567,119.117,97.625,108.704,112.204,130.588,64.679,100.296,93.179,137.008,101.742,147.938,99.258,133.375,90.229,75.717,67.279,90.625,141.300,124.033,
355,178.942,148.342,131.413,148.258,166.329,137.329,109.017,84.692,84.917,133.863,98.750,119.717,127.775,111.338,75.646,114.821,108.075,142.283,104.663,109.946,108.392,129.800,92.679,71.379,68.433,97.079,154.863,117.400,
356,181.167,158.092,134.025,175.542,167.188,125.346,95.763,77.238,115.375,144.908,101.929,94.500,98.775,102.838,79.867,95.483,107.558,144.725,88.621,108.279,77.225,131.779,102.000,84.725,68.250,122.542,139.204,123.300,
357,178.725,137.354,151.738,158.675,180.063,102.442,89.333,86.796,131.133,149.675,94.258,95.354,90.479,99.817,107.271,88.838,118.608,117.258,83.183,111.183,74.133,135.267,118.413,74.079,67.554,81.063,112.258,135.939,
358,183.388,132.325,146.313,153.167,182.017,101.358,78.258,104.904,111.579,138.063,85.521,88.004,82.300,142.283,97.475,105.350,134.508,98.175,80.754,117.925,80.542,136.433,130.329,81.525,94.438,109.767,105.675,107.867,
359,174.692,133.713,114.375,87.350,153.413,71.900,77.217,81.888,86.900,118.288,73.842,81.558,78.479,100.233,76.192,74.983,102.033,120.433,97.983,103.729,89.758,120.342,113.450,76.575,83.542,93.204,148.596,106.433,
360,175.383,135.358,132.625,62.363,138.679,71.267,93.658,93.750,82.367,117.225,73.600,80.113,100.708,94.783,103.475,71.179,121.054,108.358,91.975,110.175,74.013,137.738,129.413,71.758,92.525,99.688,112.363,103.311,
361,166.654,146.750,134.467,61.425,159.458,93.604,116.846,106.067,110.358,88.067,81.192,81.296,137.567,99.221,110.671,82.617,81.146,134.446,99.954,102.638,82.054,147.742,109.025,115.408,84.442,76.725,151.421,66.683,
362,150.188,139.188,100.967,77.917,167.488,125.350,97.913,97.192,110.892,103.071,82.346,110.283,132.204,85.479,97.146,114.400,84.438,129.538,96.288,110.467,110.621,123.817,115.621,118.550,94.429,101.717,159.983,68.211,
363,132.992,93.783,124.408,67.617,153.354,132.421,88.113,78.592,128.004,121.042,76.575,93.813,90.958,87.079,123.846,99.983,93.838,134.146,79.692,134.375,102.858,113.496,96.729,71.142,88.671,118.100,158.350,63.483,
364,116.188,93.300,132.983,92.929,165.213,132.783,75.654,86.613,133.108,131.567,79.492,85.704,67.067,103.900,116.742,100.938,76.617,167.013,102.971,142.846,108.708,132.538,65.796,75.129,96.575,110.213,145.971,70.078,
365,104.867,116.842,136.767,102.192,160.121,112.079,72.867,99.775,123.754,122.696,81.913,73.392,97.117,113.250,104.892,134.567,97.275,149.342,97.004,154.025,116.213,130.446,77.871,94.933,78.667,119.721,165.846,63.672,
366,,78.021,,,,91.492,,,,110.504,,,,76.083,,,,149.283,,,,131.467,,,,109.004,,,
Notes:
1995-2023 Priest Rapids Daily Average Outflow (KCFS)
Generated 03 Apr 2023 10:32:01 PDT. DART Columbia Basin Conditions All Years www.cbr.washington.edu/dart/query/basin_conditions_hist.

"DART Data Citation. Columbia River DART, Columbia Basin Research, University of Washington. (2023). Columbia Basin Conditions All Years. Available from https://www.cbr.washington.edu/dart/query/basin_conditions_hist."
