day,1975,1976,1977,1978,1979,1980,1981,1982,1983,1984,1985,1986,1987,1988,1989,1990,1991,1992,1993,1994,1995,1996,1997,1998,1999,2000,2001,2002,2003,2004,2005,2006,2007,2008,2009,2010,2011,2012,2013,2014,2015,2016,2017,2018,2019,2020,2021,2022
1,,,,3.5000,,,,,,,,,,,,,,,,,,,92.6583,,,,,,,,,,,,,,,,,,,,,,,,,
2,,,,1.0208,,,,,,,,,,,,,,,,,,,106.7167,,,,,,,,,,,,,,,,,,,,,,,,,
3,,,,,,,,,,,,,,,,,,,,,,,84.2750,,,,,,,,,,,,,,,,,,,,,,,,,
4,,,,,,,,,,,,,,,,,,,,,,,58.4083,,,,,,,,,,,,,,,,,,,,,,,,,
5,,,,,,,,,,,,,,,,,,,,,,,27.2583,,,,,,,,,,,,4.2292,,,,,,,,,,,,,
6,,,,,,,,,,,,,,,,,,,,,,,23.8417,,,,,,,,,,,,,,,,,,,,,,,,,
7,,,,,,,,,,,,,,,,,,,,,,,25.9583,,,,,,,0.2750,,,,,,,,,,,,,,,,,,
8,,,,,,,,,,,,,,,,,,,,,,,32.2875,,,,,,,,,,,,,,,,,,,,,,,,,
9,,0.7083,,0.6333,,,,,,,,,,,,,,,,,,2.1917,48.3208,,,,,,,,,,,,,,,,,,,,,,,,,
10,,,,6.5250,,,,,,,,,,,,,,,,,,3.7625,44.9458,,,,,,,,,,,,,,,,,,,,,,,,,
11,,,,4.6958,,,,,,,,,,,,,,,,,,,23.1958,,,,,,,,,,,,,,,,,,,,,,,,,
12,,,,4.3458,,,,,,,,,,,,,,,,,,,16.0208,,,,,,,,,,,,,,,,,,,,,,,,,
13,,,,4.3167,,,,,,,,,,,,,,,,,,0.7792,4.1250,,,,,,,,,,,,,,,,,,,,,,,,,
14,,,,8.0833,,,,,1.3833,,,,,,,,,,,,,8.7833,10.9042,,,,,,,,,,,,,,,,,,,,,,,,,
15,,,,7.4833,,,,,,,,,,,,,,,,,,8.8458,5.6375,,,,,,,,,,,,,,,,,,,,,,,,,
16,,8.4583,,8.7000,,,,,,,,,,,,,,,,,,5.7542,11.3208,,,,,,,,,,,,,,,,,,,,,,,,,
17,,18.1667,,9.8542,,,,,,,,,,,,,,,,,,5.4750,7.6333,,,,,,,,,,,0.0583,,,,,,,,,,,,,,
18,,15.6250,,19.5792,,,,,,,,,,,,,,,,,,4.7208,23.8167,,,,,,,,,,,,,,,,,,,,,,,,,
19,,12.3542,,16.6708,,,,,,,,,,,,,,,,,,3.9042,26.8875,,,,,,,,,,,,,,,,,,,,,,,,,
20,,8.1375,,3.4167,,,,,,,,,,,,,,,,,,4.7167,19.3333,,,,,,,0.0708,,,,,,,,,,,,,,,,,,
21,,2.5833,,15.3083,,,,,,,,,,,,,,,,,,1.6708,33.4958,,,,,,,0.0708,,,,,,0.1375,,,,,,,,,,,,
22,,5.4875,,11.3333,,,,,,,,,,,,,,,,,,4.0333,14.0375,,,,,,1.9583,,,,,,,,,,,,,,,,,,,
23,,1.2083,,6.8000,,,,,,,,,,,,,,,,,,,7.5833,,,,,,,,,,,,,,,,,,,,,,,,,
24,,1.3833,,11.4833,,,,,,,,,,,,,,,,,,,4.9333,,,,,,,,,,,,,,,,,,,,,,,,,
25,,,,6.3042,,,,,,,,,,,,,,,,,,,5.6500,,,,,,,,,,,,,,,,,,,,,,,,,
26,,,,7.7083,,,,,,,,,,,,,,,,,,,19.2875,,,,,,,,,,,,,0.0625,,,,,,,,,,2.3167,,
27,,6.1292,,4.0875,,,,,,,,,,,,,,,,,,,7.6083,,,,,,,,,,,,,,,,,,,,,,,,,
28,,17.2542,,2.5042,,,,,,,,,,,,,,,,,,,2.6250,,,,0.0708,,,0.8833,,,,,,,,,,,,,,,,1.6875,,
29,,,,,,,,,,,,,,,,,,,,,,,6.8292,,,,,,,,,,,,,,,,,,,,,,0.6458,,,
30,,,,,,,,,,,,,,,,,,,,,,,20.4375,,,,,,,,,,,,,,,,,,,,,,,,,
31,,,,,,,,,,,,,,,,,,,,,,,12.7250,,,,,,,,,,,,,,,,,,,,,,,,,
32,,,,,,,,,,,,,,0.1417,,,,,,,,,8.3708,,,,,,7.7333,,,,,,,,,,,,,,,,,,,
33,,,,,,,,,,,,,,,,,,,,,,,10.6833,,,,,,4.3125,,,,,,,,,,,,,,,,,,,
34,,,,,,,,,,,,,,,,,,,,,,,15.2792,,,,,,,,,,,,,,,,,,,,,,,,,
35,,5.4167,,,,,,,,,,,,,,,,,,,,,27.9042,,,,,,,,,,,,,,,,,,,,,,,,,
36,,1.3333,,,,,,,,,,,,,,,,,,,,1.7833,25.3667,,,,,,,,,,,,,,,,,,,,,,,,,
37,,,,,,,,,,,,,,,30.6542,,,,,,,5.0917,23.6375,,,,,,,,,,,,,,,,,,,,,,,,,
38,,,,,,,,,,,,,,,,,,,,,,22.1750,16.6125,,,,,,,,,,,,,,,,,,,,,,,,,
39,,,,,,,,,,,,,,,,,,,,,,38.8667,0.0292,,,,,4.1583,,,,,,,,,,,,,,,,,,,0.0208,
40,,,,,,,,,,,,,,,,,,,,,,47.9458,0.8250,,,,,,,,,,,,,,,,,,,,,,,,,
41,,,,,,,,,,,,,,,,,,,,,,11.2667,20.5667,,,,,,,,,,,,,,,,,,7.2375,,,,,,,
42,,0.9125,,2.1042,,,,,,,,,,,,,,,,,,28.1250,18.8500,,,,,,,,,,,,,,,,,,,,,,,,,
43,,17.4417,,,,,,,,,,,,,,,,,,,,39.3500,23.5875,,,,,,,,,,,,,,,,,,,,,,,,,
44,,19.9583,,,,,,,,,,,,,,,,,,,,47.9917,28.3625,,,,,,,,,,,,,,,,,,,,,,,,,
45,,21.4583,,,,,,,,,,,,,,,,,,,,39.0792,25.9167,,,,,,,,,,,,,,,,,,,,0.9000,,,,,
46,,21.1792,,,,,,,,,,,,,,,,,,,,37.7583,4.0542,,,,,,,,,,,,,,,,,,,,4.2000,,,,,
47,,21.5458,,,,,,,,,,,,,,,,,,,,35.5292,2.6792,,,,,,,,,,,,,,,,,,,,4.4000,,,,,
48,22.3875,21.4208,,,,,,,,,,,,,,,,,,,,40.5417,15.1958,,,,,,,,,,,,,,,,,,0.0708,,0.6000,,,,,
49,27.4333,23.2625,,,,,,20.4208,,,,,,,,,,,,,,58.9000,29.1208,,,,,,,,,,,,,,,,,,,,,,,,,
50,51.2625,19.3000,,,,,,20.9500,,,,,,,,,,,,,,48.4208,37.3625,,,,,,,,,,,,,,,,,,,,,,,,,
51,49.5708,18.6750,,,,,,8.8000,42.9792,,,,,,,,,,,,,50.1250,42.2625,,,,,,,,,,,,,,,,,,,,2.5000,,,,,
52,66.0417,18.3000,,,,,,14.2542,54.2750,,,,,,,,,,,,,44.9917,33.1083,1.7958,,,,,,,,,,,,,,,,,,,3.1000,,,,,
53,63.5708,18.8458,,,,,,24.6708,50.6083,,,,,,,,,,,,,34.1500,9.1083,,0.1625,,,,,,,,,,,,2.4917,,,,,,23.5000,,,,,
54,57.5652,16.2000,,,,,,50.8500,75.8958,,,,,,,,,,,,,19.8792,6.5917,,,,,,,,,,,,,,0.0458,14.9208,,,,,15.4000,,,,,
55,43.9583,17.5500,,,,,,48.1958,72.8958,,,19.9792,,,,,,,,,,37.0292,2.3167,,0.3792,,,,,,,,,,,,,,,,,,2.4000,,,,,
56,45.6042,14.2833,,,,,,70.4500,67.1458,,,34.6042,,,,,,11.6500,,,,45.8333,,,,,,,,,,,,,,,,,,,,,,,,,,
57,50.1250,11.7750,,,,,,52.7917,64.1792,,,39.3125,,,,,,2.7208,,,,16.6000,,,,,,,,,,,,,,,,,,,,,,,,,,
58,53.7333,18.8625,,,,,,45.2292,80.3333,,,41.1333,,,,,,8.9750,,,,23.9208,,,,,,,,,,,,,,,,,,,,,3.2000,,,,,
59,53.3500,25.8458,,,,,,74.5542,71.7458,,,45.5000,,,,,,2.7000,,,,2.4708,,,,,,,,,,,,,,,,,,,,,3.0000,,,,,
60,49.6000,28.1000,,,,,,58.9250,50.5583,,,43.4458,,,,,,,,,,14.7958,,,,,,,,,,,,,,,,,,,,,1.8000,,,,,1.5708
61,50.4750,29.5875,,,,,,31.3333,43.9167,,,74.6000,,,,,,,,,,36.2000,,,,,,,,,,,,,,,,,,,,,,,,,1.1625,
62,62.5583,27.4583,,,,,,42.8167,56.6208,,,47.6292,,,,,,,,,,22.1958,11.1792,,,,,,,,,,,,,,,,,,,,,,,,,1.4542
63,61.6042,25.4000,,,,,,63.0167,36.0708,,,28.0125,,,,,,,,,,16.9875,7.8458,,,,,,,,,,,,,,,,,,,,,,,,1.1667,
64,65.6000,19.3542,,,,,,75.1292,54.3958,,,22.9333,,,,,,,,,,36.7583,4.3542,,,,,,,,,,,,,,,,,,,,,,,,,
65,63.6000,15.6250,,,,,,85.7333,107.6917,,,31.7792,,,,,,,,,,33.7458,,,,,,,,,,,,,,,,,,,,,,,,,,1.9182
66,63.9500,14.3583,,,,,,91.2958,25.6750,,,17.6292,,,,,,,,,,39.7583,,,,,,,,,,,,,,,,,,4.7083,,,,,,,1.1875,
67,68.5417,14.0000,,,,,,70.1917,15.2917,,,53.5667,,,,,,,,,,42.9292,,,0.1167,,,,,,,,,,,,,,,,,,9.3000,,,,,
68,79.1500,14.1208,,,,,,74.5833,30.0625,,,76.1333,,,,,,,,,,35.7542,,,,,,,,,,,,,,,,,,,,,14.0000,,,,1.1667,
69,85.9667,12.3542,,3.1875,,,,90.1958,28.7458,,,63.9083,,,,,,,,,,38.9125,,,,,,,,,,,,,,,,,,21.6042,,,45.5000,,,,,
70,78.7500,,,,,,,81.6083,38.1625,,,67.4625,,,,,,,,,,41.1917,11.1417,,,,,,,,,,,,,,,,3.8375,22.7875,,2.8000,62.0000,,,,1.2000,
71,80.9250,,,,,,,53.8750,69.3583,,,86.5500,,,,,,,,,,48.3167,14.0583,,,,,,,,,,0.3375,,,,,,,1.7542,,,52.3000,,,,,
72,77.0042,,,,,,,73.1625,94.1708,,,69.7667,,,,,,,,,,46.9417,10.1292,,,,,,,,,,,,,,,,,,,,49.6000,,,,,
73,71.8667,,,,,,,82.1625,83.5958,,,69.0542,,,,,,,,,5.5333,34.2958,,,,,,,,,,,,,,,,,,,,,56.3000,,,,1.2000,
74,67.0667,,,,,,,52.8542,93.0750,,,43.5583,,,,,,,,,6.8375,43.3417,,,,,,,,,,,,,,,,,,15.2167,,,74.7000,,,,,
75,62.2167,,,,,,,35.4583,101.1667,,,25.0500,,,,,,12.2000,,,,44.2792,,,,,,,,,,,,,,0.4750,,,,20.1708,,,100.7000,,,,1.1583,
76,67.0542,,,,,,,21.5958,104.8042,,,27.5167,,,,,,9.3000,,,,42.9417,,,,,,,,,,,,,,,,,,9.8375,,,99.3000,,,,,
77,55.5375,13.6458,,,,,,25.6292,102.3792,,,39.0833,,,,,,19.7000,,,,51.8292,,,,,,,,,,,,,,,,15.0292,,4.1375,,,85.5000,,,,1.1542,
78,53.2000,25.3083,,,,,,22.8750,113.2208,,,25.0708,,,,,,8.8000,,,,60.1250,1.5292,,,,,,,,,,0.7958,,,,,10.9875,,1.8792,,,103.1000,0.2000,,,,
79,56.1000,28.7917,,,,,,20.9250,112.8083,,,23.5750,,,,,,16.5000,,,,55.5792,25.2958,,,,,,,,,,,,,,,,,,,,101.4000,,,,,
80,65.9375,18.9333,,,,,,42.9625,80.3750,,,21.6042,,,,,,,,,,42.0292,33.0375,,1.5792,,,,,,,,,,,,,,,,,,107.8000,,,,1.1625,
81,68.1958,2.1167,,,,,,35.1000,64.8333,,,7.2292,,,,,,15.8000,,,1.3958,35.9167,18.3292,,25.2917,,,,,,,,,,,,,,,,,,106.6000,,,,,
82,67.7042,,,12.5667,,,,17.6583,55.6458,,,2.6750,,,,,,4.6000,,,1.2458,35.4083,21.5042,,27.1458,,,,,,,,,,,,,,,,,,105.7000,,,,1.1583,
83,62.5833,,,15.5708,,,,32.5917,42.8417,,,,,,,,,14.4000,,,,36.6625,32.0500,0.5875,3.9875,,,,,,,,,,,,,,,,,,91.1000,,,,,
84,58.5208,9.4875,,19.8417,,,,30.3167,48.0583,,,13.9750,,,,,,,,,,33.3000,25.0917,7.5708,16.9833,,,,,,,,,,,,,,,,,,85.6000,6.9000,0.1333,,1.1583,
85,53.6167,11.3875,,14.9042,,,,20.3000,41.3208,9.3333,,9.6125,,,,,,,,,,38.2458,18.2917,6.1750,17.3750,,,,,,,,,,,,,0.9000,,,,,80.5000,6.9000,,,,
86,61.2958,10.1250,,26.3583,,,,,36.3917,9.5792,,12.9458,,,,,,13.7000,,,,15.3833,26.0792,13.3708,41.0750,,,,,,,,20.3458,,,,,12.7833,,,,,75.3000,6.9000,,,,
87,66.0000,12.3500,,36.5958,,,,9.0667,20.0708,9.5875,,31.4250,,,,,,,,,,6.0542,32.2833,,33.9792,,,,,,,,15.6167,,,,,7.5417,,,,,75.1000,6.8000,,,1.1542,
88,65.5750,17.6000,,24.6792,,,,2.9083,31.0208,12.7875,,74.5042,,,,,,9.1000,,,,1.2833,24.9625,,1.5792,,,,,,,,17.6625,,,,,5.2958,,,,,80.2000,6.8000,,,,
89,61.6375,13.7833,,32.1417,,,,,37.1542,9.9708,,74.5958,,,,,,,,,,,12.2042,,0.7333,,,,,,,,9.5625,,,,9.4458,,,,,,82.1000,6.8000,,,1.1625,
90,61.1000,3.7208,,40.7208,,,,,44.6333,9.9292,,52.1833,,,,,,,,,,,17.3458,,,2.6750,,,,,,,3.4250,,,0.2333,19.9292,25.8250,,,,,80.2000,6.8000,,,,
91,53.3292,8.3417,,62.4958,,,,,49.4250,9.9583,,17.8500,,,,,,,,,,,11.6542,,,,,,,,,,,,,,50.6375,24.4958,,4.9750,,,86.8000,6.8000,,,,
92,49.1583,14.2042,,53.4000,,,,,46.1250,10.0125,,,,,,,,,,,,7.2542,8.3417,,13.7167,,,,,,,,0.0417,,,,57.4375,24.1458,,,,,84.4000,6.8000,,,0.0042,
93,52.1000,20.0375,,75.5292,,,,,48.9750,10.0000,,6.2208,,,,,,,,,,10.0000,,,27.5042,,,13.4458,10.1667,,,20.8375,19.8875,0.0208,20.1167,19.9958,64.2708,20.9667,20.1375,20.3000,20.2000,,82.4000,44.4000,39.1875,,35.0000,
94,45.8667,13.1667,,43.5833,,,,,49.6000,15.6875,,,,,,,,,,,,17.2250,,,27.6500,0.7583,,26.8292,20.3542,4.5500,,23.9458,19.8417,20.5542,20.2375,18.8083,51.1917,27.7583,20.3292,20.6625,20.2000,20.0000,78.7000,45.5000,40.2833,24.8750,33.8375,
95,54.0125,5.8333,,21.8542,,,,,47.7208,8.3333,,,,,,,,,,,,27.3542,,,30.6000,0.9808,,28.5167,20.1208,18.1826,,37.0167,20.0125,20.3917,20.2125,15.2042,65.2417,20.1292,20.2708,20.3542,20.1000,19.9000,73.8000,47.5000,42.1875,23.1917,35.6833,
96,57.0875,12.1458,,15.5167,,,,,50.5292,9.8208,,,,,,,,,,,,32.8792,,7.3000,60.1421,4.9625,,27.1458,19.3522,19.3208,,35.1542,20.1333,20.3250,20.2583,17.7958,64.5250,20.1625,20.4167,20.2083,20.2000,20.0000,69.7000,50.0000,41.9875,21.1250,38.9667,
97,59.9583,24.8708,,6.4375,,,,,30.5958,9.8292,,,,,,,,,,,,49.6125,,29.0542,31.8000,0.2750,,35.3000,20.0083,24.0958,,54.5542,20.1208,20.3292,20.5167,12.6708,54.8375,20.3375,20.2917,20.2125,20.2000,20.0000,68.4000,51.6000,41.8833,21.8667,38.6708,
98,60.4583,35.8083,,,,,,,12.9667,9.9542,,,,,,,,,,,,40.8435,,28.8625,32.3667,15.1208,,28.5875,20.6750,18.7917,,42.5708,20.0625,20.2750,20.5583,12.2500,44.5417,23.2417,23.7417,21.7792,20.2000,20.2000,77.3000,51.6000,44.6125,23.1833,37.6292,
99,59.7000,35.3333,,,,,,,3.7667,9.9000,,,,,,,,,,,,34.3000,,28.8833,31.6792,29.0125,,23.2333,20.6542,15.3083,,42.8750,20.1250,20.3208,20.5792,13.4792,42.3500,20.2833,23.7500,20.4750,20.2000,20.5000,78.3000,49.2000,58.0292,28.5458,36.0792,
100,57.0625,65.4708,,,,,,,31.2917,9.9000,,,,,,,,,,,,61.1292,11.2458,28.1667,33.2500,27.7042,,26.1833,26.2708,24.5250,,46.7750,20.1375,20.4083,20.5583,17.5333,40.3000,20.2667,20.3083,20.6583,20.2000,20.4000,72.3000,49.1000,85.6000,29.1917,33.9958,
101,41.1042,76.6542,,,,,,,15.1792,9.8250,,,,,,,,,,,,64.2042,22.3583,25.1458,33.5542,28.7458,,26.6125,19.7542,18.7083,,41.0958,20.0417,20.2875,20.3125,11.6917,33.1958,20.0292,20.4375,20.5625,20.1000,20.5000,68.7000,48.5000,57.9250,31.5625,34.0042,
102,45.5417,80.6667,,2.4208,,,,,16.9583,9.7583,1.1458,1.3292,,,,,,,,,,102.3583,22.6583,25.1208,34.2542,20.1000,,26.0167,20.2083,18.6917,,45.6125,20.0125,20.3333,20.3458,11.8208,34.5125,20.2542,20.2875,22.1875,20.2000,20.4000,62.8000,46.6000,45.8333,34.1000,32.3667,
103,53.5958,83.8792,,,,,,,25.9958,9.8208,2.2458,,,,,,,,,,,110.4208,22.3333,15.5208,35.1500,20.2375,,24.5458,20.2042,18.5042,,42.8083,19.9375,20.2583,20.3292,16.5375,28.9875,23.3500,20.3417,20.5458,20.2000,20.3000,60.5000,45.4000,41.6917,36.5875,30.0958,
104,58.2542,86.2000,,,,,,,25.5750,9.8375,,,,,,,,,,,,106.5417,23.6000,5.7250,35.2292,23.0750,,23.8375,25.5125,18.2500,,46.5208,19.8250,20.1375,20.4333,15.3625,26.9375,21.5167,20.3333,21.6125,20.3000,20.3000,50.8000,45.3000,42.3917,36.8000,27.9083,
105,64.8792,79.9500,,,,,,,23.0458,24.1417,,,,,,,,,,,,96.2167,28.0417,5.9125,35.2875,24.9500,,42.6875,20.5083,18.2292,,57.5583,19.9625,20.2292,20.4625,19.3417,21.4667,28.5792,19.9583,31.3417,20.2000,20.4000,38.8000,45.1000,42.0875,35.2792,28.3708,
106,59.7292,77.9083,,,,,,,23.5292,49.3417,,,,,,,,,,,,76.0958,25.2083,6.0125,35.1292,29.4625,,29.9833,15.0500,18.3792,,65.6208,19.9792,20.3542,20.4167,20.3042,20.0500,26.0542,19.9917,20.5500,20.2000,20.3000,31.7000,45.2000,42.3875,32.1417,27.3625,
107,67.7500,73.8083,,,,,,10.6125,21.3958,27.1542,3.6500,,,,,,,,,,,42.1042,28.1375,6.0167,35.3625,25.0417,,32.2292,20.3375,18.3167,,66.1250,19.8500,20.2875,20.5000,20.3292,21.0667,21.1167,20.1917,21.6000,20.2000,20.3000,46.0000,45.3000,42.2667,32.1458,28.0000,
108,66.9208,72.2292,,,,,,22.9125,18.3250,31.0042,1.7208,,,,,,,,,,,51.7333,28.2083,6.0125,35.1583,23.6875,,27.9792,20.3458,18.2667,,60.4958,19.9958,20.2250,20.3667,20.4542,24.9458,20.0500,20.1875,21.6042,20.2000,20.3000,52.0000,45.2000,41.8042,32.2083,27.7042,
109,65.2292,72.2667,,,,,,20.7167,9.5125,45.7833,,,,,,,,,,,,52.1000,28.2458,6.0167,33.8333,23.7225,,24.5750,20.0167,18.3042,,53.3333,19.9708,20.3000,20.4875,20.4333,32.9708,21.2125,20.3583,24.7583,20.2000,20.3000,53.8000,45.1000,41.5500,29.7625,30.5250,
110,61.8000,62.5125,,,,,,9.0958,7.5375,39.6500,,,,,,,,,,,,48.2250,42.3792,6.0125,33.3875,23.6375,,25.7125,25.4042,18.2833,,48.9042,19.9958,20.5833,20.4167,20.4625,35.8542,24.3750,20.4125,22.8583,20.2000,20.3000,55.3000,45.1000,50.0208,31.9958,32.0792,
111,60.1208,56.3542,,,,,,27.3083,3.5875,35.7458,,,,,,,,,,,,46.1750,56.1500,9.5042,32.5917,25.6792,,30.7000,20.5125,18.4250,,31.8417,19.9125,20.4958,20.4542,20.2417,37.7333,24.3833,20.4000,20.6167,20.3000,20.4000,61.4000,45.1000,64.9500,32.7750,30.5375,
112,68.5958,51.8417,,,,,,20.2792,2.0083,49.9000,,,,,,,,,,,,50.4792,51.3042,6.7333,32.5042,25.9292,,24.4083,15.3292,18.5458,,29.3333,19.9500,20.5500,22.3208,20.3417,38.4375,20.4042,20.3167,20.4042,20.3000,20.4000,54.3000,44.1000,70.9250,30.5958,28.9583,
113,77.9375,49.2250,,,,,,16.6583,10.6250,49.6750,,1.2458,,,,,,,,,,48.6083,51.6625,6.5125,33.3208,27.2792,,18.5583,20.3542,18.5958,,33.7000,19.9792,20.5125,33.0292,20.4208,30.2708,24.3083,20.2333,20.5042,20.4000,20.3000,54.0000,42.0000,68.4125,34.8708,29.1000,
114,81.2667,44.5167,,,,,,16.5958,19.7625,47.1542,,,,,,,,,,,,45.8167,51.6875,18.9792,34.3583,49.7042,,15.1375,25.5125,4.6250,,45.7667,19.9167,20.3333,36.2625,20.4583,26.4292,40.5667,20.2500,21.3458,20.3000,38.7000,57.5000,40.9000,66.7250,40.4083,29.1750,
115,80.5833,55.2417,,,,,,21.7875,20.8875,72.5708,,,,,,,,,,,,39.4750,50.0875,32.0625,51.2667,30.7417,,14.3750,20.5083,,,49.2500,19.8583,20.4083,21.1458,20.5542,25.0917,58.4167,20.4083,22.8250,20.4000,46.5000,58.6000,37.6000,68.0583,47.4167,30.4375,
116,79.4625,58.9609,,,,,,19.7417,23.2292,62.8333,,,,,,,,,,,,35.1458,57.3958,26.7458,45.1083,24.1583,,19.6375,15.3583,0.0083,,49.1167,20.0042,20.3875,20.4417,20.5167,27.0375,79.7208,20.2292,20.5500,20.3000,38.1000,56.7000,35.4000,51.9708,48.8667,31.1417,
117,91.4625,61.4333,,9.1333,,,5.3083,27.3792,39.7083,46.4875,,,,,,,,,,,,24.7083,48.2208,17.3417,48.8750,24.1708,,18.5125,20.8208,,,39.2125,19.9042,20.4375,20.4208,20.5625,24.5958,77.1333,20.2000,30.7458,20.3000,23.6000,52.1000,34.0000,50.2833,49.0375,30.7667,
118,85.9667,54.0875,,28.6083,,,8.9542,18.6708,40.5500,44.2208,,,,,,,,,,,,31.5917,51.3167,15.3708,47.4000,22.1625,,19.5458,26.1417,,,39.2333,19.7917,20.2833,20.4500,20.3750,21.7250,92.4625,20.2958,23.7958,20.3000,20.5000,48.3000,32.2000,46.0458,51.1292,29.7750,
119,73.6375,56.9375,,26.6875,,,5.3208,21.2792,34.5917,25.2958,,,,,,,,,,,,23.2708,61.1833,16.8375,34.4500,23.5042,,22.0583,20.5458,,,42.1667,19.9458,20.1958,20.4750,20.3458,20.2625,84.3833,20.3250,20.4667,20.3000,20.6000,35.7000,33.3000,44.9292,54.5167,30.1292,
120,69.5375,39.8917,,23.2304,,,12.2250,18.0333,40.0667,25.9417,,,0.1083,,,,,,,,,22.7750,50.3792,24.0042,33.4875,24.6167,,23.6708,20.5000,,2.6917,55.9625,20.0083,20.3667,20.4458,20.4042,20.1667,60.8708,20.2167,20.4625,20.4000,20.6000,41.0000,33.2000,42.0708,57.5042,35.4208,
121,67.2958,33.9000,,19.9583,,,25.1750,47.1042,37.9792,15.9458,,,,,,,,,,,,21.9833,56.6792,34.0292,34.4917,21.6292,,43.0500,20.5083,,,67.0333,19.9333,20.4292,20.4917,20.4875,20.1750,43.2125,20.2375,20.3875,20.2000,20.6000,34.7000,33.3000,41.6000,59.2250,41.6333,
122,66.4333,38.2667,,22.4167,,,38.8083,49.8000,24.9208,10.0042,,,,,,,,,,,,22.2208,41.5500,31.3375,34.4208,22.6292,,53.6500,15.7625,,3.8292,56.4333,19.9750,20.4167,20.5167,20.5625,20.0833,46.9167,20.3500,20.4375,20.1000,20.7000,46.1000,38.5000,41.2167,61.6833,51.4042,
123,80.6083,50.9500,,25.9125,,,43.7875,42.4375,19.4042,17.3708,,,,,,,,,,,9.9250,23.4250,36.2458,26.7042,34.4958,22.3667,,56.7667,20.7417,,,50.0917,20.0125,20.3500,20.4958,20.5208,20.2000,37.7708,20.3208,28.7667,20.0000,20.5000,33.7000,34.7000,41.3917,60.9417,51.6208,
124,73.2667,67.1167,,33.6750,,,39.1667,43.9958,22.5708,13.3167,,,,,,,,,,,20.7208,23.4667,40.7000,31.3208,34.2292,23.4250,,27.1583,25.4542,,,47.6042,19.9958,20.3167,22.7750,20.4667,20.1500,28.6583,20.2125,20.5667,20.3000,20.5000,22.2000,34.7000,41.6208,61.3792,48.8458,
125,67.7583,72.4458,,23.8292,,,15.3917,39.8417,21.2167,31.8083,,,,,,,,,,,21.7167,25.9792,30.0833,30.9500,34.1625,23.7875,,23.6208,20.4958,,,35.9417,19.8750,20.3458,20.3708,20.3333,20.0958,42.2208,20.1792,26.1917,20.3000,20.3000,41.9000,34.6000,41.2833,61.6542,45.3708,
126,70.4125,84.0208,,11.3625,10.1750,,4.0250,43.2500,37.5042,22.9625,34.5125,,,,,,,,,,21.7750,23.5833,27.4208,32.9458,34.6375,24.0375,,16.9583,15.1958,3.7500,,38.4125,19.9458,20.2208,20.6125,20.5708,20.1333,43.8750,20.2917,36.2333,20.3000,20.9000,72.3000,34.7000,41.4667,60.8542,45.2458,
127,60.3708,75.1125,,,2.1208,,,39.8917,46.5333,33.4500,27.7208,,,,,,,,,,23.5083,19.1333,37.4042,31.3333,34.4833,23.1000,,22.6500,20.3125,2.6167,3.1083,39.5750,19.9125,20.0958,20.6542,20.5417,20.2417,23.5167,20.2125,20.6500,20.2000,25.5000,78.8000,36.7000,40.5500,55.8625,47.3875,
128,67.4167,78.3375,,,,,,36.4000,40.8917,22.4458,,,,,,,,,,,27.4292,27.9125,39.0792,32.5083,34.5083,22.0167,,24.5958,20.3750,,,40.5083,19.8958,20.2833,20.5458,20.5000,23.7958,22.7333,19.3208,20.3125,20.3000,22.0000,79.8000,33.5000,40.7958,59.2125,53.5875,
129,75.3833,91.5000,,,,,,31.9417,22.5000,29.7917,,,,,,,,,,,22.0250,38.9917,37.4542,34.7458,34.7083,21.1875,,24.7667,20.4667,,6.2292,31.7875,19.8000,32.8042,20.5792,20.6042,24.3667,30.0667,18.4083,20.3208,20.2000,27.8000,76.5000,35.1000,42.0583,57.7083,49.0542,
130,72.1292,92.4250,,,,,,33.6625,11.2917,30.6125,,,,,,,,,,0.0625,21.8750,45.2792,46.7958,33.1125,33.5042,19.0292,,24.8583,25.6042,,6.1917,24.6958,19.7958,28.6208,20.4625,20.4792,20.0500,42.5750,20.3750,22.7458,20.2000,31.5000,74.0000,49.1000,41.6583,53.4333,44.6208,
131,95.1250,111.8875,,7.0250,,,,28.4125,3.7125,37.2333,,,,,,,,,,17.0750,24.8542,25.3208,63.6083,29.1958,33.6333,20.0542,,17.8750,20.5417,,13.4708,20.3292,19.7833,24.1750,20.3875,20.4792,20.0500,25.3250,20.3208,20.2292,20.2000,28.3000,76.0000,51.3000,41.8292,53.4458,41.2458,
132,111.1250,122.3625,,18.8958,,,,26.6583,,7.3000,,,,,,,,,,24.5042,21.7750,25.7417,62.7958,29.2042,35.2833,20.3708,,22.1458,15.7042,,4.0333,20.2917,19.7833,20.5292,20.6250,20.4958,22.2083,20.1375,20.3167,20.3208,20.2000,20.5000,87.7000,44.4000,41.6333,59.9750,37.8375,
133,110.6750,140.7583,,10.1542,,,,38.0750,,3.3333,,,,,,,,,21.0875,25.9750,21.7042,25.4875,68.2458,29.2875,35.3083,20.1500,,22.4042,20.7542,,1.4750,20.3542,19.8792,20.7000,20.2792,20.3792,34.8958,20.2500,24.6292,20.3833,20.4000,20.4000,91.2000,33.6000,42.8083,63.2417,36.9750,
134,108.7167,116.8708,,1.5250,,,,35.6833,,8.2375,,,,,,,,,47.3375,29.5708,21.7833,25.7542,86.8750,29.2125,35.3500,18.5542,,17.0208,25.5208,,,24.9042,19.7125,20.6792,20.4542,20.2625,49.9083,20.1583,29.7208,20.3333,20.3000,20.4000,81.8000,32.4000,41.2083,63.9458,39.2917,
135,118.8333,117.3792,,,,,,46.4375,,28.3583,,,,,,,,,61.0792,29.0250,21.8542,42.6292,83.8833,32.3917,35.1500,17.8833,,22.6792,20.5333,,,40.3792,19.6625,20.6042,20.4667,20.6750,84.0208,20.1833,24.4542,20.7125,20.2000,20.3000,68.3000,31.1000,45.0500,64.1333,43.7667,
136,130.7292,133.2250,,,,,,50.1000,,72.2125,,,,,,,,,71.0458,29.7708,21.9500,46.8625,86.8792,29.2542,36.0542,17.7958,,24.6458,15.3125,,7.6333,52.5167,19.7375,20.4958,20.6250,20.5042,111.3542,20.5167,22.8667,27.7625,20.3000,20.5000,59.2000,31.1000,46.2708,64.7708,47.4208,
137,145.7000,125.4375,,4.3333,,,,47.4000,,77.7583,,,,,,,,,81.2250,26.4292,21.7167,61.8500,101.9042,29.2125,35.3042,16.7208,,15.4750,20.4417,,37.9000,66.6667,19.6917,27.5708,20.6208,20.5833,97.5125,30.5667,20.5958,28.7708,20.3000,20.4000,50.9000,39.3000,46.0167,64.9333,53.2625,
138,142.7208,118.4500,,1.2167,,0.2708,,35.4292,,67.6042,,,,,,,,,74.1583,29.6875,22.1792,72.1333,101.1292,36.5208,34.9500,17.8167,,19.5167,25.5792,,35.7375,80.7208,19.7917,51.1667,20.6375,19.0500,83.7208,48.4417,26.7042,36.7917,20.5000,20.5000,41.5000,44.3000,56.8625,61.8542,57.1167,
139,139.2833,113.0625,,,,,,43.6500,,49.0208,,,,,,,,,78.4083,27.7042,24.2542,95.0958,83.7208,30.4500,35.2333,17.3208,,22.8583,20.4792,,33.6292,90.6083,19.8000,78.1583,31.4042,18.9750,64.6625,44.8125,24.8333,33.6250,20.5000,20.4000,36.6000,43.3000,47.6167,63.9292,56.6292,
140,118.8667,107.9333,,,,,,28.2083,,35.6250,,,,,,,,,65.3375,25.8375,27.3958,107.1208,85.0583,32.3375,35.3458,18.3375,,27.5083,15.4292,,48.6125,104.1167,19.7167,105.4083,59.1125,20.6000,55.7125,31.9708,20.7875,27.8125,20.4000,20.4000,33.3000,42.3000,41.9958,70.9458,53.3917,
141,104.6708,141.0750,,,,,,18.1333,,36.5417,,,,,,,,,65.2292,25.5667,27.4208,99.9083,69.0000,31.9167,34.7625,19.5417,,39.8750,20.4125,,51.6167,110.1708,19.8333,125.8000,51.7000,20.5750,60.2958,21.4792,20.6375,20.6042,20.4000,20.4000,42.0000,41.8000,39.9917,65.6250,47.3750,
142,98.6875,109.0750,,10.9375,,,4.2583,7.2458,,63.5333,,,,,,,,,67.0083,25.9208,27.3417,78.9833,66.6000,42.0333,44.2875,20.0292,,41.9833,25.6000,,39.9250,94.9917,19.7958,128.6333,36.9500,20.6667,61.2500,21.2792,20.4792,25.3875,20.3000,20.4000,44.5000,38.9000,40.0583,68.1208,43.0917,
143,74.9375,91.5208,,3.4583,,,,16.3667,,67.7208,,,,,,,,,54.1792,26.0583,27.3167,59.7625,55.2083,68.4167,34.9875,21.9625,,34.3833,20.4833,,37.1500,94.6750,19.6958,112.0042,43.1708,20.6208,74.8042,31.7583,20.4500,38.5875,20.4000,20.4000,43.7000,46.3000,40.3000,77.3458,40.4667,
144,81.2000,91.7833,,0.7875,16.5583,,,33.1583,1.1375,57.6125,,,,,,,,,29.3542,25.8833,27.3708,57.2667,75.2667,68.8458,42.3125,23.6292,,24.8292,20.5042,,30.3292,90.1917,19.7917,85.0333,56.8917,20.5625,77.2250,47.4250,20.4708,47.1833,20.5000,20.3000,52.2000,49.4000,47.6708,60.3458,39.5708,
145,79.2333,92.5083,,19.0333,34.1333,,,31.9833,3.3792,73.4042,,,,,,,,,2.1125,25.6208,19.8750,56.0833,62.2417,57.0708,56.1667,23.0333,,22.2500,30.6417,,15.8208,76.3750,19.9083,68.7167,57.0792,20.6333,85.2458,30.4500,26.0625,57.8417,20.4000,20.4000,68.3000,57.4000,41.1458,58.9542,38.1125,
146,79.8208,88.8917,,13.0167,24.3417,,6.3125,38.5167,15.9125,68.7792,,,,,,,,,9.5667,25.7083,19.8375,52.8542,56.4417,73.4000,78.7708,21.5917,,23.4458,53.8125,,13.9667,71.5208,19.8375,59.7125,56.5375,20.5125,95.7417,25.8458,20.4125,54.3583,20.3000,20.4000,63.1000,73.4000,40.9875,58.9292,39.2375,
147,63.4833,106.7250,,1.2208,24.2208,,18.4750,52.6542,35.6833,58.4083,,,,,,,11.9292,,40.3042,21.3625,6.2750,44.7458,39.3042,109.4000,84.6125,22.1000,,23.3917,61.4292,,4.6583,59.6208,19.8333,56.3875,52.9250,20.6167,91.1625,20.1917,20.3125,51.5750,20.4000,20.5000,56.7000,66.6000,41.0292,62.4417,44.1542,
148,65.3792,98.6208,,,21.8250,,20.5167,59.4458,56.4250,54.4708,,24.8583,,,,,,,19.7958,14.2917,6.3708,45.0875,30.9000,105.7542,58.8375,20.4875,,23.3125,62.9875,4.4375,2.6750,54.3833,19.9292,60.3625,54.3000,20.6292,72.0958,20.1958,20.3542,49.1083,20.3000,20.6000,49.9000,56.5000,41.1625,60.4750,44.7292,
149,67.2208,100.3167,,,4.9750,,20.4667,44.1042,67.8958,55.7333,,53.3625,,,,,,,13.0625,17.2417,6.4125,45.6042,49.2458,88.1500,57.9250,20.8208,,37.8083,77.8958,29.8750,,44.3708,19.8833,61.4000,57.2167,20.7750,61.5792,20.1333,20.2125,45.5833,20.4000,20.6000,51.5000,51.7000,41.1083,60.7083,44.5125,
150,75.3042,105.7542,,,,,18.7750,22.3333,62.6667,54.4250,,88.2000,,,,,,,9.2417,17.4750,6.5042,51.7125,43.3750,88.7750,71.5750,28.1083,,51.7250,91.9208,39.4583,,41.2000,19.7875,74.8667,64.8083,20.6792,51.7333,20.0708,20.0625,48.7375,20.5000,20.5000,58.4000,49.6000,42.3083,60.4167,42.9750,
151,80.8208,89.8000,,,,,15.9833,3.8083,66.9375,75.7042,,77.1833,,,,,,,,17.0417,6.4833,59.7125,57.3792,64.8542,68.7333,29.7750,,60.5458,114.2833,34.2250,4.9708,20.5958,19.9667,80.2833,76.7333,20.6750,51.0375,20.0542,20.1875,38.1458,20.3000,20.6000,73.4000,42.1000,45.8583,64.3000,43.3042,
152,94.5750,86.2375,,,,,33.2458,,59.8042,112.2917,19.9167,82.1750,,,,,19.4792,,,17.4167,10.8917,48.9458,64.3333,59.7083,65.5958,31.7875,,61.1000,96.4708,28.4083,11.1917,21.9708,19.8958,82.3000,75.3042,20.6958,44.3083,20.2958,20.1917,34.2292,20.3000,20.6000,85.7000,45.4000,49.9083,75.6833,44.5083,
153,104.9667,83.2583,,,,,24.3333,,60.6833,113.1167,19.2000,82.0917,,,,,,,9.9958,17.2500,10.0375,44.3083,72.8542,49.7958,70.4042,31.7750,,57.1500,72.1875,22.2292,8.0125,20.2375,19.6500,83.4208,63.8333,20.8417,45.3917,20.3292,20.2083,31.3208,20.4000,20.6000,87.6000,33.9000,49.2625,75.5375,48.2250,
154,124.2250,80.5292,,,,,10.4500,,58.0500,86.5667,5.8917,79.2958,,,,,,,14.6583,17.2583,11.4667,44.3375,71.8292,57.9917,60.2625,32.3500,,61.1375,55.6000,11.4125,1.5667,23.9125,19.7708,87.5750,43.2542,41.4250,59.6208,20.3875,20.4375,31.0000,20.4000,20.6000,80.7000,30.7000,48.2208,74.6458,53.8208,
155,127.9917,72.4875,,,,,18.8958,12.0750,45.0833,73.4417,,76.1000,,,,,,,3.6042,16.9500,13.3417,40.4958,73.2625,43.3708,58.9792,33.0250,,60.2958,43.2375,18.9000,,36.2542,19.7375,89.0000,40.4833,69.3750,50.9958,20.3917,20.1917,33.1375,20.2000,20.6000,77.4000,30.9000,48.6500,58.0500,56.9792,
156,116.0792,68.3875,,,,,6.1375,26.3708,38.8708,58.7583,,61.4208,,,,,,,,14.9875,18.1667,55.3542,81.1792,56.3708,56.4375,30.8958,,68.9250,30.0958,22.4583,,43.8917,19.7833,81.8792,40.0875,104.9167,50.0875,20.4875,20.1875,29.5583,20.1000,20.5000,80.5000,31.0000,46.9417,58.3625,56.7583,
157,119.6542,63.5625,,12.4875,,,39.3208,30.0500,34.1042,53.0167,,60.9875,,,,,,,,16.8042,24.9458,65.8875,83.3500,53.1333,51.0292,29.9667,,59.9375,27.0083,19.0125,10.9750,44.3250,19.8250,78.9000,49.6542,115.6375,52.7333,35.8333,20.1917,26.7917,20.3000,20.5000,73.5000,31.0000,45.5958,57.3333,55.0000,
158,128.3750,60.0542,,22.5167,,,66.6792,24.3917,34.0500,55.9625,,50.5958,,,,,,,,16.6583,15.5917,74.0500,82.9583,58.0292,44.4750,31.8250,,53.1375,24.4833,20.4792,16.8125,47.4333,19.8125,69.5542,61.3792,108.8458,77.5500,48.7333,20.1500,20.5333,20.2000,20.4000,65.0000,31.5000,42.6958,64.6083,45.5917,
159,135.4167,67.9708,,42.0083,,,63.6292,17.1792,39.2875,51.6750,,32.4708,,,,,,,8.7917,17.0375,11.7958,66.7250,89.7750,42.8875,59.4750,31.6500,,40.6083,26.0333,21.7417,,48.0292,19.9750,68.1333,48.1417,112.0792,99.4458,34.4792,20.2208,23.3333,20.2000,20.4000,65.4000,33.7000,39.7875,69.2083,39.2458,
160,123.9333,77.5208,,42.1083,,,91.8417,9.0042,29.6792,56.4750,,23.6375,,,,,,,0.0042,14.5083,7.5042,76.2417,77.1375,39.3125,42.7875,31.7208,,29.2333,31.2708,9.5167,2.9208,50.0333,19.8250,55.4292,29.4917,90.4917,97.1000,48.9708,20.2167,20.3625,20.2000,20.4000,65.0000,35.5000,40.0917,62.2667,36.3708,
161,115.1208,90.6167,,36.4958,,,108.2458,,34.5625,56.0083,,11.2292,,,,,,,,15.7500,6.5917,82.5000,75.9125,49.2667,36.6958,32.2792,,55.6875,31.0417,5.5708,,59.0917,19.8042,52.1750,20.6333,89.1542,86.4167,56.9000,20.1542,20.3292,20.1000,20.3000,58.7000,35.5000,40.4375,57.0000,34.4792,
162,105.0667,88.3292,,14.2167,,,75.3583,3.8250,43.6042,47.7750,,0.9750,,,,0.0708,,,,12.4083,6.5542,86.5250,98.8208,33.7417,31.9625,32.4792,,28.0125,25.8333,,,68.3083,19.7375,51.0958,20.5167,77.9417,71.9542,49.9875,20.1708,20.2917,20.3000,20.2000,47.4000,35.4208,41.3167,54.9000,38.3292,
163,101.7708,83.6250,,3.2542,,11.7667,55.4833,,39.1708,38.6167,,,,,,0.0708,,,,13.9583,6.6917,79.4167,89.1000,34.4333,35.4875,32.4458,,23.1083,20.7625,,,37.6417,19.8875,60.0125,20.8250,61.7667,70.2125,31.2000,20.1292,20.3750,20.2000,20.4000,37.5000,35.8875,40.9875,58.5708,34.0083,
164,108.5167,73.2292,,4.8667,,12.2042,69.3417,,38.0375,38.7583,,,,,,,,,,13.2375,6.2917,72.5833,84.8917,40.1542,33.0667,30.3708,,22.6250,20.1458,,,29.5292,19.8583,55.8583,20.7167,48.8083,72.5458,29.4042,20.1125,20.3417,20.3000,20.5000,38.9000,37.0000,40.3333,56.8917,29.5958,
165,113.0792,73.0292,,2.7375,,24.5958,86.8333,30.3708,23.4208,43.9583,,,,,,,,,,15.5917,6.8583,68.4625,87.3583,38.1208,36.1375,30.1542,,17.9917,20.3042,,,42.9083,19.8500,43.5625,20.7875,40.8750,77.9250,51.0708,20.2833,20.2417,20.5000,20.3000,43.1000,37.0000,40.7333,67.2875,30.8250,
166,107.1458,63.9417,,4.8250,,15.0292,61.4042,47.0958,9.8917,50.5792,,,,,,,,,0.9708,8.5958,9.3292,66.4208,100.8625,28.1625,41.1833,30.2542,,22.9208,20.8125,,,36.1833,19.8375,29.4125,20.6042,39.8667,78.5042,32.4667,20.2792,20.2625,20.4000,20.3000,38.2000,37.0000,41.7583,68.6875,34.5708,
167,111.7125,55.4458,,3.2167,,6.7958,40.1042,77.1625,13.3375,53.4792,,,,,,,,,,,13.0917,67.7542,84.0292,25.2625,51.8667,30.8792,,19.7875,20.8042,,,25.9167,19.8542,27.4875,20.5500,41.3375,74.5208,25.8917,20.4042,20.3042,20.6000,20.5000,30.3000,39.0000,41.4917,59.2917,33.4417,
168,111.0125,53.9375,,,,9.3792,18.7583,86.6958,3.7167,74.6458,,,,,,,,,,,12.5708,71.0708,83.4375,27.2542,55.9958,30.3417,,27.2708,20.3833,,,20.2292,19.9250,37.9542,20.5333,32.6167,63.3250,31.1042,20.4375,20.4167,20.6000,20.5000,35.0000,41.0000,41.1000,57.9292,28.8417,
169,99.5792,62.0917,,,,6.9167,18.0458,88.8458,,95.7958,,,,,,,,,,,12.8125,70.6458,75.5625,27.1792,59.2750,28.8167,,39.4875,20.2583,,,20.1958,19.8000,59.9625,20.7458,30.1583,50.3000,41.4125,20.2583,20.3542,20.4000,20.6000,36.7000,40.9000,41.4875,58.4917,26.5125,
170,91.2583,65.1583,,,,20.1583,5.2500,83.9500,,75.0250,,,,,,,,,,,17.8417,73.7625,66.0417,27.3833,63.7125,27.6292,,40.4542,20.4208,,0.0667,20.2958,19.8500,67.8333,20.7125,20.5792,44.7125,41.6125,20.3625,20.3375,20.4000,20.5000,32.4000,40.8000,41.3250,58.2458,23.5708,
171,115.9375,63.9250,,,,20.4958,45.2167,76.7417,,81.6375,,,,,,,,,,,22.2708,51.2708,68.1750,27.0750,61.0083,30.4083,,29.1125,10.0917,,39.2125,20.3292,19.8500,65.5792,20.6958,20.1875,51.7292,37.6083,18.6333,20.4958,20.3000,20.5000,37.7000,37.7000,41.8792,58.1750,23.0667,
172,107.8292,58.8750,,,,15.4708,43.0792,84.9417,,73.2292,,,,,,,,,,,22.2333,62.7208,58.5375,0.0208,48.8667,15.1000,,20.4250,,,23.3708,20.2208,18.1292,60.3208,18.8125,21.7792,48.0417,21.3458,18.5958,19.8083,18.3000,20.4000,35.1000,19.2000,18.5917,66.3958,18.1375,
173,102.4417,79.4833,,,,13.2875,12.8750,84.0792,,79.8583,,,,,,,,,,,11.1208,35.0583,55.0750,,49.8708,,,4.9125,,,18.1125,19.9625,18.2042,59.1458,18.7292,24.8917,56.5208,20.5167,18.5333,18.8125,17.7000,18.6000,33.7000,19.2000,18.4958,32.4208,18.2083,
174,102.2708,82.7333,,,,8.5875,3.2542,85.3333,,91.8500,,,,,,,,,,,,28.3583,46.1542,,45.9875,,,11.2875,,,33.9333,18.2250,18.0333,64.4292,18.8500,18.7208,70.1583,34.4542,18.5500,18.7750,17.4000,18.7000,27.6000,19.3000,18.5000,25.0167,18.1792,
175,103.4542,94.6167,,,,11.6167,5.0458,93.9667,,66.8708,,,,,,,,,,,,19.3042,22.9042,,43.6083,,,25.4458,,,37.6333,18.2417,18.1542,69.9083,18.7458,22.1208,80.1917,34.3167,18.4500,18.8208,18.1000,18.9000,19.6000,19.1000,18.4708,25.7708,18.1708,
176,88.8625,65.9167,,,,9.1125,,79.8583,,54.3875,,,,,,,,,,,,19.6042,1.6042,5.3458,39.1167,,,25.1958,,,23.2083,17.9667,18.1208,63.6917,18.6833,19.3042,71.7208,29.4167,18.5167,18.9542,18.2000,18.6000,23.4000,18.7000,18.4292,27.5083,18.1083,
177,88.5250,64.0917,,,,5.8958,,74.7208,,50.5000,,,,,,,,,,,,34.0167,6.3125,,44.2875,,,7.9792,,,28.0083,18.1542,17.6625,47.0833,18.7667,29.9792,62.5250,21.0708,18.4875,18.7542,18.2000,18.7000,18.3000,18.7000,18.3000,34.7250,17.5708,
178,90.3750,56.1833,,,,3.5958,,85.9833,,57.5417,,,,,,,,,,,,32.3083,2.2833,,27.4833,,,29.0375,,,20.9542,17.9500,18.2750,40.9125,18.7542,20.4917,53.2667,38.1292,18.4875,18.6083,18.1000,18.7000,18.3000,18.8000,18.5917,38.7208,17.9875,
179,83.0667,59.8000,,,,,,65.6708,,55.4625,,,,,,,,,,,,29.7542,10.4958,,21.9125,,,36.2708,,,18.7083,18.0958,18.1208,34.6083,18.7292,19.1458,48.5833,25.2208,18.5708,30.9333,18.1000,18.8000,18.2000,19.1000,18.9750,44.3625,17.9667,
180,77.3708,53.2958,,,,,,73.2667,,60.5083,,,,,,,,,,,,24.2625,4.7000,,9.8875,,,19.4708,,,33.8667,17.9875,18.2500,28.7708,18.8042,19.5250,51.6458,19.7000,20.2125,27.1708,18.0000,18.8000,18.4000,17.4000,19.0500,45.5708,17.8833,
181,72.1292,36.1333,,,,,,71.3042,,51.8417,,,,,,,,,,,,,,,9.3042,,,21.5042,,,40.0625,18.1708,18.1667,18.3125,18.6708,21.5042,73.9417,23.5167,18.4458,18.6208,18.0000,17.8000,18.3000,17.5000,18.9125,30.5250,17.8792,
182,50.9042,46.2625,,,,,,50.9292,,42.6375,,,,,,,,,,,,1.4375,,9.1083,6.9875,,,36.8750,,,24.2292,18.0583,18.0542,21.1042,18.6167,21.2042,75.7708,29.7250,18.4750,18.5750,18.2000,17.9000,18.2000,17.5000,18.8583,29.8542,17.8125,
183,56.7833,43.8625,,,,,,54.1000,,36.5750,,,,,,,,,,,,,5.9458,5.7500,1.9208,,,20.4667,,,29.7375,17.9583,18.0167,23.5500,18.7375,18.9958,42.1583,37.4333,19.8083,18.5125,15.8000,17.7000,18.3000,17.5000,18.8042,34.1542,17.8667,
184,72.7125,36.0500,,4.0375,,,,38.2458,,31.3625,,,,,,,,,,,,5.9500,5.9042,5.7750,,,,14.4208,,,21.1958,18.1958,18.0042,18.3083,18.8333,18.7667,38.2708,31.3125,20.0833,25.1458,12.1000,17.9000,18.4000,17.5000,18.8042,30.8917,12.4375,
185,66.5750,18.1542,,,,,,29.2500,,6.3083,,,,,,,,,,,,13.4583,5.9917,5.7667,,,,18.7083,,,18.3167,17.8458,17.9292,18.3417,18.8083,18.7667,34.4000,24.6292,18.1083,18.6375,10.1000,17.8000,18.4000,17.5000,18.8250,24.8917,13.0875,
186,67.1500,42.8000,,,,,,18.0458,,25.5833,,,,,,,,,,,,24.0417,5.9583,5.7167,,,,,,,30.0500,18.1167,17.8500,18.2958,18.7958,18.7083,45.3917,24.6125,19.0292,18.6042,10.1000,17.7000,18.4000,17.7000,18.8208,18.6167,10.9167,
187,66.0458,40.3375,,,,,,7.0292,,25.7458,,,,,,,,,,,,17.5292,1.7333,5.7167,,,,,,,21.4083,18.1542,18.1250,18.3292,18.6292,18.6792,46.5958,21.6250,18.6750,18.5750,11.9000,17.6000,18.6000,17.5000,18.7750,18.7250,11.1875,
188,57.4500,10.0458,,,,,,,,,,,,,,,,,,,,19.2625,,5.7917,,,,,,,33.0875,18.0083,18.2542,18.1750,18.7500,18.6167,39.5292,18.5625,18.6875,18.5875,12.0000,17.8000,18.7000,17.5000,18.8083,18.6125,9.9375,
189,69.0125,11.4500,,,,,,,,,,,,,,,,,,,,13.2792,2.8458,5.7417,,,,,,,32.1750,17.8083,17.9500,18.3500,18.6125,18.6958,34.0208,18.4208,18.6667,18.5417,14.5000,17.7000,18.7000,17.6000,18.8250,18.5333,10.0292,
190,55.5500,12.9667,,,,,,,,,,,,,,,,,,,,9.5667,,5.6958,,,,13.8208,,,21.2250,18.1042,18.0792,18.4000,18.5458,18.6833,27.5917,18.3792,18.7083,18.5250,15.1000,17.5000,18.6000,17.5000,18.8458,18.6000,11.3042,
191,56.2208,16.4667,,,,,,,,,,,,,,0.0708,,,,,,,,5.6500,,,,7.6042,,,18.3000,17.8958,17.9458,18.4000,18.5417,18.6625,26.2792,18.4042,18.4250,18.5417,18.0000,17.7000,18.6000,17.5000,18.8958,18.6000,8.6958,
192,40.2500,25.5583,,,,,,,,,,,,,,,,,,,,,4.1042,5.8083,,,,10.8958,,,24.6083,18.1833,17.7958,18.2333,18.4417,18.6333,21.2417,21.1917,18.3667,18.5792,17.5000,17.6000,18.5000,17.6000,18.8000,18.6375,9.7458,
193,32.1417,22.0292,,,,,,,,,,,,,,,,,,,,2.0667,1.8208,5.7833,,,,27.4792,,,28.4042,18.0875,17.7333,18.5167,18.6583,18.6708,18.5333,23.3667,18.4500,18.5042,17.0000,17.8000,18.4000,17.7000,18.8542,18.6333,9.4792,
194,24.2917,16.1792,,,,,,,,,,,,,,,,,,,,,4.1000,5.7833,,,,9.7417,,,18.9167,18.1917,17.7625,18.4292,18.8375,18.7167,18.5875,20.4042,18.0375,18.4458,16.4000,17.6000,18.1000,17.7000,18.8958,18.5208,10.0583,
195,21.6167,8.2833,,,,,,,,,,,,,,,,,,,,,1.7792,5.7792,,,,,,,27.1375,17.9292,17.8167,18.4208,18.6292,18.6500,18.6000,22.4167,14.9792,18.4042,8.1000,17.6000,18.1000,17.8000,18.8000,18.5833,11.3125,
196,12.1250,11.0750,,,,,,,,,,,,,,,,,,,,,5.4708,5.7625,,,,13.7708,4.4750,,17.8750,18.2042,17.8417,18.4458,18.7792,18.7083,18.4958,19.2250,21.8750,18.5292,6.8000,17.8000,18.2000,17.9000,18.7458,18.6417,10.1958,
197,23.3042,11.9708,,,,,,,,,,,,,,,,,,,,,7.6875,3.7542,,,,5.3958,,,18.9167,18.2625,17.7833,18.3917,18.7250,18.6833,19.8333,26.4833,23.0583,18.5417,8.1000,17.7000,18.0000,17.9000,18.7792,18.7917,6.9750,
198,1.3208,,,,,,,,,,,,,,,,,,,,,,5.8542,5.5875,,,,,,,24.1167,18.0792,17.6917,18.5042,18.6917,18.6667,18.5500,22.0458,18.3250,18.5042,11.8000,17.6000,18.1000,17.8000,18.7750,18.7167,6.9375,
199,,5.4958,,,,,,,,,,,,,,,,,,,,,2.8792,1.6292,,,,,,,17.7292,18.0792,17.1958,18.4625,18.8083,18.6542,18.5292,18.9083,18.2708,18.4750,12.3000,17.7000,18.1000,17.8000,18.4458,18.7042,6.9542,
200,,11.5750,,,,,,,,,,,,,,,,,,,,,,,0.6583,,,,,,25.8875,17.9208,16.4792,18.5250,18.7417,18.6125,18.4708,19.8042,17.3458,18.5000,12.5000,17.6000,18.2000,17.8000,18.4333,18.7750,8.1458,
201,,13.6333,,,,,,,,,,,,,,,,,,,,,2.5958,,,,,,,,19.9083,17.9167,17.8125,18.3500,18.8083,18.7417,18.5750,18.2208,18.1458,18.5042,10.5000,17.7000,18.1000,17.7000,18.4583,18.5875,8.0917,
202,,8.8833,,,,,,,,,,,,,,,,,,,,0.6667,1.9583,,,,,,,,25.5083,17.3333,16.7667,18.4542,18.7167,18.7292,18.6000,20.3333,14.9542,18.6417,11.2000,17.8000,18.1000,17.6000,18.5042,18.6417,6.9917,
203,,,,,,,,,,,,,,,,,,,,,,,4.0917,,,,,,,,21.3333,16.4500,14.3792,18.3833,18.7333,18.7125,18.4583,22.3792,12.9875,18.6417,13.8000,17.9000,18.1000,17.9000,18.4875,18.6208,7.6125,
204,,,,,,,,,,,,,,,,,,,,,,,5.8750,,,,,,,,22.8750,16.4167,15.4708,18.5833,18.6542,18.6500,18.4625,20.9875,15.0750,18.6875,12.5000,17.9000,18.1000,17.8000,18.4708,18.6625,7.9583,
205,,,,,,,,,,,,,,,,,,,,,,,5.9167,,,,,,,,17.5167,16.4875,14.7250,18.4917,18.6583,18.6167,18.4208,19.1042,16.4875,18.7458,11.7000,17.7000,18.1000,10.4000,18.4167,18.6625,5.8792,
206,,,,,,,,,,,,,,,,,,,,,,,2.0208,,,,,,,,15.9500,16.4917,14.4167,18.4333,18.5875,18.7750,18.7250,18.4083,13.3333,18.7000,8.6000,17.9000,18.1000,17.3000,18.4458,18.5208,6.8208,
207,,,,,,1.6833,,,,,,,,,,,,,,,,,,,,,,,,,20.7417,16.4750,14.4625,18.4417,18.6875,18.7208,18.8833,18.7458,14.5500,18.6708,7.0000,18.0000,18.1000,17.3000,18.4458,18.5292,6.3292,
208,,,,,,,,,,,,,,,,,,,,,,,4.2083,,,,,,,,15.0125,17.0125,16.9792,18.2708,18.7208,18.6542,18.7000,18.5042,9.4542,18.6667,10.0000,17.9000,18.1000,17.3000,18.4917,18.6125,8.6458,
209,,,,,,,,,,,,,,,,,,,,,,,6.1000,,,,,,,,19.7083,18.0292,15.9125,18.2542,18.5833,18.6833,18.6125,19.3125,8.1000,18.4792,8.9000,17.9000,18.1000,17.3000,18.3458,18.5208,11.8667,
210,,,,,,,,,,,,,,,,,,,,,,,1.1958,,,,,,,,21.1042,18.0083,14.6625,18.4625,18.5083,18.6500,18.7292,20.1167,7.5708,18.5250,11.3000,18.0000,18.1000,17.3000,18.3917,18.4542,10.6875,
211,,,,,,0.0250,,,,,,,,,,,,,,,,,3.9417,,,,,,1.8667,,23.7708,17.8000,16.6792,18.5500,18.7042,18.6333,18.6792,18.2792,13.2125,18.3708,9.9000,17.9000,18.1000,17.3000,18.3667,18.4000,12.0217,
212,,,,,,,,,,,,,,,,,,,,,,,5.8417,,,,,,,0.0542,16.9042,16.5583,15.8333,18.5292,18.7583,18.6750,18.6542,18.3625,9.9167,18.5250,12.8000,17.8000,18.1000,17.4000,16.7200,18.4333,10.6375,
213,,,,,,,,,,,,,,,,,,,,,,,1.7917,,,,,,,,20.1083,13.0958,17.9000,18.5708,18.7208,18.6583,35.7708,18.2750,6.9000,18.4417,12.5000,15.3000,18.0000,17.7000,18.6542,18.5708,14.6833,
214,,,,,,,,,,,,,,,,,,,,,,,,,,,,,,,19.0958,12.8792,14.9292,18.4833,18.7250,18.6625,46.1625,18.2792,6.9000,18.3958,13.1000,14.9000,18.1000,17.8000,18.7708,18.4333,12.0083,
215,,,,,,,,,,,,,,,,0.4779,,,,,,,,,0.3458,,,,,,16.3458,15.9417,14.4542,18.5208,18.7042,18.6250,47.4083,18.3000,8.7375,18.4417,15.1000,14.2000,18.1000,17.7000,18.8125,18.3833,15.1833,
216,,,,,,,,,,,,,,,,,,,,,,,,,,0.0125,,,,,14.4417,16.5417,13.4917,18.5917,18.7917,18.7042,44.3167,18.2375,7.1333,16.5917,12.9000,14.7000,18.0000,15.7000,18.8333,25.8167,15.4417,
217,,,,,,,,,,,,,,,,,,,,,,,,,0.0500,,,,,0.0333,17.4500,17.0042,13.3333,18.4792,18.6083,18.6833,35.4458,18.3083,10.2500,17.7583,13.8000,13.4000,18.0000,15.8000,18.7667,26.2083,16.2708,
218,,,,,,,,,,,,,,,,,,,,,,,,,,,,,,0.2333,21.4208,18.0792,14.6083,18.4000,18.7583,18.6250,35.6958,15.8792,12.8792,18.2375,12.1000,16.4000,18.1000,17.2000,18.6750,24.2167,13.7042,
219,,,,,,,,,,,,,,,,,,,,,,,,,0.5333,,,,,,19.9292,15.9958,13.4417,18.1583,18.8250,15.6208,34.9667,16.6833,12.9708,18.2625,10.2000,14.0000,18.1000,17.7000,18.3667,23.6250,12.1667,
220,,,,,,,,,,,,,,,,,,,,,,,7.7417,,,,,,,,16.5083,16.8292,13.2792,18.3042,18.8833,16.8500,35.1417,18.3083,12.8208,13.7625,6.6000,14.9000,18.1000,17.0000,18.3750,16.1375,14.1042,
221,,,,,,,,,,,,,,,,,,,,,,,,,0.0583,,,,,,17.2917,18.1375,13.3000,18.3042,18.6083,16.6417,31.8375,15.8083,12.6625,13.5583,7.1000,16.1000,17.0000,17.8000,17.9708,16.4250,15.8167,
222,,,,,,,,,,,,,,,,,,,,,,,,,1.3333,,,,,,15.5792,18.1375,13.1917,18.5500,23.9083,14.6292,26.8208,14.5542,15.8750,16.6792,9.6000,15.8000,17.9000,17.8000,14.8875,13.6042,15.4708,
223,3.9000,,,,,,,,,,,,,,,,,,,,,1.3917,,,0.7208,,,,,,14.1167,18.1250,13.1583,18.5667,23.7833,17.3208,19.2917,15.8250,12.3917,21.0000,8.9000,15.1000,18.1000,17.5000,13.0958,13.4000,10.9917,
224,0.4167,,,,,,,,,,,,,,,,,,,,,,,,1.3000,,,,,,11.5500,13.9625,12.8958,18.5583,23.9792,18.6792,21.7875,16.4500,14.7333,16.5375,11.5000,15.1000,18.1000,13.2000,18.9917,15.1000,13.7208,
225,,,,,,,,,,,,,,,,,3.1625,,,,,,,,0.9583,,,,,,11.5000,14.9000,11.3875,18.4042,24.3583,18.6333,22.6333,14.9167,16.0208,19.3208,13.2000,10.8000,18.1000,17.8000,20.8833,16.9833,12.6958,
226,,,,,,,,,,,,,,,,,3.4958,,,,,0.3750,,,0.5167,,,0.9542,,,11.5417,13.7750,10.5708,18.2542,19.8125,18.6375,18.5750,16.2750,16.0542,14.9708,8.5000,12.1000,18.3000,18.4000,18.4875,14.9208,10.2292,
227,,,,,,,,,,,,,,,,,0.2917,,,,,,,,0.9875,,,1.1250,,,11.1625,15.8000,11.3375,18.3792,16.7292,15.3250,28.0167,16.2833,16.0167,18.7542,11.6000,9.7000,18.3000,17.4000,18.3833,14.8500,6.9000,
228,,,,,,,,,,,,,,,,,,,,,,,,,0.3833,,,,,,9.9708,17.5792,10.3542,18.3542,16.8292,20.0583,30.3375,16.5333,15.7958,13.5708,7.1000,10.6000,18.2000,17.3000,17.3167,6.8917,6.9000,
229,,,,,,,,,,,,,,,,,,,,,,,,,0.4875,,,,,,13.4083,15.0833,9.8833,18.4250,17.5708,19.7958,30.0542,15.6667,13.9792,12.7167,6.2000,16.1000,16.5000,13.5000,12.9167,6.8875,9.0292,
230,,,,,,,,,,,,,,,,,,,,,,,,,1.3083,,,,,,11.0292,14.8625,9.2958,18.3292,18.8292,20.3250,18.4333,13.6250,7.0917,10.4750,6.4000,13.1000,14.1000,13.5000,12.3250,6.8958,7.0000,
231,,,,,,,,,,,,,,,,,,,,,,,,,,,,,,,7.9000,14.9458,8.3667,18.3208,18.6417,21.8583,22.5208,12.1750,10.6292,10.4542,6.4000,14.0000,15.4000,10.5000,12.6250,6.9000,6.9417,
232,,,,,,,,,,,,,,,,,,,,,,,,,,,,,,,9.2875,17.5625,14.4958,18.4208,18.4500,17.6792,18.4250,10.3792,10.0958,10.4833,6.4000,16.1000,15.4000,14.1000,17.5083,6.9000,7.0083,
233,,,,,,,,,,,,,,,,,,,,,,,,,,,,,,,7.7208,18.3000,16.3583,18.6167,18.5792,18.2417,18.4375,10.3750,11.0792,9.4958,5.8000,13.8000,14.7000,12.3000,18.5833,6.8833,7.0000,
234,0.9958,,,,,,,,,,,,,,,,,,,,,,,,,,,,,,9.6125,18.2792,18.0542,18.8125,18.5708,13.5958,18.4792,13.8500,9.7458,8.9167,4.8000,12.0000,17.2000,14.3000,16.2833,6.9000,7.0000,
235,,,,,,,,,,,,,,,,,,,,3.5458,,,,,,,,,,,8.0208,17.0000,13.7542,18.6458,18.6500,14.2208,18.5375,11.5708,8.6792,8.9250,5.8000,8.4000,16.4000,12.2000,12.0125,6.8875,7.0000,
236,,,,,,,,,,,,,,,,,,,,3.6875,,,,,,,,,,,6.8000,13.2333,9.8500,18.4000,17.8917,15.0292,18.4708,11.4292,7.7000,11.1333,8.2000,8.6000,17.3000,15.5000,12.3208,6.8917,7.0000,
237,2.5333,,,,,,,,,,,,,,,,,,,5.7250,,,,,,,,,,,8.1375,11.4333,9.8542,18.2292,16.2042,14.6792,18.4667,11.4333,9.8750,13.0583,4.0000,8.6000,15.3000,20.6000,13.7208,6.9000,7.0000,
238,4.8583,,,,,,,,,,,,,,,,,,,,,,,,,,,,,,8.4000,9.7333,9.9500,18.3667,16.8458,13.4625,18.6458,11.3500,12.4708,11.1792,3.9000,8.6000,14.7000,12.0000,16.6292,6.8833,6.9667,
239,0.1750,,,,,,,,,,,,,,,,,,,,,,,,,,5.6708,,,,8.4000,9.7583,9.9417,18.6125,17.9583,12.3333,18.6167,11.3167,12.1708,11.1833,6.8000,9.6000,16.3000,12.1000,13.6333,6.8792,6.9000,
240,,,,,,,,,,,,,,,,,,,,,,,,,,,7.3333,,5.1667,,8.4000,16.2500,9.8542,18.4917,18.5292,11.5542,18.4708,10.7708,12.6625,11.0625,7.8000,10.4000,15.7000,15.9000,13.5292,6.9000,5.5125,
241,,,,,,,,,,,,,,,,,,,,,,,3.4417,,,,1.3292,,5.5583,,14.6167,20.1792,9.0958,18.3750,12.9917,11.5292,18.4917,10.2167,11.4875,11.0417,6.7000,8.7000,15.4000,17.9000,11.7250,6.8833,6.9750,
242,,,,,,,,,,,,,,,,,,,,,,,,,,,0.0417,,,,13.8000,21.8708,8.2000,18.4458,13.6000,11.5417,18.5542,10.6792,12.3208,9.5583,6.3000,8.6000,17.6000,17.9000,11.8083,6.8958,7.0000,
243,,,,,,,,,,,,,,,,,,,,,,,,,,,,,,,11.5417,17.3125,8.1917,18.3417,10.8875,11.4917,18.5417,12.4500,12.2083,10.1917,6.3000,8.6000,18.3000,17.1000,11.7917,6.9000,6.9417,
244,,,,,,,,,,,,,,,,,,,,,30.5496,,,,,,,,,,3.8750,,0.0333,18.2542,0.2708,,0.0458,10.9500,0.0083,,,8.6000,3.4000,,,6.9000,,
245,,,,,,,,,,,,,,,,,,,,,,,,,,,,2.1958,,,,,,0.0208,,0.0042,,0.0667,,,,,3.4000,,,0.0042,,
246,,,,,,,,,,,,,,,,,,,,,,,,,,,,,,,,,,,,0.0042,0.0833,,7.1542,0.0083,,,3.5000,,,,,
247,,,,,,,,,,,,,,,,,1.7000,,,,,,,,,,,,,,,,,,,,,,5.5417,,,,3.3000,,,,,
248,2.1917,,,,,,,,,,,,,,,,,,,,,,,,,,,,,,,,0.5417,,,,,,2.9417,,,,3.6000,,,,,
249,,,,,,,,,,,,,,,,,,,,,,,,,,,,,,,,,,,,,,,2.7875,,,,3.5000,,,,,
250,,,,,,,,,,,,,,,,,,,,,,,,,,,,,,,,,,,,,,,6.2708,,,,3.3000,,,,,
251,,,,,,,,,,,,,,,,,,,,,,,,,,,,,,,,,,,,,,,7.7125,,,,3.4000,,,,,
252,,,,,,,,,,,,,,,,,,,,,,,10.9708,,,,,,,0.7792,,,,0.0042,,,,,7.7333,,,,3.3000,,,,,
253,,,,,,,,,,,,,,,,,,,,,,,11.1625,,,,,,,,,,,,,,,,3.2625,,,,3.5000,,,,,
254,,,,,,,,,,,,,,,,,,,,,,,,,,,0.3750,,,,,,,,,,,,3.3375,,,,3.4000,,,,,
255,,,,,,,,,,,,,,,,,,,,,,,,,,,,,,,,,,0.0250,,,,,2.8250,,,,3.5000,,,,,
256,,,,,,,,,,,,,,,,,,,,,,,,,,,,,,,,,,,,,,,0.5667,,,,3.3000,,,,,
257,,,,,,,,,,,,,,,,,,,,,,,,,,,,,,0.1125,,,,,,,,,,,,,3.4000,,,,,
258,,0.0167,,,,,,,,,,,,,,,,,,,,,,,,,,,,,,,,,,,,,,,,,3.5000,,,,,
259,,,,,,,,,,,,,,,,,,,,,,,2.3833,,,,,,,,,,,,,,,,,,,,3.5000,,,,,
260,,,,,,,,,,,,,,,,,,,,,,,3.4917,,,,,,,,,,,,,,,,,,,,3.4000,,,,,
261,,,,,,,,,,,,,,,,,,,,,,,,,,,,,,,,,,,,,,,,,,,3.4000,,,,,
262,16.7250,,,,,,,,,,,,,,,,0.2000,,,,,,,,,,,,,,,,,,,,,,,,,,3.2000,,,,,
263,3.5750,,,6.1958,,,,,,,,,,,,,,,,,,,,,,,,,,,,,,,,,,,,,,,3.4000,,,,,
264,,,,2.5125,,,,,,,,,,,,,,,,,,,,,,,,,,3.9458,,,,,,,,,,,,,3.5000,,,,,
265,0.2250,,,,,,,,,,,,,,,,,,,,,,,,,,,,,4.8167,,,,,,,,,,,,,3.4000,,,,,
266,,,,,,,,,,,,,,,,,0.0042,,,,,,2.5917,,,,,,,12.2167,,,,,,,,,,,,,3.5000,,0.3042,0.0042,,
267,4.8500,,,,,,,,,,,,,,,,,,,,,,,,,,,,,3.8625,,,,,,,,,,6.5833,,,3.5000,,,,,
268,0.4458,,,,,,,,,,,,,,,,,,,,,,,,,,,,,,,,,,,,,,,,,,3.5000,,,,,
269,,,,,,,,,,,,,,,,,,,,,,,,,,,,,,,,,,,,,,,,,,,3.5000,,,,,
270,,,,,,,,,,,,,,,,,0.0167,,,,,,,,,,,,,,,,,,,,,0.1750,,,,,3.5000,,,,,
271,,,,,,,,,,,,,,,,,,,,,,,,,,,,,,,,,,,,,,,,,,,3.4000,,,,,
272,4.0833,,,,,,,,,,,,,,,,,,,,,,,,,,,,,,,,,,,,,,,,,,3.3000,,,,,
273,,,,,,,,,,,,,,,,,,,,,,,,,,,,,,,,,,,,,,,,,,,3.5000,,,,,
274,1.9333,,,,,,,,,,,,,,,,,,,,,,,0.1417,,,,,,,,,,,,,,,,,,,3.5000,,,,1.6333,
275,,,,,,,,,,,,,,,,,,,,,,,,0.0708,,,,,,,,,0.3917,,,,,,,,,,3.5000,,,1.1625,,
276,,,,,,,,,,,,,,,,,,,,,,,,,,,,,,,,,,,,,,,,,,,3.5000,,,,1.7667,
277,,,,,,,,,,,,,,,,,,,,,,,,,,,,,,,,,0.3208,,,,,,,,,,3.5000,,,,,
278,,,,,,,,,,,,,,,,,,,,,,,,,,,0.4708,,,,,,,,,,,,,,,,3.5000,,,1.1583,1.4667,
279,,,,1.0667,,,,,,,,,,,,,,,,,,,,,,,,,,,,,,,,,,,,,,,3.5000,,,,,
280,,,,,,,,,,,,,,,,,,,,,,,,,,,,,,,,,,,,,,,,,,,3.5000,,,1.1667,1.6500,
281,,,,,,,,,,,,,,,,,,,,,,,,,,,,,,,,,,,,,,,,,,,3.5000,,,,,
282,,,,,,,,,,,,,,,,,,,,,,,,,,,,,3.4625,,,,0.3208,,,,,,,,,,3.4000,,,1.1792,,
283,,,,,,,,,,,,,,,,,,,,,,,,,,,,,2.6792,,,,,,,,,,,,,,2.2000,,,,1.7583,
284,,,,,,,,,,,,,,,,,,,,,,,,,,11.9958,,,,,,,,,,,,,,,,,,,,,,
285,,,,,,,,,,,,,,,,,,,,,,,,,,17.5167,,,,,,,0.7917,,,,,,,,,,,,,1.1917,1.8333,
286,,,,,,,,,,,,,,,,,,,,,,,,,,,,,,,,,,,,,,,,,,,3.5000,,,,,
287,,,,,,,,,,,,,,,,,,,,,,,,,,,,,,,,,,,,,,,,,,,3.5000,,,1.1708,1.7708,
288,,,,,,,,,,,,,,,,,,,,,,,,,,,,,,,,,,,,,,,0.0708,,,,3.5000,,,,,
289,,,,,,,,,,,,,,,,,,,,,,,,,,,,,,,,,,,,,,,,,,,2.2000,,,1.1625,,
290,,,,,,0.0042,,,,,,,,,,,0.0042,,,,,,,,,,,,3.2917,,,,,,,,,,,,,,3.1000,,,,1.6000,
291,,,,,,,,,,,,,,,,,,,,,,,,,,,,,,,,,,,,,,,,,,,3.5000,,,,,
292,,,,2.9083,,,,,,,,,,,,,,,,,,,,,,,,,,,,,2.6958,,,,,,,,,,3.5000,,,1.1708,1.7208,
293,,,,,,,,,,,,,,,,,,,,,,,,,,,,,,,,,,,,,0.2833,,,,,0.1000,3.5000,,,,,
294,,,,,,,,,,,,,,,,,,,,,,,,,,,,,,,0.0875,,,,,0.0125,,,,,,,3.5000,,0.0042,1.1792,1.5625,
295,0.1708,,,,,,,,,,,,,,,,,,,,,,,,,,,,,,,,,,,,,,,,0.1000,,3.5000,,,,,
296,,,,,,,,,,,,,,,,,0.0708,,,,,,,,,,,,,,,,,,,,,,,,,,3.6000,,,1.1583,,
297,,,,,,,,,,,,,,,,,,,,,,,,,,,,,,,,,,,,,,,,,,,3.5000,,,,1.7083,
298,,,,,,,,,,,,,,,,,,,,,,,,,,,,,,,,,,,,,,,,,,,3.5000,,,,,
299,,,,,,,,,,,,,,,,,,,,,,,,,,,,,,,,,,,,,,,,,,,3.5000,,,1.1583,1.6542,
300,,,,,,,,,,,,,,,,,,,,,,,,,,,,,,,,,,,,,,,,,,,3.5000,,,,,
301,,,,,,,,,,,,,,,,,,0.3542,,,,,,,,,,,,,,,,,,,,,,,,,3.5000,,,1.1583,1.8625,
302,,,,,,,,,,,,,,,,,,,,,,,,,,,,,,,,,,,,,,,,,,,3.6000,,,,,
303,,,,,,,,,,,,,,,,,,,,,,,,,,,,,,,,0.1833,,,,,,,,,,,3.7000,,,1.1667,,
304,,,,,,,,,,,,,,,,,,,,,,,,,,,,,,,,,,,,,,,,,,,3.3000,,,,1.8667,
305,,,,,,,,,,,,,,,,,,,,,,,,,,,,,,,,,,,,,,,,0.0833,,,3.5000,,,,,
306,,,,,,,,,,,,,,,,,,,,,,,,,4.9125,,,,,,,,,,,,,,,,,,3.5000,,,1.1500,1.7875,
307,,,,,,,,,,,,,,,,,,,,,,,,,,,,,,,,,,,,,,,,,,,3.4000,,,,,
308,,,,,,,,,,,,,,,,,,,,,,,,,,,,,,,,,,,,,,,,,,,2.9333,,,1.1583,1.7917,
309,,,,,,,,,,,,,,,,,,,,,,,,,,,0.2083,,,,,,,0.0042,,,,,,,,,3.3000,,,,,
310,,,,,,,,3.0292,,,,,,,,,,,,,,0.1083,,,,,0.4750,,,,,,,,,,,,,,,,3.5000,,,1.1500,,
311,,0.3333,,,,,,,,,,,,,,,,,,,,,,,,,0.3958,,,,,,,,,,,,,,,,3.5000,,,,1.4500,
312,,,,,,,,,,,,,,,,,,,,,,,,,,,0.7583,,,,,,,,,,,,,,,,3.5000,,,,,
313,,,,,,,,,,,,,,,,,,,,,,,,,,,0.6500,,,,,,,,,,,,,,,,3.4000,,,1.1750,0.8625,
314,,,,,,,,,,,,,,,,,,,,,,,,,,,,,,,,,,,,,,,,,,,3.5000,,,,0.8625,
315,,,,,,,,,,,,,1.6167,,,,,,,,,,,,,,,,,,,,,,,,,,,,,,3.5000,,,1.1625,1.4792,
316,,,,,,,,,,,,,,,,,,,,,,,,,,,,,,,,,,,,,,,,,,,3.5000,,,,0.8375,
317,,,,,,,,,,,,,,,,,,,,,,,,,,,,,,,,,,,,,,,,,,,3.5000,,,1.1625,0.8083,
318,,,,,,,,,,,,,,,,,,,,,,,,,,,,,,,,,,,,,,,,,,,3.4000,,,,0.8750,
319,,,,,,,,,,,,,,,,,,,,,,,,,,,,,,,,,,,,,,,,,,,0.6000,,,,,
320,,,,,,,,,,,,,,,,,,,,,,,,,,,,,,,,,,,,,,,,,,,3.4000,,,1.1583,,
321,,,,,,,,,,,,,,,,,,,,,,,,,,,,,,,,,,,,,,,,,,,3.4000,,,,,
322,,,,,,,,,,,,,,,,,,,,,,,,,,,,,,,,,,,,,,,,,,,3.5000,,,,,
323,,,,,,,,,,,,,,,,,,,,,,,,,,,,,,,,,0.2458,,,,,,,0.8417,,,3.5000,,,,,
324,,,,,,,,,,,,,,,,,,,,,,,,,,,,,,,,,,,,,,,,,,,3.4000,,,,,
325,,,,,,,,,,,,,,,,,,,,,,,,,,,,,,,,,,,,,,,,,,,3.4000,,,,,
326,,,,,,,,,,,,,,,,,,,,,,,,,,,,,,,,,,,,,,,,,,,3.5000,,,,,
327,,,,,,,,,,,,,,,,,,,,0.0708,,,,,,,,,,,,,,,,,,,,,,,3.4000,,,,,
328,,,,,,,,,,,,,,,,,,,,,,,,,,,,,,,,,,,,,,,,,,,3.5000,,,,,
329,,,,,,,,,,,,,,,,,,,,,,,,,,,,,,,,,,,,,,,,,,,3.6000,,,,,
330,,,,,,,,,,,,,,,,,,,,,,,,,,,,2.0583,,,,,,,,,,,,,,,3.5000,,,,,
331,,,,,,,,,,,,,,,,,,,,,,,,,,,,0.6167,,,,,0.0083,,,,,,,,,,3.5000,,,,,
332,,,,,,,,,,,,,,,,,,,,,4.4500,,,,,,,,,,,,,,,,,,,,,,3.6000,,,,,
333,,,,,,,,,,,,,,,,,,,,,11.3042,,,,,,,,,,,,,,,,,,,,,,3.5000,,,,,
334,,,,,,,,,,,,,,,,,,,,,8.1792,,,,,,,,,,,,,,,,2.1042,,,,,,3.4000,,,,,
335,,,,,,,,,,,,,,,,,,,,,6.0333,,,,,,,,,,0.2333,,,,,,,,,,,,3.5000,,,,,
336,11.8458,,,,,,,,,,,,,,,,,,,,3.6917,,,,,,,,,,0.4292,,,,,,,,,,,,3.4000,,,,,
337,27.9792,,28.1792,,,,,,,,,,,,,,,,,,,,,,,,,,,,,,,,,,,,,,,,3.4000,,,,,
338,19.7500,,25.2333,,,,,,,,,,,,,,,,,,,,,,,,,,,,,7.1125,,,,,,,,,,,3.4000,,,,,
339,18.1250,,7.7250,,,,,,,,,,,,,,,,,,,,,,,,,,,,,9.8000,,,,,,,,,,,3.4000,,,,,
340,16.3333,,1.0875,,,,,,,,,,,,,,,,,,0.6292,,,,,,,,,,,9.9000,,,,,,,,,,,3.4000,,,,,
341,11.0833,,0.3875,,,,,,,,,,,,,,,,,,5.2667,,,,,,,,,,,4.9792,,,,,,,,,,,3.4000,,,,,
342,42.1958,,5.7083,,,,,,,,,,,,,,,,,,3.2208,,,,,,,,,,,,,,,,,,,,,,3.4000,,,,,
343,57.9708,,8.6583,,,,,,,,,,,,,,,,,,,,,,,,,,,,,,,,,,,,,,,,3.4000,,,,,
344,38.7042,,4.8167,,,,,,,,,,,,,,,,,,,,,,,,,,,,,,,,,,0.4292,,,,,,3.4000,,,,,
345,41.8167,,,,,,,,,,,,,,,,,,,,0.0333,,,,,,,,,,,,,,,,,,,,,,3.4000,,,,,
346,41.8000,,,,,,,,,,,,,,,,,,,,44.5958,,,,,,,,,,,,,,,,,,,,,,2.3333,,,,,
347,50.7833,,,,,,,,,,,,,,,,,,,,61.8917,,,,,,,,,,,,,,,,,,,,,,3.4000,,,,,
348,51.7500,,14.5458,,,,,,,,,,,,,,,,,,24.5708,,,,,,,,,,,,,,,,,,,,,,3.4000,,,,,
349,44.0500,,27.6708,,,,,,,,,,,,,,,,,,11.3708,,,,,,,,,,,,,,,,,,,,,,3.4000,,,,,
350,12.8333,,38.4292,,,,,,,,,,,,,,,,,,,,,,,,0.0708,,,,,,,,,,,,,,,,,,,,,
351,2.5000,,21.4000,,,,,,,,,,,,,,,,,,,,,,,,,,,,,,,,,,,,,,,,,,,,,
352,,,22.6667,,,,,,,,,,,,,,,,,,,,,,,,,,,,,,,,,,,,,,,,,,,,,
353,,,10.4000,,,,,,,,,,,,,,,,,,0.0125,,,,,,,,,,,,,,,,,,,,,,,,,,,
354,,,9.7833,,,,,,,,,,,,,,,,,,6.8375,,,,,,,,,,,,,,,,,,,,,,,,,,,
355,,,5.0250,,,,,,,,,,,,,,,,,,4.7750,,,,,,,,,,,,,,,,,,,,,,,,,,,
356,,,5.1375,,,,,,,,,,,,,,,,,,4.0792,,,,,,,,,,,,,,,,,,,,,,,,,,,
357,,,,,,,,,,,,,,,,,,,,,,,,,,,,,,,,,,,,,,,,,,,,,,,,
358,,,,,,,,,,,,,,,,,,,,,,,,,,,,,,,,,,,,,,,,,,,,,,,,
359,,,,,,,,,,,,,,,,,,,,,,,,,,,,,,,,,,,,,,,,,,,,,,,,
360,,,,,,,,,,,,,,,,,,,,,,,,,,,,,,,,,,,,,,,,,,,,,,,,
361,,,7.7792,,,0.4542,,,,,,,,,,,,,,,,,,,,,,,,,,,,,,,,,,,,,,,,,,
362,,,3.8667,,,17.8542,,,,,,,,,,,,,,,,,,0.4292,,,,,,,,,,,,,,,,,,,,,,,,
363,,,7.0750,,,15.8833,,,,,,,,,,,,,,,,,,6.6708,,,,,,,,,,,,,,,,,,,,,,,,
364,,,5.7167,,,5.1875,,,,,,,,,,,,,,,,,,,,,,,,,,,,,,,,,,,,,,,,,,
365,,,5.5917,,,3.6792,,,,,,,,,,,,,,,,,,,,,,,,,,,,,,,,,,,,,,,,,,
366,,,,,,1.9125,,,,,,,,,,,,,,,,19.0667,,,,,,,,,,,,,,,,,,,,,,,,,,
Notes:
1975-2022 Lower Granite Daily Average Spill (KCFS)
Generated 07 Mar 2022 18:36:02 PST. DART Columbia Basin Conditions All Years www.cbr.washington.edu/dart/query/basin_conditions_hist.

"DART Data Citation. Columbia River DART, Columbia Basin Research, University of Washington. (2022). Columbia Basin Conditions All Years. Available from http://www.cbr.washington.edu/dart/query/basin_conditions_hist."
